ra,dec,ebv
1,-89,12.9403343200684
2,-89,12.8897876739502
3,-89,12.8399658203125
4,-89,12.7908058166504
5,-89,12.7453174591064
6,-89,12.7149314880371
7,-89,12.68359375
8,-89,12.6513090133667
9,-89,12.6180610656738
10,-89,12.5837631225586
11,-89,12.5485134124756
12,-89,12.5121269226074
13,-89,12.4746131896973
14,-89,12.4360122680664
15,-89,12.3963584899902
16,-89,12.3554649353027
17,-89,12.3134822845459
18,-89,12.2701892852783
19,-89,12.2258281707764
20,-89,12.1802921295166
21,-89,12.1335258483887
22,-89,12.0856704711914
23,-89,12.036548614502
24,-89,11.9863061904907
25,-89,11.9349641799927
26,-89,11.8824510574341
27,-89,11.8287935256958
28,-89,11.7741832733154
29,-89,11.7375555038452
30,-89,11.783766746521
31,-89,11.8499851226807
32,-89,11.9137096405029
33,-89,11.9748554229736
34,-89,12.0334882736206
35,-89,12.0895156860352
36,-89,12.1431217193604
37,-89,12.1942291259766
38,-89,12.2429752349854
39,-89,12.2892646789551
40,-89,12.3332138061523
41,-89,12.3749008178711
42,-89,12.4143114089966
43,-89,12.4515161514282
44,-89,12.4866342544556
45,-89,12.5196514129639
46,-89,12.5506610870361
47,-89,12.5797634124756
48,-89,12.606990814209
49,-89,12.6324443817139
50,-89,12.6561851501465
51,-89,12.6783409118652
52,-89,12.698935508728
53,-89,12.7181196212769
54,-89,12.735725402832
55,-89,12.7453165054321
56,-89,12.7547988891602
57,-89,12.7642459869385
58,-89,12.7736434936523
59,-89,12.7830352783203
60,-89,12.7925090789795
61,-89,12.8020057678223
62,-89,12.8116750717163
63,-89,12.8214616775513
64,-89,12.8314323425293
65,-89,12.8416414260864
66,-89,12.8521356582642
67,-89,12.8629207611084
68,-89,12.8740577697754
69,-89,12.8855752944946
70,-89,12.8974962234497
71,-89,12.9098644256592
72,-89,12.922779083252
73,-89,12.9361619949341
74,-89,12.9501724243164
75,-89,12.964747428894
76,-89,12.9800319671631
77,-89,12.9959411621094
78,-89,13.0134725570679
79,-89,13.0580940246582
80,-89,13.1033163070679
81,-89,13.1489877700806
82,-89,13.1950550079346
83,-89,13.2415046691895
84,-89,13.2883224487305
85,-89,13.3353624343872
86,-89,13.3826751708984
87,-89,13.4301862716675
88,-89,13.4778270721436
89,-89,13.5255537033081
90,-89,13.5733509063721
91,-89,13.6211929321289
92,-89,13.6689872741699
93,-89,13.7166996002197
94,-89,13.7643508911133
95,-89,13.8118228912354
96,-89,13.8591394424438
97,-89,13.9062166213989
98,-89,13.9530487060547
99,-89,13.9995956420898
100,-89,14.0458240509033
101,-89,14.0916767120361
102,-89,14.1371698379517
103,-89,14.1822319030762
104,-89,14.2268543243408
105,-89,14.2710208892822
106,-89,14.307222366333
107,-89,14.2987117767334
108,-89,14.2919311523438
109,-89,14.2870540618896
110,-89,14.2840156555176
111,-89,14.2828407287598
112,-89,14.2835426330566
113,-89,14.2861051559448
114,-89,14.2905807495117
115,-89,14.2969188690186
116,-89,14.3051662445068
117,-89,14.3152418136597
118,-89,14.3272609710693
119,-89,14.3410720825195
120,-89,14.3567819595337
121,-89,14.3742618560791
122,-89,14.3935832977295
123,-89,14.4146404266357
124,-89,14.4375276565552
125,-89,14.4575233459473
126,-89,14.4433374404907
127,-89,14.4280471801758
128,-89,14.4117012023926
129,-89,14.3943405151367
130,-89,14.3760442733765
131,-89,14.3568725585938
132,-89,14.336877822876
133,-89,14.3161516189575
134,-89,14.2947511672974
135,-89,14.2727355957031
136,-89,14.2502202987671
137,-89,14.2272396087646
138,-89,14.2039356231689
139,-89,14.1803731918335
140,-89,14.1566362380981
141,-89,14.1327924728394
142,-89,14.1089925765991
143,-89,14.0852785110474
144,-89,14.0617895126343
145,-89,14.0386238098145
146,-89,14.0158786773682
147,-89,13.9936428070068
148,-89,13.9720478057861
149,-89,13.9512233734131
150,-89,13.8931741714478
151,-89,13.8311500549316
152,-89,13.7698745727539
153,-89,13.7093076705933
154,-89,13.6493711471558
155,-89,13.5900421142578
156,-89,13.5313024520874
157,-89,13.4730892181397
158,-89,13.4152784347534
159,-89,13.3579807281494
160,-89,13.3011054992676
161,-89,13.244481086731
162,-89,13.1882781982422
163,-89,13.1322202682495
164,-89,13.0764560699463
165,-89,13.0208425521851
166,-89,12.9653377532959
167,-89,12.9099273681641
168,-89,12.8546180725098
169,-89,12.7992115020752
170,-89,12.7438621520996
171,-89,12.7140598297119
172,-89,12.6911363601685
173,-89,12.6699829101563
174,-89,12.6506156921387
175,-89,12.633150100708
176,-89,12.6176710128784
177,-89,12.6042108535767
178,-89,12.5928516387939
179,-89,12.5836372375488
180,-89,12.5766448974609
181,-89,12.5719509124756
182,-89,12.5695896148682
183,-89,12.5696153640747
184,-89,12.5720558166504
185,-89,12.5769872665405
186,-89,12.5844440460205
187,-89,12.5945062637329
188,-89,12.6071710586548
189,-89,12.6224708557129
190,-89,12.640477180481
191,-89,12.6611633300781
192,-89,12.6956224441528
193,-89,12.7558727264404
194,-89,12.8157815933228
195,-89,12.8753757476807
196,-89,12.9306888580322
197,-89,12.9776887893677
198,-89,13.0252275466919
199,-89,13.0732336044312
200,-89,13.1216707229614
201,-89,13.1705961227417
202,-89,13.2199745178223
203,-89,13.2697048187256
204,-89,13.3198957443237
205,-89,13.3704433441162
206,-89,13.4213542938232
207,-89,13.4726104736328
208,-89,13.5242576599121
209,-89,13.5762233734131
210,-89,13.6284103393555
211,-89,13.6809253692627
212,-89,13.7337675094604
213,-89,13.7868022918701
214,-89,13.8400917053223
215,-89,13.8935823440552
216,-89,13.9473094940186
217,-89,14.001181602478
218,-89,14.0552444458008
219,-89,14.0930585861206
220,-89,14.1181030273438
221,-89,14.1392631530762
222,-89,14.1566696166992
223,-89,14.1703968048096
224,-89,14.2115154266357
225,-89,14.2710580825806
226,-89,14.3318214416504
227,-89,14.3938121795654
228,-89,14.4568424224854
229,-89,14.5210027694702
230,-89,14.5862379074097
231,-89,14.6525049209595
232,-89,14.7198266983032
233,-89,14.7881422042847
234,-89,14.8573751449585
235,-89,14.9275712966919
236,-89,14.9987268447876
237,-89,15.070689201355
238,-89,15.1435813903809
239,-89,15.2172756195068
240,-89,15.2917156219482
241,-89,15.367000579834
242,-89,15.4429893493652
243,-89,15.5196495056152
244,-89,15.597017288208
245,-89,15.6749744415283
246,-89,15.7535619735718
247,-89,15.8327388763428
248,-89,15.8527050018311
249,-89,15.8619432449341
250,-89,15.8722715377808
251,-89,15.8836555480957
252,-89,15.8959131240845
253,-89,15.9089279174805
254,-89,15.9226398468018
255,-89,15.9369125366211
256,-89,15.9516324996948
257,-89,15.9666652679443
258,-89,15.9819402694702
259,-89,15.9973297119141
260,-89,16.0127220153809
261,-89,16.0280151367188
262,-89,16.0431175231934
263,-89,16.0579128265381
264,-89,16.0722961425781
265,-89,16.086181640625
266,-89,16.0994606018066
267,-89,16.1120510101318
268,-89,16.1238555908203
269,-89,16.1347751617432
270,-89,16.1447315216064
271,-89,16.1536617279053
272,-89,16.1614379882813
273,-89,16.166561126709
274,-89,16.1686344146729
275,-89,16.1682834625244
276,-89,16.1652965545654
277,-89,16.1595764160156
278,-89,16.1510124206543
279,-89,16.1394653320313
280,-89,16.1248683929443
281,-89,16.1071243286133
282,-89,16.0860385894775
283,-89,16.0616416931152
284,-89,16.0338344573975
285,-89,16.0024909973145
286,-89,15.9675874710083
287,-89,15.9291067123413
288,-89,15.887001991272
289,-89,15.8412771224976
290,-89,15.791750907898
291,-89,15.7385740280151
292,-89,15.6816654205322
293,-89,15.6210603713989
294,-89,15.5567798614502
295,-89,15.4904670715332
296,-89,15.4480791091919
297,-89,15.405590057373
298,-89,15.3630075454712
299,-89,15.3203639984131
300,-89,15.2776737213135
301,-89,15.2349128723145
302,-89,15.192138671875
303,-89,15.1493501663208
304,-89,15.1065721511841
305,-89,15.0638027191162
306,-89,15.0210571289063
307,-89,14.9783878326416
308,-89,14.935751914978
309,-89,14.8932209014893
310,-89,14.8508033752441
311,-89,14.8085136413574
312,-89,14.761079788208
313,-89,14.7150278091431
314,-89,14.6703538894653
315,-89,14.6270217895508
316,-89,14.5850200653076
317,-89,14.5442476272583
318,-89,14.5046796798706
319,-89,14.4662628173828
320,-89,14.428918838501
321,-89,14.3925886154175
322,-89,14.3593854904175
323,-89,14.3373794555664
324,-89,14.3161277770996
325,-89,14.2956256866455
326,-89,14.2757978439331
327,-89,14.2566146850586
328,-89,14.2380409240723
329,-89,14.2199945449829
330,-89,14.2024536132813
331,-89,14.185357093811
332,-89,14.1686639785767
333,-89,14.1523094177246
334,-89,14.1362428665161
335,-89,14.1204233169556
336,-89,14.1047964096069
337,-89,14.0892744064331
338,-89,14.0738706588745
339,-89,14.0584726333618
340,-89,14.0430498123169
341,-89,14.0275468826294
342,-89,14.0119132995605
343,-89,13.9960889816284
344,-89,13.9562940597534
345,-89,13.8863792419434
346,-89,13.8164319992065
347,-89,13.7464656829834
348,-89,13.6765661239624
349,-89,13.6067409515381
350,-89,13.5401611328125
351,-89,13.4823513031006
352,-89,13.4251270294189
353,-89,13.3686170578003
354,-89,13.3127918243408
355,-89,13.2575607299805
356,-89,13.2030544281006
357,-89,13.1492023468018
358,-89,13.0959157943726
359,-89,13.043399810791
1,-88,12.8293390274048
2,-88,12.8749141693115
3,-88,12.9113006591797
4,-88,12.9381828308105
5,-88,12.9552793502808
6,-88,12.9624214172363
7,-88,12.9388380050659
8,-88,12.9059982299805
9,-88,12.8801765441895
10,-88,12.8615684509277
11,-88,12.850359916687
12,-88,12.8467359542847
13,-88,12.8508272171021
14,-88,12.862813949585
15,-88,12.8827877044678
16,-88,12.9108905792236
17,-88,12.9472007751465
18,-88,12.9918069839478
19,-88,13.0876426696777
20,-88,13.1844482421875
21,-88,13.2815961837769
22,-88,13.3790407180786
23,-88,13.4766426086426
24,-88,13.574577331543
25,-88,13.672679901123
26,-88,13.7709846496582
27,-88,13.8694009780884
28,-88,13.9679336547852
29,-88,14.0664663314819
30,-88,14.1650075912476
31,-88,14.2635183334351
32,-88,14.3339195251465
33,-88,14.3720226287842
34,-88,14.3593082427979
35,-88,14.325737953186
36,-88,14.271692276001
37,-88,14.1974325180054
38,-88,14.103401184082
39,-88,13.9898986816406
40,-88,13.8573884963989
41,-88,13.7062835693359
42,-88,13.537166595459
43,-88,13.3503017425537
44,-88,13.1465101242065
45,-88,12.9260959625244
46,-88,12.7580537796021
47,-88,12.761305809021
48,-88,12.7757587432861
49,-88,12.8010149002075
50,-88,12.8854484558105
51,-88,12.958065032959
52,-88,13.0193109512329
53,-88,13.0697021484375
54,-88,13.1097202301025
55,-88,13.1398944854736
56,-88,13.1607789993286
57,-88,13.1728897094727
58,-88,13.1862545013428
59,-88,13.2439060211182
60,-88,13.3066692352295
61,-88,13.3741474151611
62,-88,13.4459142684937
63,-88,13.5215873718262
64,-88,13.600757598877
65,-88,13.6829519271851
66,-88,13.7677631378174
67,-88,13.8548679351807
68,-88,13.9436893463135
69,-88,14.0339307785034
70,-88,14.0887889862061
71,-88,14.0176038742065
72,-88,13.9435586929321
73,-88,13.8671846389771
74,-88,13.7889089584351
75,-88,13.709282875061
76,-88,13.6287755966187
77,-88,13.5478973388672
78,-88,13.4671077728272
79,-88,13.3869295120239
80,-88,13.3077898025513
81,-88,13.2301874160767
82,-88,13.1545457839966
83,-88,13.1198196411133
84,-88,13.0901393890381
85,-88,13.0615205764771
86,-88,13.0339508056641
87,-88,13.0075836181641
88,-88,12.9823951721191
89,-88,12.9584140777588
90,-88,12.9356889724731
91,-88,12.9142580032349
92,-88,12.8942050933838
93,-88,12.8754978179932
94,-88,12.8582324981689
95,-88,12.8423881530762
96,-88,12.8483667373657
97,-88,12.87428855896
98,-88,12.8980922698975
99,-88,12.9196138381958
100,-88,12.9387044906616
101,-88,12.9552459716797
102,-88,12.9691047668457
103,-88,12.9801616668701
104,-88,12.988302230835
105,-88,12.9934453964233
106,-88,12.9891223907471
107,-88,12.9558229446411
108,-88,12.9182395935059
109,-88,12.8764457702637
110,-88,12.8302745819092
111,-88,12.779767036438
112,-88,12.7666368484497
113,-88,12.7951316833496
114,-88,12.8140544891357
115,-88,12.8232002258301
116,-88,12.8226070404053
117,-88,12.8123264312744
118,-88,12.7924556732178
119,-88,12.7628231048584
120,-88,12.7237033843994
121,-88,12.6752605438232
122,-88,12.6172857284546
123,-88,12.5502223968506
124,-88,12.5992565155029
125,-88,12.6725921630859
126,-88,12.7479696273804
127,-88,12.8253107070923
128,-88,12.9045553207397
129,-88,12.9855623245239
130,-88,13.0682392120361
131,-88,13.1524572372437
132,-88,13.2381000518799
133,-88,13.3250312805176
134,-88,13.4130926132202
135,-88,13.5021743774414
136,-88,13.5921277999878
137,-88,13.7201719284058
138,-88,13.8675718307495
139,-88,14.0180168151855
140,-88,14.1612787246704
141,-88,14.2960166931152
142,-88,14.4231910705566
143,-88,14.5436229705811
144,-88,14.6584529876709
145,-88,14.7686281204224
146,-88,14.8752689361572
147,-88,14.979305267334
148,-88,15.0536680221558
149,-88,15.0339002609253
150,-88,15.0167751312256
151,-88,15.0008583068848
152,-88,14.9846420288086
153,-88,14.9666805267334
154,-88,14.9454879760742
155,-88,14.9194583892822
156,-88,14.8871650695801
157,-88,14.8470726013184
158,-88,14.797456741333
159,-88,14.7856998443604
160,-88,14.8037948608398
161,-88,14.8108682632446
162,-88,14.8057479858398
163,-88,14.7872619628906
164,-88,14.7619934082031
165,-88,14.7422742843628
166,-88,14.7097425460815
167,-88,14.6636447906494
168,-88,14.6029491424561
169,-88,14.5355854034424
170,-88,14.494234085083
171,-88,14.4427471160889
172,-88,14.3807687759399
173,-88,14.3079423904419
174,-88,14.2239246368408
175,-88,14.1285552978516
176,-88,14.0212631225586
177,-88,13.9018812179565
178,-88,13.7702465057373
179,-88,13.6257610321045
180,-88,13.4749488830566
181,-88,13.3525476455688
182,-88,13.263500213623
183,-88,13.2092876434326
184,-88,13.1913986206055
185,-88,13.2111749649048
186,-88,13.269868850708
187,-88,13.3687896728516
188,-88,13.5089416503906
189,-88,13.6916732788086
190,-88,13.9176435470581
191,-88,13.9840221405029
192,-88,14.0060205459595
193,-88,14.0418863296509
194,-88,14.0921249389648
195,-88,14.156886100769
196,-88,14.2364082336426
197,-88,14.3309535980225
198,-88,14.4405117034912
199,-88,14.565203666687
200,-88,14.7054309844971
201,-88,14.8608522415161
202,-88,15.0159025192261
203,-88,14.9466104507446
204,-88,14.8591156005859
205,-88,14.753436088562
206,-88,14.629714012146
207,-88,14.5219278335571
208,-88,14.4324970245361
209,-88,14.3541860580444
210,-88,14.2870864868164
211,-88,14.2310991287231
212,-88,14.1861000061035
213,-88,14.1520299911499
214,-88,14.1287527084351
215,-88,14.1160898208618
216,-88,14.1155529022217
217,-88,14.1373777389526
218,-88,14.1549453735352
219,-88,14.1683406829834
220,-88,14.1362504959106
221,-88,14.0752296447754
222,-88,14.0212306976318
223,-88,13.9740877151489
224,-88,13.9335536956787
225,-88,13.8994407653809
226,-88,13.871509552002
227,-88,13.8495407104492
228,-88,13.8332633972168
229,-88,13.8224086761475
230,-88,13.8167514801025
231,-88,13.8159809112549
232,-88,13.7975072860718
233,-88,13.7461261749268
234,-88,13.6882953643799
235,-88,13.624306678772
236,-88,13.5545358657837
237,-88,13.4808330535889
238,-88,13.4118432998657
239,-88,13.3484735488892
240,-88,13.2901802062988
241,-88,13.2364635467529
242,-88,13.1868667602539
243,-88,13.1408042907715
244,-88,13.100154876709
245,-88,13.0588731765747
246,-88,13.0151653289795
247,-88,12.9691696166992
248,-88,12.9210290908813
249,-88,12.870813369751
250,-88,12.8187141418457
251,-88,12.7647924423218
252,-88,12.7092199325562
253,-88,12.6521120071411
254,-88,12.5935478210449
255,-88,12.5337600708008
256,-88,12.9349222183228
257,-88,13.4673194885254
258,-88,13.9969120025635
259,-88,14.5242195129395
260,-88,15.0504198074341
261,-88,15.5761289596558
262,-88,16.1028633117676
263,-88,16.6308364868164
264,-88,17.1613311767578
265,-88,17.6952533721924
266,-88,18.2332363128662
267,-88,18.7761192321777
268,-88,19.271915435791
269,-88,19.2939586639404
270,-88,19.3021659851074
271,-88,19.2948799133301
272,-88,19.2704906463623
273,-88,19.2274284362793
274,-88,19.1643028259277
275,-88,19.0796966552734
276,-88,18.9723224639893
277,-88,18.9141731262207
278,-88,18.871524810791
279,-88,18.8394641876221
280,-88,18.8181953430176
281,-88,18.808235168457
282,-88,18.8095779418945
283,-88,18.7753429412842
284,-88,18.7021770477295
285,-88,18.6118392944336
286,-88,18.504020690918
287,-88,18.3781051635742
288,-88,18.2340278625488
289,-88,18.0712985992432
290,-88,17.8899555206299
291,-88,17.6895618438721
292,-88,17.4702434539795
293,-88,17.2321815490723
294,-88,16.9749355316162
295,-88,16.699047088623
296,-88,16.404447555542
297,-88,16.0889472961426
298,-88,15.7278614044189
299,-88,15.3872060775757
300,-88,15.0666742324829
301,-88,14.7663097381592
302,-88,14.5257244110107
303,-88,14.4048585891724
304,-88,14.2967901229858
305,-88,14.2010087966919
306,-88,14.1173629760742
307,-88,14.0450944900513
308,-88,13.9838094711304
309,-88,13.9329919815063
310,-88,13.8920116424561
311,-88,13.860405921936
312,-88,13.8287620544434
313,-88,13.7906980514526
314,-88,13.7468757629395
315,-88,13.6975841522217
316,-88,13.6430435180664
317,-88,13.583384513855
318,-88,13.5189323425293
319,-88,13.449875831604
320,-88,13.3764514923096
321,-88,13.2990093231201
322,-88,13.2176294326782
323,-88,13.1327037811279
324,-88,13.1354370117188
325,-88,13.1609563827515
326,-88,13.1843528747559
327,-88,13.2059440612793
328,-88,13.2260475158691
329,-88,13.2449808120728
330,-88,13.2630596160889
331,-88,13.2806224822998
332,-88,13.2979946136475
333,-88,13.3155069351196
334,-88,13.3335180282593
335,-88,13.3510751724243
336,-88,13.3684520721436
337,-88,13.3860912322998
338,-88,13.4040393829346
339,-88,13.4223852157593
340,-88,13.4411897659302
341,-88,13.4604806900024
342,-88,13.4803686141968
343,-88,13.5008850097656
344,-88,13.5221166610718
345,-88,13.5406017303467
346,-88,13.5176639556885
347,-88,13.4845924377441
348,-88,13.4404850006104
349,-88,13.3843898773193
350,-88,13.3155040740967
351,-88,13.2329530715942
352,-88,13.1359834671021
353,-88,13.0236444473267
354,-88,12.8951625823975
355,-88,12.7496767044067
356,-88,12.6664724349976
357,-88,12.6643085479736
358,-88,12.673526763916
359,-88,12.7117824554443
1,-87,11.770941734314
2,-87,11.6119527816772
3,-87,11.4764471054077
4,-87,11.3671655654907
5,-87,11.2847461700439
6,-87,11.2299451828003
7,-87,11.2015361785889
8,-87,11.1711454391479
9,-87,11.1333847045898
10,-87,11.087947845459
11,-87,11.0346937179565
12,-87,10.9733257293701
13,-87,10.9035882949829
14,-87,10.8253059387207
15,-87,10.8766136169434
16,-87,11.0582513809204
17,-87,11.2310819625855
18,-87,11.3947982788086
19,-87,11.5492286682129
20,-87,11.6942338943481
21,-87,11.8296918869019
22,-87,11.9554567337036
23,-87,12.0693368911743
24,-87,12.146336555481
25,-87,12.1966867446899
26,-87,12.3048610687256
27,-87,12.3825702667236
28,-87,12.4269943237305
29,-87,12.4382886886597
30,-87,12.4167184829712
31,-87,12.3626689910889
32,-87,12.2763586044312
33,-87,12.2298183441162
34,-87,12.1772594451904
35,-87,12.3202524185181
36,-87,12.5756492614746
37,-87,12.7959480285645
38,-87,12.9817581176758
39,-87,13.1340589523315
40,-87,13.2534017562866
41,-87,13.3410663604736
42,-87,13.3977518081665
43,-87,13.4248762130737
44,-87,13.3922176361084
45,-87,13.4312992095947
46,-87,13.5136089324951
47,-87,13.6377143859863
48,-87,13.802303314209
49,-87,14.0061130523682
50,-87,14.2475366592407
51,-87,14.5252084732056
52,-87,14.3890438079834
53,-87,14.0556354522705
54,-87,13.7230606079102
55,-87,13.3916616439819
56,-87,13.0613698959351
57,-87,12.7323369979858
58,-87,12.4046401977539
59,-87,12.0782041549683
60,-87,11.973237991333
61,-87,11.9792766571045
62,-87,11.9787979125977
63,-87,11.9725189208984
64,-87,11.9611692428589
65,-87,11.9454135894775
66,-87,11.9259672164917
67,-87,11.903567314148
68,-87,12.0178241729736
69,-87,12.2074756622314
70,-87,12.402099609375
71,-87,12.6012296676636
72,-87,12.8043203353882
73,-87,13.0108461380005
74,-87,13.2203302383423
75,-87,13.4322032928467
76,-87,13.5936460494995
77,-87,13.7167348861694
78,-87,13.8411712646484
79,-87,13.9672241210938
80,-87,14.095308303833
81,-87,14.2257947921753
82,-87,14.3590431213379
83,-87,14.4953441619873
84,-87,14.608793258667
85,-87,14.6209650039673
86,-87,14.6342849731445
87,-87,14.6483860015869
88,-87,14.6629724502563
89,-87,14.6777334213257
90,-87,14.6923780441284
91,-87,14.7064876556396
92,-87,14.7198257446289
93,-87,14.7491683959961
94,-87,14.8047866821289
95,-87,14.8456897735596
96,-87,14.8706912994385
97,-87,14.8386363983154
98,-87,14.7654371261597
99,-87,14.6597270965576
100,-87,14.5200872421265
101,-87,14.3453149795532
102,-87,14.133828163147
103,-87,13.9065217971802
104,-87,13.6866655349731
105,-87,13.4636898040771
106,-87,13.2378196716309
107,-87,13.008918762207
108,-87,12.7775821685791
109,-87,12.543436050415
110,-87,12.3068265914917
111,-87,12.067964553833
112,-87,11.8400011062622
113,-87,12.0236711502075
114,-87,12.2690448760986
115,-87,12.7357091903687
116,-87,13.1958818435669
117,-87,13.6495752334595
118,-87,14.0966815948486
119,-87,14.5369577407837
120,-87,14.9704656600952
121,-87,15.397123336792
122,-87,15.8168725967407
123,-87,16.2242450714111
124,-87,16.5660514831543
125,-87,16.8491764068604
126,-87,17.0752105712891
127,-87,17.2455348968506
128,-87,17.3620128631592
129,-87,17.426586151123
130,-87,17.4802646636963
131,-87,17.7166004180908
132,-87,17.9338130950928
133,-87,18.0807685852051
134,-87,18.2229042053223
135,-87,18.3597965240479
136,-87,18.4911441802979
137,-87,18.6165008544922
138,-87,18.7358741760254
139,-87,18.8486576080322
140,-87,18.954776763916
141,-87,18.9757862091064
142,-87,18.9897785186768
143,-87,18.9966526031494
144,-87,18.9956550598145
145,-87,18.986120223999
146,-87,18.967700958252
147,-87,18.9400405883789
148,-87,19.002685546875
149,-87,19.1670360565186
150,-87,19.3228206634522
151,-87,19.4680042266846
152,-87,19.6011428833008
153,-87,19.7206039428711
154,-87,19.8248291015625
155,-87,20.191219329834
156,-87,21.1397533416748
157,-87,22.0540370941162
158,-87,22.9272804260254
159,-87,23.7524852752686
160,-87,24.5231056213379
161,-87,25.2322845458984
162,-87,25.6645450592041
163,-87,25.7244186401367
164,-87,25.8133029937744
165,-87,25.9384231567383
166,-87,26.106969833374
167,-87,26.3256378173828
168,-87,26.6014633178711
169,-87,26.2760257720947
170,-87,25.3705787658691
171,-87,24.5588283538818
172,-87,23.849308013916
173,-87,23.1939907073975
174,-87,22.4521160125732
175,-87,21.7231979370117
176,-87,20.9903602600098
177,-87,20.2872428894043
178,-87,19.6335067749023
179,-87,19.0317497253418
180,-87,18.4846897125244
181,-87,17.9950218200684
182,-87,17.5656471252441
183,-87,16.9876937866211
184,-87,16.3092918395996
185,-87,15.6466941833496
186,-87,15.0005855560303
187,-87,14.3715324401855
188,-87,13.7600584030151
189,-87,13.2775678634644
190,-87,13.16761302948
191,-87,13.3661117553711
192,-87,13.5314617156982
193,-87,13.6627359390259
194,-87,13.7593507766724
195,-87,13.8206167221069
196,-87,13.8459663391113
197,-87,13.8349027633667
198,-87,13.9545192718506
199,-87,14.166130065918
200,-87,14.4386529922485
201,-87,14.8053789138794
202,-87,15.2168426513672
203,-87,15.6727695465088
204,-87,16.1731491088867
205,-87,16.7182388305664
206,-87,17.2955570220947
207,-87,17.9475955963135
208,-87,18.7144393920898
209,-87,19.5953140258789
210,-87,19.6883106231689
211,-87,19.4034328460693
212,-87,19.0547866821289
213,-87,18.6432437896729
214,-87,18.1696281433105
215,-87,17.6347999572754
216,-87,16.7440795898438
217,-87,15.8598937988281
218,-87,15.0493936538696
219,-87,14.5505676269531
220,-87,14.0389175415039
221,-87,13.5146808624268
222,-87,12.9786348342896
223,-87,12.431097984314
224,-87,11.872857093811
225,-87,11.304370880127
226,-87,10.7259645462036
227,-87,10.5520677566528
228,-87,10.5459547042847
229,-87,10.525806427002
230,-87,10.4882507324219
231,-87,10.4342355728149
232,-87,10.3645515441895
233,-87,10.2802419662476
234,-87,10.1821479797363
235,-87,10.5089902877808
236,-87,10.8426666259766
237,-87,11.1793012619019
238,-87,11.5185670852661
239,-87,11.86048412323
240,-87,12.2049350738525
241,-87,12.5518646240234
242,-87,12.8672208786011
243,-87,13.0615177154541
244,-87,13.2719841003418
245,-87,13.4969148635864
246,-87,13.7344980239868
247,-87,13.9829769134521
248,-87,14.2406826019287
249,-87,14.5057249069214
250,-87,14.6930446624756
251,-87,14.7314252853394
252,-87,14.7763080596924
253,-87,14.8272323608398
254,-87,14.8841218948364
255,-87,14.9470157623291
256,-87,15.0157899856567
257,-87,15.0899705886841
258,-87,15.2386226654053
259,-87,15.5384855270386
260,-87,15.8416032791138
261,-87,16.147439956665
262,-87,16.4555625915527
263,-87,16.7704372406006
264,-87,17.0998077392578
265,-87,17.4446868896484
266,-87,17.8070678710938
267,-87,17.8585948944092
268,-87,17.855806350708
269,-87,17.8498973846436
270,-87,17.8394088745117
271,-87,17.8232402801514
272,-87,17.8002128601074
273,-87,17.7693576812744
274,-87,17.7294025421143
275,-87,17.6795501708984
276,-87,17.5208568572998
277,-87,17.3136520385742
278,-87,17.1030006408691
279,-87,16.8883666992188
280,-87,16.6688919067383
281,-87,16.444580078125
282,-87,16.2151184082031
283,-87,15.9799938201904
284,-87,15.7388944625855
285,-87,15.4919023513794
286,-87,15.3075351715088
287,-87,15.3923826217651
288,-87,15.4394102096558
289,-87,15.4479570388794
290,-87,15.4178552627563
291,-87,15.3487358093262
292,-87,15.2405319213867
293,-87,15.0931692123413
294,-87,14.9067115783691
295,-87,14.6812028884888
296,-87,14.4170761108398
297,-87,14.1145896911621
298,-87,13.9423084259033
299,-87,13.8848733901978
300,-87,13.926082611084
301,-87,13.9566326141357
302,-87,13.9766960144043
303,-87,13.9864807128906
304,-87,13.9862289428711
305,-87,13.9761562347412
306,-87,13.9565448760986
307,-87,13.9276723861694
308,-87,14.0292310714722
309,-87,14.1340389251709
310,-87,14.236759185791
311,-87,14.3374824523926
312,-87,14.436393737793
313,-87,14.5335464477539
314,-87,14.6291227340698
315,-87,14.7232704162598
316,-87,14.7541580200195
317,-87,14.6927614212036
318,-87,14.6295881271362
319,-87,14.5647821426392
320,-87,14.4984941482544
321,-87,14.4308280944824
322,-87,14.3619689941406
323,-87,14.2920322418213
324,-87,14.3084869384766
325,-87,14.4048376083374
326,-87,14.5047369003296
327,-87,14.6036682128906
328,-87,14.7019891738892
329,-87,14.7998371124268
330,-87,14.8976278305054
331,-87,15.0070724487305
332,-87,15.2689189910889
333,-87,15.5341491699219
334,-87,15.8045883178711
335,-87,16.0800476074219
336,-87,16.3304405212402
337,-87,16.5707473754883
338,-87,16.7990779876709
339,-87,16.5439910888672
340,-87,16.2203025817871
341,-87,15.9085502624512
342,-87,15.6111822128296
343,-87,15.3305864334106
344,-87,15.0692176818848
345,-87,14.8294763565063
346,-87,14.530179977417
347,-87,14.2220134735107
348,-87,13.9301643371582
349,-87,13.6558399200439
350,-87,13.4002370834351
351,-87,13.1648445129395
352,-87,12.9508066177368
353,-87,12.7808179855347
354,-87,12.6313915252686
355,-87,12.4912710189819
356,-87,12.3606786727905
357,-87,12.2399406433105
358,-87,12.1294269561768
359,-87,12.0293464660645
1,-86,9.73097896575928
2,-86,9.60823154449463
3,-86,9.60660076141357
4,-86,9.62281227111816
5,-86,9.59762859344482
6,-86,9.52986717224121
7,-86,9.41837120056152
8,-86,9.43900680541992
9,-86,9.4675407409668
10,-86,9.49955463409424
11,-86,9.53522491455078
12,-86,9.57460975646973
13,-86,9.64797878265381
14,-86,9.77051734924316
15,-86,9.86039638519287
16,-86,9.91726589202881
17,-86,9.94077205657959
18,-86,9.93055057525635
19,-86,9.89381790161133
20,-86,9.9328441619873
21,-86,10.0002403259277
22,-86,10.0830345153809
23,-86,10.078221321106
24,-86,9.98554611206055
25,-86,9.80503940582275
26,-86,9.60629177093506
27,-86,9.48569297790527
28,-86,9.42278099060059
29,-86,9.46539688110352
30,-86,9.46819305419922
31,-86,9.37093448638916
32,-86,9.17453193664551
33,-86,8.98225975036621
34,-86,8.83662700653076
35,-86,8.61577415466309
36,-86,8.66532325744629
37,-86,8.81230354309082
38,-86,8.90752410888672
39,-86,8.95192813873291
40,-86,8.94655418395996
41,-86,8.9214677810669
42,-86,8.94300842285156
43,-86,9.10825824737549
44,-86,9.22309398651123
45,-86,9.28897666931152
46,-86,9.30743312835693
47,-86,9.28010940551758
48,-86,9.20861148834229
49,-86,9.26694774627686
50,-86,9.34942054748535
51,-86,9.46150779724121
52,-86,9.68068504333496
53,-86,9.92284202575684
54,-86,10.1868619918823
55,-86,10.3710422515869
56,-86,10.5223731994629
57,-86,10.6738891601562
58,-86,10.8254222869873
59,-86,10.9768924713135
60,-86,11.1280250549316
61,-86,11.1679697036743
62,-86,11.1578969955444
63,-86,11.1446475982666
64,-86,11.1283760070801
65,-86,11.1092567443848
66,-86,11.0874891281128
67,-86,11.3240642547607
68,-86,11.6854858398438
69,-86,12.024416923523
70,-86,12.3404302597046
71,-86,12.6370449066162
72,-86,12.9177551269531
73,-86,13.3699779510498
74,-86,13.9354095458984
75,-86,14.5088024139404
76,-86,15.0869445800781
77,-86,15.6661710739136
78,-86,16.2431964874268
79,-86,16.3726139068604
80,-86,15.9981060028076
81,-86,15.6170330047607
82,-86,15.2267513275147
83,-86,14.8246803283691
84,-86,14.4083547592163
85,-86,14.003586769104
86,-86,13.8129577636719
87,-86,13.6277990341187
88,-86,13.4508647918701
89,-86,13.2931623458862
90,-86,13.2359018325806
91,-86,13.2060632705688
92,-86,13.4358577728272
93,-86,13.9318571090698
94,-86,14.4146213531494
95,-86,14.882942199707
96,-86,15.3355875015259
97,-86,15.7713985443115
98,-86,16.1893672943115
99,-86,16.5546875
100,-86,16.8562088012695
101,-86,17.161714553833
102,-86,17.4713935852051
103,-86,17.785285949707
104,-86,18.1036224365234
105,-86,18.4264392852783
106,-86,18.4349174499512
107,-86,18.1200466156006
108,-86,17.6775817871094
109,-86,17.2951717376709
110,-86,16.9739189147949
111,-86,16.7151374816895
112,-86,16.5195941925049
113,-86,16.3882694244385
114,-86,16.3215026855469
115,-86,16.316743850708
116,-86,16.2189464569092
117,-86,16.0706348419189
118,-86,15.9287815093994
119,-86,15.7933712005615
120,-86,15.6644306182861
121,-86,15.5418014526367
122,-86,15.4254875183105
123,-86,15.4013452529907
124,-86,16.0304775238037
125,-86,16.738224029541
126,-86,17.5231704711914
127,-86,18.382833480835
128,-86,19.3174896240234
129,-86,20.218017578125
130,-86,21.035623550415
131,-86,21.634744644165
132,-86,22.2148742675781
133,-86,22.7768478393555
134,-86,23.3214836120606
135,-86,23.8499336242676
136,-86,24.3629665374756
137,-86,24.743278503418
138,-86,25.0434265136719
139,-86,25.2786655426025
140,-86,25.4557552337647
141,-86,25.5810089111328
142,-86,25.6548175811768
143,-86,25.5101509094238
144,-86,25.3526649475098
145,-86,25.186637878418
146,-86,25.0166473388672
147,-86,24.8472118377686
148,-86,24.9139442443848
149,-86,25.2945613861084
150,-86,25.7113437652588
151,-86,26.1542339324951
152,-86,26.6139869689941
153,-86,26.9432277679443
154,-86,25.5406303405762
155,-86,24.1472663879395
156,-86,22.770565032959
157,-86,21.4172325134277
158,-86,20.0929374694824
159,-86,19.0823764801025
160,-86,18.2002143859863
161,-86,17.406005859375
162,-86,16.7131004333496
163,-86,16.1333770751953
164,-86,16.1878929138184
165,-86,16.5054264068604
166,-86,16.8214645385742
167,-86,17.131649017334
168,-86,17.4323120117188
169,-86,17.3492889404297
170,-86,16.902904510498
171,-86,16.3567199707031
172,-86,15.7007484436035
173,-86,14.9261074066162
174,-86,14.350245475769
175,-86,14.1257200241089
176,-86,13.8626251220703
177,-86,13.5373220443726
178,-86,13.1247129440308
179,-86,12.7771654129028
180,-86,12.7890338897705
181,-86,12.7495040893555
182,-86,12.6564140319824
183,-86,12.5075149536133
184,-86,12.3007259368897
185,-86,12.2475814819336
186,-86,12.2085475921631
187,-86,12.1839742660522
188,-86,12.1385354995728
189,-86,12.0254030227661
190,-86,11.8246440887451
191,-86,11.6427755355835
192,-86,11.5250101089478
193,-86,11.4724941253662
194,-86,11.4864311218262
195,-86,11.5678281784058
196,-86,11.4732313156128
197,-86,11.3923206329346
198,-86,11.3673906326294
199,-86,11.3915748596191
200,-86,11.4652442932129
201,-86,11.5886211395264
202,-86,11.7413368225098
203,-86,11.7731323242188
204,-86,11.7116384506226
205,-86,11.6749515533447
206,-86,11.6189317703247
207,-86,11.5438117980957
208,-86,11.5277986526489
209,-86,11.5602216720581
210,-86,11.5447769165039
211,-86,11.7225494384766
212,-86,12.2013959884644
213,-86,12.5637922286987
214,-86,12.8112373352051
215,-86,12.951642036438
216,-86,13.0185041427612
217,-86,13.0095911026001
218,-86,12.4102478027344
219,-86,11.7960481643677
220,-86,11.2110967636108
221,-86,10.6556434631348
222,-86,10.1287202835083
223,-86,9.6300687789917
224,-86,9.59349536895752
225,-86,9.65830707550049
226,-86,9.70048713684082
227,-86,9.7209587097168
228,-86,9.72073459625244
229,-86,9.70079803466797
230,-86,9.56226634979248
231,-86,9.43698978424072
232,-86,9.35234832763672
233,-86,9.30632591247559
234,-86,9.29679489135742
235,-86,9.31392860412598
236,-86,9.47639083862305
237,-86,9.63490581512451
238,-86,9.78346633911133
239,-86,9.92282485961914
240,-86,10.0537633895874
241,-86,10.2103834152222
242,-86,10.5691261291504
243,-86,10.9372882843018
244,-86,11.3137836456299
245,-86,11.6974925994873
246,-86,12.0873718261719
247,-86,12.3229532241821
248,-86,12.1981544494629
249,-86,12.0683069229126
250,-86,11.9345855712891
251,-86,11.7979927062988
252,-86,11.6597309112549
253,-86,11.6460275650024
254,-86,11.8297233581543
255,-86,12.011791229248
256,-86,12.1956176757813
257,-86,12.3845014572144
258,-86,12.5818328857422
259,-86,12.8211050033569
260,-86,13.135835647583
261,-86,13.447717666626
262,-86,13.7540416717529
263,-86,14.0520067214966
264,-86,14.3389949798584
265,-86,14.6123828887939
266,-86,14.6442155838013
267,-86,14.6511573791504
268,-86,14.6406555175781
269,-86,14.6106157302856
270,-86,14.5589866638184
271,-86,14.4838256835938
272,-86,14.4379062652588
273,-86,14.565128326416
274,-86,14.7092351913452
275,-86,14.8715171813965
276,-86,15.0531635284424
277,-86,15.2553796768188
278,-86,15.4746608734131
279,-86,15.7170114517212
280,-86,15.3650970458984
281,-86,15.0010585784912
282,-86,14.6593437194824
283,-86,14.3401374816895
284,-86,14.0441808700562
285,-86,13.771785736084
286,-86,13.5231666564941
287,-86,13.2990474700928
288,-86,13.6262912750244
289,-86,14.1760349273682
290,-86,14.7432231903076
291,-86,15.2812118530273
292,-86,15.7897357940674
293,-86,16.268741607666
294,-86,16.7179851531982
295,-86,17.1375617980957
296,-86,17.5273723602295
297,-86,17.8876781463623
298,-86,17.8255290985107
299,-86,17.6572551727295
300,-86,17.5118656158447
301,-86,17.3885650634766
302,-86,17.2866115570068
303,-86,17.205680847168
304,-86,17.1444835662842
305,-86,17.1515674591064
306,-86,17.2668399810791
307,-86,17.36789894104
308,-86,17.4548282623291
309,-86,17.5279159545898
310,-86,17.5874214172363
311,-86,17.6337089538574
312,-86,17.3933696746826
313,-86,17.0645542144775
314,-86,16.7295417785645
315,-86,16.3887996673584
316,-86,16.0429267883301
317,-86,15.6924514770508
318,-86,15.3768377304077
319,-86,15.1197357177734
320,-86,14.872838973999
321,-86,14.6349649429321
322,-86,14.4050951004028
323,-86,14.1820373535156
324,-86,14.1035785675049
325,-86,14.1359462738037
326,-86,14.169228553772
327,-86,14.2035121917725
328,-86,14.2390480041504
329,-86,14.2760791778564
330,-86,14.1743421554565
331,-86,14.0608730316162
332,-86,13.9468746185303
333,-86,13.8314228057861
334,-86,13.7135028839111
335,-86,13.6618633270264
336,-86,13.6921224594116
337,-86,13.7100563049316
338,-86,13.7130451202393
339,-86,13.6985130310059
340,-86,13.6551780700684
341,-86,13.442834854126
342,-86,13.2402839660645
343,-86,13.0497560501099
344,-86,12.8730869293213
345,-86,12.7121200561523
346,-86,12.6106986999512
347,-86,12.5450048446655
348,-86,12.5000619888306
349,-86,12.4244136810303
350,-86,12.2902059555054
351,-86,12.0637989044189
352,-86,11.7628936767578
353,-86,11.4698715209961
354,-86,11.1857528686523
355,-86,10.9113454818726
356,-86,10.6489410400391
357,-86,10.4802322387695
358,-86,10.3041925430298
359,-86,10.1207084655762
1,-85,14.9600877761841
2,-85,15.1888113021851
3,-85,15.1499013900757
4,-85,14.5513134002686
5,-85,13.9419593811035
6,-85,13.399938583374
7,-85,12.9274616241455
8,-85,12.6981315612793
9,-85,12.4261198043823
10,-85,12.0831861495972
11,-85,11.6683206558228
12,-85,11.4549551010132
13,-85,11.316409111023
14,-85,11.2027025222778
15,-85,11.1141471862793
16,-85,11.0511102676392
17,-85,11.1819543838501
18,-85,11.4284658432007
19,-85,11.5600986480713
20,-85,11.5897178649902
21,-85,11.5015687942505
22,-85,11.3812446594238
23,-85,11.3552370071411
24,-85,11.3141593933105
25,-85,11.3601198196411
26,-85,11.5805406570435
27,-85,11.8151636123657
28,-85,12.0312004089355
29,-85,12.2392015457153
30,-85,12.4390878677368
31,-85,12.8871278762817
32,-85,13.6763315200806
33,-85,14.5749282836914
34,-85,15.3208179473877
35,-85,16.0842514038086
36,-85,16.7797355651855
37,-85,15.7126960754395
38,-85,14.5860891342163
39,-85,13.4009037017822
40,-85,12.0063390731812
41,-85,10.8098754882813
42,-85,10.5196561813354
43,-85,10.5087566375732
44,-85,10.5793142318726
45,-85,10.7290201187134
46,-85,10.9552488327026
47,-85,10.9498510360718
48,-85,10.7983694076538
49,-85,10.6721668243408
50,-85,10.5701837539673
51,-85,10.4911546707153
52,-85,10.4799308776855
53,-85,10.3849058151245
54,-85,10.1729707717896
55,-85,9.85001087188721
56,-85,9.42196273803711
57,-85,9.51541233062744
58,-85,9.74254131317139
59,-85,9.95379161834717
60,-85,10.1501302719116
61,-85,10.3325805664063
62,-85,10.9488229751587
63,-85,11.5557947158813
64,-85,12.1477174758911
65,-85,12.7260322570801
66,-85,13.2761039733887
67,-85,13.7736673355103
68,-85,14.3340730667114
69,-85,14.948691368103
70,-85,15.6088466644287
71,-85,16.0772075653076
72,-85,16.0013465881348
73,-85,15.8791580200195
74,-85,15.7200479507446
75,-85,15.5333862304688
76,-85,15.3926639556885
77,-85,15.3443565368652
78,-85,15.2988185882568
79,-85,15.2580938339233
80,-85,15.2245998382568
81,-85,15.5320310592651
82,-85,16.3151702880859
83,-85,17.0729084014893
84,-85,17.795467376709
85,-85,18.4736347198486
86,-85,18.8607482910156
87,-85,18.5906143188477
88,-85,18.306755065918
89,-85,18.0079460144043
90,-85,17.6937561035156
91,-85,17.3632431030273
92,-85,16.9724082946777
93,-85,16.6241645812988
94,-85,16.3274383544922
95,-85,16.0871696472168
96,-85,15.9080419540405
97,-85,15.9228630065918
98,-85,16.1894378662109
99,-85,16.4447402954102
100,-85,16.6884498596191
101,-85,17.0409202575684
102,-85,17.445384979248
103,-85,17.8577480316162
104,-85,18.1185817718506
105,-85,18.1968383789063
106,-85,18.0867309570313
107,-85,17.7830142974854
108,-85,17.2809104919434
109,-85,16.576042175293
110,-85,15.838454246521
111,-85,15.3126068115234
112,-85,14.8356437683105
113,-85,14.4082431793213
114,-85,14.030891418457
115,-85,13.7041130065918
116,-85,13.4280500411987
117,-85,13.4395275115967
118,-85,14.0395164489746
119,-85,14.6198463439941
120,-85,15.1806888580322
121,-85,15.722053527832
122,-85,16.244010925293
123,-85,16.746618270874
124,-85,17.2710475921631
125,-85,17.7969131469727
126,-85,18.2391700744629
127,-85,18.470874786377
128,-85,18.7276802062988
129,-85,19.3044567108154
130,-85,20.4561424255371
131,-85,21.6309757232666
132,-85,22.8281955718994
133,-85,24.0482521057129
134,-85,24.8351306915283
135,-85,23.7219619750977
136,-85,22.5623054504395
137,-85,21.3593521118164
138,-85,20.1168766021729
139,-85,18.9226760864258
140,-85,17.8858261108398
141,-85,17.0289611816406
142,-85,16.2243804931641
143,-85,15.4650440216064
144,-85,15.2948455810547
145,-85,15.3170146942139
146,-85,15.3395252227783
147,-85,15.3594837188721
148,-85,15.4938869476318
149,-85,15.8654403686523
150,-85,16.2159214019775
151,-85,16.5511951446533
152,-85,16.8659687042236
153,-85,16.5764446258545
154,-85,16.2802886962891
155,-85,15.9783058166504
156,-85,15.6714515686035
157,-85,15.3811359405518
158,-85,15.0784845352173
159,-85,14.7546863555908
160,-85,14.4066181182861
161,-85,13.561318397522
162,-85,12.4498920440674
163,-85,11.2812242507935
164,-85,10.1160316467285
165,-85,9.60819244384766
166,-85,9.45493221282959
167,-85,9.27972793579102
168,-85,9.08038902282715
169,-85,9.12849426269531
170,-85,9.35095119476318
171,-85,9.47467231750488
172,-85,9.49234867095947
173,-85,9.63109874725342
174,-85,10.0436725616455
175,-85,10.4814872741699
176,-85,10.9470319747925
177,-85,11.2736682891846
178,-85,11.3377895355225
179,-85,11.5815677642822
180,-85,11.8770236968994
181,-85,12.1565370559692
182,-85,12.1563739776611
183,-85,12.1123161315918
184,-85,12.0226917266846
185,-85,11.8859205245972
186,-85,12.5927963256836
187,-85,13.35657787323
188,-85,13.9329500198364
189,-85,14.3433589935303
190,-85,14.6830673217773
191,-85,15.4275970458984
192,-85,16.6427536010742
193,-85,18.3371105194092
194,-85,20.0242366790771
195,-85,19.993013381958
196,-85,20.1311836242676
197,-85,20.4414501190186
198,-85,20.9253826141357
199,-85,21.6957187652588
200,-85,23.2651519775391
201,-85,23.896656036377
202,-85,23.8653202056885
203,-85,23.375373840332
204,-85,21.7124309539795
205,-85,19.8178119659424
206,-85,18.4628524780273
207,-85,18.029411315918
208,-85,17.5859928131104
209,-85,16.9976711273193
210,-85,16.3066730499268
211,-85,15.9527912139893
212,-85,15.5562210083008
213,-85,14.9651517868042
214,-85,14.2899560928345
215,-85,13.5069265365601
216,-85,12.8498468399048
217,-85,12.5332260131836
218,-85,12.2536373138428
219,-85,11.8410806655884
220,-85,11.2986917495728
221,-85,10.629789352417
222,-85,10.5892200469971
223,-85,10.9102849960327
224,-85,11.2526006698608
225,-85,11.6146411895752
226,-85,11.9957265853882
227,-85,11.9553537368774
228,-85,11.77490234375
229,-85,11.5400552749634
230,-85,11.3478269577026
231,-85,11.2120666503906
232,-85,11.0995292663574
233,-85,10.89967918396
234,-85,10.6170024871826
235,-85,10.2560691833496
236,-85,9.93942642211914
237,-85,9.68564319610596
238,-85,9.37209701538086
239,-85,9.0032958984375
240,-85,8.58384037017822
241,-85,8.66437244415283
242,-85,8.8392333984375
243,-85,9.0148286819458
244,-85,9.19106960296631
245,-85,9.38201332092285
246,-85,9.64704132080078
247,-85,9.94127559661865
248,-85,10.2594871520996
249,-85,10.5966606140137
250,-85,10.725606918335
251,-85,10.6299266815186
252,-85,10.5104465484619
253,-85,10.3742723464966
254,-85,10.2286386489868
255,-85,10.476354598999
256,-85,10.8567790985107
257,-85,11.2374687194824
258,-85,11.6166296005249
259,-85,11.9925470352173
260,-85,12.3615036010742
261,-85,12.7326488494873
262,-85,13.1079273223877
263,-85,13.488486289978
264,-85,13.8753042221069
265,-85,14.1277828216553
266,-85,14.3598527908325
267,-85,14.6104183197021
268,-85,14.8813953399658
269,-85,15.174503326416
270,-85,15.5693368911743
271,-85,15.9861106872559
272,-85,16.2793273925781
273,-85,16.4608192443848
274,-85,16.5235080718994
275,-85,16.4608516693115
276,-85,16.1112270355225
277,-85,15.6585674285889
278,-85,15.1261625289917
279,-85,14.5118398666382
280,-85,13.8133335113525
281,-85,13.0279865264893
282,-85,12.5243949890137
283,-85,12.610408782959
284,-85,12.7985544204712
285,-85,13.0406532287598
286,-85,13.3378124237061
287,-85,13.6908254623413
288,-85,14.0997543334961
289,-85,14.4992456436157
290,-85,14.8991041183472
291,-85,15.4600973129272
292,-85,16.1214485168457
293,-85,16.8247566223145
294,-85,17.5696334838867
295,-85,18.3559341430664
296,-85,19.1722373962402
297,-85,19.8980331420898
298,-85,19.9278430938721
299,-85,19.8234024047852
300,-85,19.6394348144531
301,-85,19.3774337768555
302,-85,19.0391159057617
303,-85,18.6264419555664
304,-85,18.4612998962402
305,-85,18.2865028381348
306,-85,18.0743942260742
307,-85,17.8676490783691
308,-85,17.657247543335
309,-85,17.389476776123
310,-85,17.024829864502
311,-85,16.6323299407959
312,-85,16.21360206604
313,-85,15.7705106735229
314,-85,15.3002882003784
315,-85,14.8170232772827
316,-85,14.3444890975952
317,-85,13.8821306228638
318,-85,13.4292697906494
319,-85,13.2819976806641
320,-85,13.6386528015137
321,-85,14.0474700927734
322,-85,14.5012178421021
323,-85,14.9925222396851
324,-85,15.4954710006714
325,-85,16.0031490325928
326,-85,16.5166091918945
327,-85,17.0317726135254
328,-85,17.4501495361328
329,-85,17.3648109436035
330,-85,17.2654914855957
331,-85,17.1555995941162
332,-85,17.0382633209229
333,-85,16.4266376495361
334,-85,15.6396198272705
335,-85,14.8766345977783
336,-85,14.147346496582
337,-85,13.620267868042
338,-85,13.390025138855
339,-85,13.1627435684204
340,-85,12.9382314682007
341,-85,12.711498260498
342,-85,12.3930406570435
343,-85,12.0725994110107
344,-85,11.749493598938
345,-85,11.4231948852539
346,-85,11.3505334854126
347,-85,11.311107635498
348,-85,11.2148160934448
349,-85,11.0569295883179
350,-85,11.1412677764893
351,-85,11.468994140625
352,-85,11.6894207000732
353,-85,11.8105163574219
354,-85,12.0107851028442
355,-85,12.3995561599731
356,-85,12.8506021499634
357,-85,13.3672876358032
358,-85,13.9525632858276
359,-85,14.3613548278809
1,-84,15.9730024337769
2,-84,16.1135597229004
3,-84,16.2201385498047
4,-84,16.0176811218262
5,-84,16.1065254211426
6,-84,16.3030738830566
7,-84,16.6097431182861
8,-84,16.9115734100342
9,-84,17.0743923187256
10,-84,17.0957908630371
11,-84,16.8401679992676
12,-84,16.6737594604492
13,-84,16.6738510131836
14,-84,16.8423023223877
15,-84,17.1814060211182
16,-84,16.7108974456787
17,-84,16.0801868438721
18,-84,15.3627233505249
19,-84,14.910080909729
20,-84,14.6697864532471
21,-84,14.4655771255493
22,-84,14.2894287109375
23,-84,13.8787174224854
24,-84,13.5402126312256
25,-84,13.16370677948
26,-84,12.6597709655762
27,-84,12.0289459228516
28,-84,11.782675743103
29,-84,11.923508644104
30,-84,12.0102910995483
31,-84,12.0211048126221
32,-84,11.9611864089966
33,-84,11.8171634674072
34,-84,11.7189521789551
35,-84,11.7804145812988
36,-84,11.9993982315063
37,-84,12.1528930664063
38,-84,12.0376539230347
39,-84,11.6805191040039
40,-84,11.3172922134399
41,-84,11.0150680541992
42,-84,10.6823358535767
43,-84,10.3483333587646
44,-84,10.0131816864014
45,-84,9.68278980255127
46,-84,9.73712348937988
47,-84,9.78185653686523
48,-84,9.73887157440186
49,-84,9.61148738861084
50,-84,9.86262798309326
51,-84,10.4338541030884
52,-84,10.998950958252
53,-84,11.4311017990112
54,-84,11.380672454834
55,-84,11.1156606674194
56,-84,11.0692043304443
57,-84,11.2294855117798
58,-84,11.3658084869385
59,-84,11.2330589294434
60,-84,11.0532073974609
61,-84,10.8167095184326
62,-84,10.7491054534912
63,-84,11.0785980224609
64,-84,11.3953008651733
65,-84,11.7005043029785
66,-84,12.1504068374634
67,-84,12.8881645202637
68,-84,13.6135692596436
69,-84,14.3285531997681
70,-84,14.9969959259033
71,-84,15.6142730712891
72,-84,16.292350769043
73,-84,17.0191459655762
74,-84,17.5843334197998
75,-84,17.3859901428223
76,-84,17.171688079834
77,-84,16.9452877044678
78,-84,16.7121620178223
79,-84,16.4935111999512
80,-84,16.2710247039795
81,-84,16.0433349609375
82,-84,15.8092002868652
83,-84,16.037036895752
84,-84,16.3204479217529
85,-84,16.5830593109131
86,-84,16.821985244751
87,-84,16.9417114257813
88,-84,17.0173187255859
89,-84,17.146858215332
90,-84,17.3389625549316
91,-84,17.6126708984375
92,-84,17.9949493408203
93,-84,18.3607597351074
94,-84,18.7083168029785
95,-84,19.036003112793
96,-84,19.3134479522705
97,-84,19.6005325317383
98,-84,19.9110412597656
99,-84,20.2344360351563
100,-84,20.5711784362793
101,-84,20.5933074951172
102,-84,20.3833465576172
103,-84,20.1335277557373
104,-84,19.8419456481934
105,-84,19.5069465637207
106,-84,18.9901828765869
107,-84,18.1768779754639
108,-84,17.213171005249
109,-84,16.0956401824951
110,-84,14.821195602417
111,-84,13.387469291687
112,-84,12.8091993331909
113,-84,12.9335613250732
114,-84,13.2313213348389
115,-84,13.4843978881836
116,-84,13.6924858093262
117,-84,13.8554639816284
118,-84,13.9975557327271
119,-84,14.1989145278931
120,-84,14.5391502380371
121,-84,15.0246686935425
122,-84,15.653811454773
123,-84,16.4242515563965
124,-84,17.124095916748
125,-84,17.696891784668
126,-84,17.8580856323242
127,-84,17.9198322296143
128,-84,17.9421443939209
129,-84,17.7278957366943
130,-84,17.5541038513184
131,-84,17.4193267822266
132,-84,17.3217239379883
133,-84,17.1358776092529
134,-84,16.7636947631836
135,-84,16.2496376037598
136,-84,15.5576438903809
137,-84,15.0796031951904
138,-84,14.887622833252
139,-84,14.7575311660767
140,-84,14.6849374771118
141,-84,15.0923519134522
142,-84,15.8082008361816
143,-84,16.5163803100586
144,-84,17.2196884155273
145,-84,17.7131996154785
146,-84,18.1856937408447
147,-84,18.6896057128906
148,-84,19.2820377349854
149,-84,20.3223686218262
150,-84,21.390287399292
151,-84,22.4764919281006
152,-84,22.6492233276367
153,-84,22.0729961395264
154,-84,21.4919185638428
155,-84,20.9154834747314
156,-84,20.4437637329102
157,-84,19.9514942169189
158,-84,19.4334411621094
159,-84,19.654354095459
160,-84,20.3164443969727
161,-84,20.8822631835938
162,-84,21.3213424682617
163,-84,21.5963745117188
164,-84,21.7761535644531
165,-84,21.8512229919434
166,-84,22.0271873474121
167,-84,22.3920612335205
168,-84,22.9404830932617
169,-84,23.339391708374
170,-84,23.2970371246338
171,-84,23.14768409729
172,-84,22.9053802490234
173,-84,22.9386157989502
174,-84,22.9489727020264
175,-84,22.9375629425049
176,-84,22.7829475402832
177,-84,22.6184024810791
178,-84,22.5250186920166
179,-84,22.4614391326904
180,-84,22.2475185394287
181,-84,21.9989681243896
182,-84,21.7153873443604
183,-84,21.4202575683594
184,-84,21.0277824401856
185,-84,20.5212440490723
186,-84,19.6876277923584
187,-84,18.4653434753418
188,-84,17.3080272674561
189,-84,16.2176570892334
190,-84,15.3953275680542
191,-84,14.4646091461182
192,-84,13.2701272964478
193,-84,12.889536857605
194,-84,13.2563037872314
195,-84,13.4709587097168
196,-84,13.512825012207
197,-84,13.4165315628052
198,-84,14.02978515625
199,-84,15.2104921340942
200,-84,15.6213474273682
201,-84,15.4476251602173
202,-84,15.4295234680176
203,-84,15.5000009536743
204,-84,16.3358669281006
205,-84,16.7095355987549
206,-84,17.4917526245117
207,-84,17.9200344085693
208,-84,17.3721714019775
209,-84,16.6309204101563
210,-84,16.3720054626465
211,-84,16.8710041046143
212,-84,17.6339416503906
213,-84,17.8929138183594
214,-84,17.8393173217773
215,-84,17.0382881164551
216,-84,16.1059532165527
217,-84,15.6376037597656
218,-84,15.4820098876953
219,-84,15.6321983337402
220,-84,15.9668970108032
221,-84,15.2725639343262
222,-84,14.5616416931152
223,-84,13.876672744751
224,-84,13.2172155380249
225,-84,13.483268737793
226,-84,13.8709001541138
227,-84,14.6114063262939
228,-84,15.2801103591919
229,-84,15.0186262130737
230,-84,14.6725883483887
231,-84,14.2457485198975
232,-84,13.6940212249756
233,-84,12.733362197876
234,-84,11.7460956573486
235,-84,10.8512172698975
236,-84,10.0136365890503
237,-84,9.6549596786499
238,-84,9.25712776184082
239,-84,8.82306575775147
240,-84,8.7238826751709
241,-84,9.06363105773926
242,-84,9.37594032287598
243,-84,9.66324234008789
244,-84,10.0121021270752
245,-84,10.3868865966797
246,-84,10.7310104370117
247,-84,11.0498704910278
248,-84,11.5269422531128
249,-84,12.056432723999
250,-84,12.584981918335
251,-84,13.1124172210693
252,-84,14.0870962142944
253,-84,15.1787195205688
254,-84,16.2679920196533
255,-84,17.3534259796143
256,-84,16.3177318572998
257,-84,14.7520847320557
258,-84,13.1784992218018
259,-84,11.5876321792603
260,-84,11.0692081451416
261,-84,10.9883050918579
262,-84,10.9113092422485
263,-84,10.8418502807617
264,-84,10.9720506668091
265,-84,11.257417678833
266,-84,11.5681457519531
267,-84,11.9064092636108
268,-84,12.3036317825317
269,-84,12.9132509231567
270,-84,13.534252166748
271,-84,14.1668510437012
272,-84,14.8112192153931
273,-84,15.4199638366699
274,-84,15.9744319915772
275,-84,16.5037727355957
276,-84,17.0061798095703
277,-84,17.4641704559326
278,-84,17.5634250640869
279,-84,17.4468650817871
280,-84,17.21875
281,-84,16.8753833770752
282,-84,16.4133319854736
283,-84,16.094409942627
284,-84,16.0325145721436
285,-84,15.9474306106567
286,-84,15.8816375732422
287,-84,15.8020763397217
288,-84,15.7088623046875
289,-84,15.7098979949951
290,-84,15.8088426589966
291,-84,15.9686670303345
292,-84,16.4958000183105
293,-84,17.1257629394531
294,-84,17.7749633789063
295,-84,18.4469718933105
296,-84,19.0818061828613
297,-84,19.6048355102539
298,-84,20.1688232421875
299,-84,20.728063583374
300,-84,21.2824821472168
301,-84,21.8319568634033
302,-84,22.2170810699463
303,-84,21.5709667205811
304,-84,20.8507957458496
305,-84,19.9877014160156
306,-84,18.9868068695068
307,-84,18.209300994873
308,-84,17.7966899871826
309,-84,17.3559627532959
310,-84,16.8885154724121
311,-84,16.4194736480713
312,-84,16.4222946166992
313,-84,16.4934196472168
314,-84,16.6281089782715
315,-84,16.8047618865967
316,-84,16.8107624053955
317,-84,16.7898349761963
318,-84,16.76735496521
319,-84,16.743444442749
320,-84,17.1517601013184
321,-84,17.5754013061523
322,-84,17.9222030639648
323,-84,18.2074813842773
324,-84,17.5183906555176
325,-84,16.7809944152832
326,-84,16.0860748291016
327,-84,15.471378326416
328,-84,15.3398275375366
329,-84,15.2169237136841
330,-84,15.0959224700928
331,-84,15.0596885681152
332,-84,15.1651592254639
333,-84,15.2418098449707
334,-84,15.2778100967407
335,-84,15.5737533569336
336,-84,15.8966827392578
337,-84,16.0711631774902
338,-84,16.0677757263184
339,-84,15.9159383773804
340,-84,15.7631216049194
341,-84,15.6152744293213
342,-84,15.6994171142578
343,-84,16.0905609130859
344,-84,16.5788059234619
345,-84,17.1139316558838
346,-84,17.4665145874023
347,-84,17.812183380127
348,-84,18.1708488464355
349,-84,18.3548641204834
350,-84,18.1327838897705
351,-84,18.0587406158447
352,-84,18.1434574127197
353,-84,17.8223114013672
354,-84,17.2226829528809
355,-84,16.5856132507324
356,-84,16.0294094085693
357,-84,16.0392189025879
358,-84,15.9784421920776
359,-84,15.8440113067627
1,-83,20.3832626342773
2,-83,20.1431655883789
3,-83,20.2292366027832
4,-83,20.5018424987793
5,-83,19.5043277740479
6,-83,18.5670013427734
7,-83,18.0849781036377
8,-83,17.2583427429199
9,-83,16.3759307861328
10,-83,15.5123233795166
11,-83,14.8491191864014
12,-83,14.2783298492432
13,-83,13.6932764053345
14,-83,13.1626405715942
15,-83,12.9334383010864
16,-83,12.6604776382446
17,-83,12.5263271331787
18,-83,12.5813980102539
19,-83,12.6810874938965
20,-83,12.7176685333252
21,-83,12.7930498123169
22,-83,13.3280391693115
23,-83,13.8872423171997
24,-83,14.4523468017578
25,-83,14.8382997512817
26,-83,14.6080799102783
27,-83,14.4297475814819
28,-83,14.3032169342041
29,-83,14.1253423690796
30,-83,13.3005676269531
31,-83,12.5329875946045
32,-83,11.8224849700928
33,-83,11.1687068939209
34,-83,10.8980131149292
35,-83,10.7552642822266
36,-83,10.7088260650635
37,-83,10.7427272796631
38,-83,10.5228128433228
39,-83,10.1741962432861
40,-83,9.79520225524902
41,-83,9.43419933319092
42,-83,9.12246704101562
43,-83,8.82010650634766
44,-83,8.71885490417481
45,-83,8.63972854614258
46,-83,8.49289894104004
47,-83,8.26071357727051
48,-83,7.94593715667725
49,-83,7.89598655700684
50,-83,7.85929870605469
51,-83,7.8161735534668
52,-83,7.81491231918335
53,-83,7.90874528884888
54,-83,8.02169322967529
55,-83,8.1528491973877
56,-83,8.18222904205322
57,-83,8.21334648132324
58,-83,8.27951908111572
59,-83,8.42758178710938
60,-83,8.71307945251465
61,-83,9.03741931915283
62,-83,9.39766883850098
63,-83,9.65472221374512
64,-83,9.86378765106201
65,-83,10.0395984649658
66,-83,10.2025117874146
67,-83,10.4841651916504
68,-83,10.8002300262451
69,-83,11.1467952728271
70,-83,11.6053867340088
71,-83,12.0648345947266
72,-83,12.5133743286133
73,-83,13.1509380340576
74,-83,14.0952835083008
75,-83,15.020112991333
76,-83,15.9323320388794
77,-83,16.3700370788574
78,-83,16.7355728149414
79,-83,17.1118049621582
80,-83,17.5163383483887
81,-83,17.9847259521484
82,-83,18.4445190429688
83,-83,18.8892574310303
84,-83,18.7004871368408
85,-83,18.1324596405029
86,-83,17.550651550293
87,-83,16.9520874023438
88,-83,16.4674549102783
89,-83,16.0091285705566
90,-83,15.5677604675293
91,-83,15.2901248931885
92,-83,16.5813961029053
93,-83,18.0179576873779
94,-83,19.4068164825439
95,-83,20.5439147949219
96,-83,20.5724945068359
97,-83,20.5946350097656
98,-83,20.6099281311035
99,-83,20.6173343658447
100,-83,20.5760192871094
101,-83,20.4911613464355
102,-83,20.3607597351074
103,-83,20.1117496490479
104,-83,19.1026821136475
105,-83,17.9136047363281
106,-83,16.8434658050537
107,-83,15.8961372375488
108,-83,15.1615772247314
109,-83,15.3563365936279
110,-83,15.5247869491577
111,-83,15.7153339385986
112,-83,15.9284811019897
113,-83,16.2128868103027
114,-83,16.9456329345703
115,-83,17.7890453338623
116,-83,18.850757598877
117,-83,20.1044750213623
118,-83,21.5503158569336
119,-83,23.2947235107422
120,-83,24.618616104126
121,-83,25.8489513397217
122,-83,27.1643924713135
123,-83,28.5623950958252
124,-83,29.4421901702881
125,-83,28.8901748657227
126,-83,26.504940032959
127,-83,23.8800659179688
128,-83,21.4854068756104
129,-83,19.7694473266602
130,-83,17.9498901367188
131,-83,16.0324802398682
132,-83,14.0670738220215
133,-83,12.2153377532959
134,-83,11.064510345459
135,-83,10.2792882919312
136,-83,10.5598058700562
137,-83,10.7787094116211
138,-83,10.9299983978271
139,-83,10.98353099823
140,-83,10.9837684631348
141,-83,10.9705257415771
142,-83,10.9759531021118
143,-83,11.1014881134033
144,-83,11.2706317901611
145,-83,11.4834899902344
146,-83,11.8679943084717
147,-83,12.2325344085693
148,-83,12.5817699432373
149,-83,12.8634071350098
150,-83,13.1076765060425
151,-83,13.3373641967773
152,-83,13.3369626998901
153,-83,13.3163366317749
154,-83,13.3162641525269
155,-83,14.1861505508423
156,-83,15.2356033325195
157,-83,16.3206577301025
158,-83,17.0562381744385
159,-83,17.6770362854004
160,-83,18.1993427276611
161,-83,20.1247997283936
162,-83,22.0687255859375
163,-83,23.9538059234619
164,-83,25.454309463501
165,-83,26.8816528320313
166,-83,28.1169776916504
167,-83,28.9277114868164
168,-83,29.9158153533936
169,-83,30.7182483673096
170,-83,30.6994667053223
171,-83,30.6299018859863
172,-83,30.8150634765625
173,-83,31.7552452087402
174,-83,32.8289794921875
175,-83,33.9724922180176
176,-83,35.246452331543
177,-83,36.7358703613281
178,-83,36.6018524169922
179,-83,34.6770477294922
180,-83,32.3090019226074
181,-83,30.6581268310547
182,-83,29.1526927947998
183,-83,27.6673164367676
184,-83,26.8119716644287
185,-83,26.1286067962647
186,-83,25.4372653961182
187,-83,25.1057090759277
188,-83,24.8205242156982
189,-83,24.4075660705566
190,-83,23.9616775512695
191,-83,23.7501010894775
192,-83,23.210916519165
193,-83,22.6900825500488
194,-83,22.7658348083496
195,-83,23.4404163360596
196,-83,24.6260566711426
197,-83,26.0598049163818
198,-83,27.8152770996094
199,-83,29.8932762145996
200,-83,31.3651657104492
201,-83,31.2906513214111
202,-83,31.2153358459473
203,-83,30.1638336181641
204,-83,27.7085838317871
205,-83,24.6366443634033
206,-83,21.7610321044922
207,-83,19.4308090209961
208,-83,17.7618751525879
209,-83,17.4115924835205
210,-83,16.8921527862549
211,-83,16.6822376251221
212,-83,16.3132419586182
213,-83,16.7014598846436
214,-83,16.8113441467285
215,-83,16.9473686218262
216,-83,17.2190246582031
217,-83,17.8018379211426
218,-83,18.4833564758301
219,-83,19.2772083282471
220,-83,18.9370594024658
221,-83,18.3612270355225
222,-83,17.5854568481445
223,-83,16.8485832214355
224,-83,15.9670057296753
225,-83,15.014181137085
226,-83,13.9929285049438
227,-83,13.7675676345825
228,-83,13.365553855896
229,-83,12.7949914932251
230,-83,13.2362394332886
231,-83,14.2249927520752
232,-83,15.1666069030762
233,-83,15.0459117889404
234,-83,13.9423694610596
235,-83,12.7804355621338
236,-83,11.8083019256592
237,-83,11.6176261901855
238,-83,11.4735956192017
239,-83,11.3424072265625
240,-83,11.4122638702393
241,-83,11.484917640686
242,-83,11.5510330200195
243,-83,11.7092561721802
244,-83,11.9395179748535
245,-83,12.1967468261719
246,-83,12.6088151931763
247,-83,13.1612110137939
248,-83,13.6075057983398
249,-83,13.9337778091431
250,-83,13.5401706695557
251,-83,13.1637744903564
252,-83,12.8037452697754
253,-83,12.418231010437
254,-83,12.0281744003296
255,-83,11.6515693664551
256,-83,11.427188873291
257,-83,11.6614093780518
258,-83,11.9209432601929
259,-83,12.2148418426514
260,-83,12.6667957305908
261,-83,13.1054182052612
262,-83,13.4534225463867
263,-83,13.6322898864746
264,-83,13.4089679718018
265,-83,13.2274856567383
266,-83,13.0943241119385
267,-83,13.3193883895874
268,-83,14.040641784668
269,-83,14.8456506729126
270,-83,15.7419109344482
271,-83,16.6297817230225
272,-83,17.4682636260986
273,-83,18.0027236938477
274,-83,18.415922164917
275,-83,18.4109535217285
276,-83,18.0500717163086
277,-83,17.6370544433594
278,-83,17.1701946258545
279,-83,16.900936126709
280,-83,17.6800632476807
281,-83,19.053035736084
282,-83,20.4921836853027
283,-83,21.9530792236328
284,-83,22.6356601715088
285,-83,22.6085681915283
286,-83,22.2941608428955
287,-83,21.7489204406738
288,-83,21.4433822631836
289,-83,21.5235500335693
290,-83,21.6704025268555
291,-83,21.7663536071777
292,-83,21.744930267334
293,-83,21.6380386352539
294,-83,21.6796684265137
295,-83,22.0191593170166
296,-83,22.4649810791016
297,-83,23.0937194824219
298,-83,23.9665069580078
299,-83,25.025390625
300,-83,26.2661743164063
301,-83,27.8885726928711
302,-83,30.0418109893799
303,-83,31.8371963500977
304,-83,33.285083770752
305,-83,34.2540817260742
306,-83,32.9798965454102
307,-83,31.6741371154785
308,-83,30.3370590209961
309,-83,28.8427791595459
310,-83,26.1264228820801
311,-83,23.3838729858398
312,-83,20.9216480255127
313,-83,19.2572555541992
314,-83,18.340690612793
315,-83,17.6179752349854
316,-83,17.0724334716797
317,-83,18.3281421661377
318,-83,19.8876953125
319,-83,21.6328678131104
320,-83,23.0424346923828
321,-83,23.9959506988525
322,-83,24.9513149261475
323,-83,25.8605976104736
324,-83,26.5112190246582
325,-83,27.1524658203125
326,-83,27.7722606658936
327,-83,28.7806053161621
328,-83,29.7932929992676
329,-83,30.7499732971191
330,-83,30.6499710083008
331,-83,29.9298667907715
332,-83,29.216552734375
333,-83,29.1941337585449
334,-83,30.0552062988281
335,-83,31.0329914093018
336,-83,31.2545509338379
337,-83,29.5421180725098
338,-83,27.95871925354
339,-83,26.7240905761719
340,-83,26.2851676940918
341,-83,25.5867481231689
342,-83,24.7152442932129
343,-83,24.9269485473633
344,-83,24.9674701690674
345,-83,24.8198680877686
346,-83,25.1269111633301
347,-83,25.5079765319824
348,-83,25.9671306610107
349,-83,26.4391193389893
350,-83,26.770679473877
351,-83,26.7453765869141
352,-83,26.5312042236328
353,-83,26.1697578430176
354,-83,25.6281871795654
355,-83,24.4107398986816
356,-83,23.3123016357422
357,-83,22.6690578460693
358,-83,22.0939407348633
359,-83,21.389965057373
1,-82,14.7297801971436
2,-82,14.1461753845215
3,-82,13.9371528625488
4,-82,14.005654335022
5,-82,13.9467153549194
6,-82,13.7355604171753
7,-82,13.7567586898804
8,-82,13.3241052627563
9,-82,12.8480730056763
10,-82,12.3153476715088
11,-82,11.8353424072266
12,-82,11.6920022964478
13,-82,11.8893013000488
14,-82,11.9290380477905
15,-82,11.8152408599854
16,-82,11.4626235961914
17,-82,10.9103660583496
18,-82,10.5363435745239
19,-82,10.3096084594727
20,-82,10.2794952392578
21,-82,10.3520526885986
22,-82,10.444091796875
23,-82,10.4976902008057
24,-82,10.4861030578613
25,-82,10.3184852600098
26,-82,10.0466785430908
27,-82,10.1797733306885
28,-82,10.3008890151978
29,-82,10.1598596572876
30,-82,9.86843490600586
31,-82,9.56622505187988
32,-82,9.3266773223877
33,-82,9.1620512008667
34,-82,9.18830680847168
35,-82,9.52444171905518
36,-82,9.68012809753418
37,-82,9.65804004669189
38,-82,9.59778785705566
39,-82,9.43501281738281
40,-82,9.18982696533203
41,-82,8.85625553131104
42,-82,8.52590942382813
43,-82,8.24837684631348
44,-82,7.96916007995606
45,-82,7.74390316009522
46,-82,7.56135559082031
47,-82,7.44359540939331
48,-82,7.41466236114502
49,-82,7.38808012008667
50,-82,7.35449600219727
51,-82,7.30550336837769
52,-82,7.28076267242432
53,-82,7.17807006835938
54,-82,6.99794483184815
55,-82,6.86774587631226
56,-82,6.87139987945557
57,-82,6.89278507232666
58,-82,6.77832221984863
59,-82,6.62276983261108
60,-82,6.6947717666626
61,-82,6.9783673286438
62,-82,7.20988368988037
63,-82,7.36638593673706
64,-82,7.423011302948
65,-82,7.43252229690552
66,-82,7.45866632461548
67,-82,7.59833431243897
68,-82,7.71325349807739
69,-82,7.84848403930664
70,-82,8.10885238647461
71,-82,8.37233352661133
72,-82,8.63858032226563
73,-82,8.91208553314209
74,-82,9.19939136505127
75,-82,9.53873538970947
76,-82,10.4663772583008
77,-82,11.386791229248
78,-82,12.3037805557251
79,-82,12.8640146255493
80,-82,13.4081048965454
81,-82,13.9567890167236
82,-82,14.7598028182983
83,-82,15.6558094024658
84,-82,16.5886421203613
85,-82,17.364429473877
86,-82,18.0094432830811
87,-82,18.6651763916016
88,-82,18.848949432373
89,-82,17.7972297668457
90,-82,16.5608043670654
91,-82,15.4127674102783
92,-82,15.6862621307373
93,-82,16.0913543701172
94,-82,16.5675182342529
95,-82,17.0859909057617
96,-82,17.6255779266357
97,-82,18.2139148712158
98,-82,18.8535346984863
99,-82,19.4587745666504
100,-82,19.8645191192627
101,-82,20.1161155700684
102,-82,20.0788536071777
103,-82,19.2568969726563
104,-82,18.5003967285156
105,-82,17.8112354278564
106,-82,17.3819789886475
107,-82,17.1502265930176
108,-82,17.1083106994629
109,-82,17.3269729614258
110,-82,17.8853778839111
111,-82,18.8001670837402
112,-82,19.663911819458
113,-82,20.751838684082
114,-82,22.0260276794434
115,-82,24.006067276001
116,-82,26.2898921966553
117,-82,29.380033493042
118,-82,32.6971626281738
119,-82,36.2126617431641
120,-82,39.0899772644043
121,-82,39.8322944641113
122,-82,39.5041885375977
123,-82,38.3306198120117
124,-82,36.2451057434082
125,-82,32.5329360961914
126,-82,28.3460140228272
127,-82,24.3645343780518
128,-82,21.6379318237305
129,-82,20.0198383331299
130,-82,18.5977764129639
131,-82,17.1767425537109
132,-82,15.3405017852783
133,-82,13.872241973877
134,-82,12.5680208206177
135,-82,11.5055160522461
136,-82,10.5732860565186
137,-82,9.76273155212402
138,-82,9.70203590393066
139,-82,9.65208148956299
140,-82,9.6011266708374
141,-82,9.77503204345703
142,-82,9.95520782470703
143,-82,10.2179489135742
144,-82,10.7675724029541
145,-82,11.2863597869873
146,-82,11.9179849624634
147,-82,12.7553291320801
148,-82,13.5917415618896
149,-82,14.4771280288696
150,-82,15.3574028015137
151,-82,16.2081699371338
152,-82,15.3265466690063
153,-82,14.4590072631836
154,-82,14.028751373291
155,-82,14.3111085891724
156,-82,14.6092014312744
157,-82,14.5039596557617
158,-82,14.2639026641846
159,-82,14.2132625579834
160,-82,14.9425392150879
161,-82,15.7752332687378
162,-82,16.2276763916016
163,-82,16.5299644470215
164,-82,17.2525005340576
165,-82,19.1963920593262
166,-82,21.1331348419189
167,-82,23.1898288726807
168,-82,25.2281494140625
169,-82,27.3304080963135
170,-82,30.317964553833
171,-82,33.4363479614258
172,-82,34.488452911377
173,-82,34.3175964355469
174,-82,33.7518730163574
175,-82,34.4582901000977
176,-82,35.2710342407227
177,-82,34.6728515625
178,-82,33.2759590148926
179,-82,31.9085693359375
180,-82,30.4627437591553
181,-82,29.989839553833
182,-82,31.1298980712891
183,-82,33.8774452209473
184,-82,36.7855110168457
185,-82,37.9564971923828
186,-82,35.7210731506348
187,-82,33.2788467407227
188,-82,30.6076030731201
189,-82,26.559009552002
190,-82,22.8505573272705
191,-82,23.7278060913086
192,-82,24.5456695556641
193,-82,26.0938949584961
194,-82,27.5316047668457
195,-82,28.8949413299561
196,-82,31.4913539886475
197,-82,33.1623840332031
198,-82,34.0525054931641
199,-82,36.8411102294922
200,-82,37.8827285766602
201,-82,37.3186950683594
202,-82,37.5105819702148
203,-82,37.6794204711914
204,-82,37.2206344604492
205,-82,36.9933662414551
206,-82,35.7972793579102
207,-82,34.5006980895996
208,-82,30.8017997741699
209,-82,27.3170509338379
210,-82,25.8167877197266
211,-82,25.3821239471436
212,-82,25.2422199249268
213,-82,24.6560821533203
214,-82,24.4085311889648
215,-82,23.9490013122559
216,-82,23.4785060882568
217,-82,23.1438789367676
218,-82,22.9024658203125
219,-82,23.3097553253174
220,-82,23.225154876709
221,-82,22.495231628418
222,-82,22.0438594818115
223,-82,22.8156604766846
224,-82,23.7415504455566
225,-82,23.1178131103516
226,-82,22.6327419281006
227,-82,22.5652160644531
228,-82,22.0141658782959
229,-82,21.3380088806152
230,-82,20.6638526916504
231,-82,22.0100154876709
232,-82,23.4809303283691
233,-82,24.4900779724121
234,-82,21.9431266784668
235,-82,19.3593254089355
236,-82,17.469388961792
237,-82,16.4172554016113
238,-82,15.2867641448975
239,-82,14.5714454650879
240,-82,14.2555866241455
241,-82,13.690691947937
242,-82,13.5790891647339
243,-82,14.0689029693604
244,-82,14.3625202178955
245,-82,14.2162256240845
246,-82,14.1237258911133
247,-82,14.2091093063355
248,-82,14.1230182647705
249,-82,13.827522277832
250,-82,13.3972759246826
251,-82,13.1859607696533
252,-82,13.0159912109375
253,-82,12.8504791259766
254,-82,13.0433979034424
255,-82,13.2521448135376
256,-82,13.4389324188232
257,-82,13.2201824188232
258,-82,12.9831771850586
259,-82,12.7735290527344
260,-82,13.2345085144043
261,-82,13.8117380142212
262,-82,14.4051914215088
263,-82,14.9222106933594
264,-82,15.3250617980957
265,-82,15.6239204406738
266,-82,15.7756004333496
267,-82,15.8318243026733
268,-82,15.9217376708984
269,-82,15.8560819625855
270,-82,15.1693439483643
271,-82,14.5253372192383
272,-82,13.9277667999268
273,-82,13.7527389526367
274,-82,13.8810424804688
275,-82,14.1576480865479
276,-82,14.6146440505981
277,-82,15.5252981185913
278,-82,16.3376083374023
279,-82,17.0474414825439
280,-82,17.7633895874023
281,-82,19.0322227478027
282,-82,20.5860042572021
283,-82,22.3118476867676
284,-82,23.8602142333984
285,-82,25.4021129608154
286,-82,26.68039894104
287,-82,27.6914348602295
288,-82,28.3869800567627
289,-82,29.1149253845215
290,-82,29.789384841919
291,-82,30.3736534118652
292,-82,30.8272132873535
293,-82,29.9624137878418
294,-82,29.1077346801758
295,-82,28.4377613067627
296,-82,27.9154853820801
297,-82,29.2084197998047
298,-82,30.9206218719482
299,-82,32.7852058410645
300,-82,33.9044647216797
301,-82,33.0166740417481
302,-82,31.6237392425537
303,-82,29.7398204803467
304,-82,28.0533142089844
305,-82,27.0110626220703
306,-82,25.6700496673584
307,-82,24.5039653778076
308,-82,22.8474102020264
309,-82,21.2958507537842
310,-82,19.8782615661621
311,-82,18.7630996704102
312,-82,17.8699531555176
313,-82,17.0913162231445
314,-82,17.0195541381836
315,-82,17.8092842102051
316,-82,18.7187595367432
317,-82,19.9974117279053
318,-82,21.4573860168457
319,-82,22.7189388275147
320,-82,23.4086761474609
321,-82,23.2703247070313
322,-82,23.1205387115479
323,-82,22.8866481781006
324,-82,22.5311126708984
325,-82,22.1740226745606
326,-82,22.1227416992188
327,-82,22.3705673217773
328,-82,22.628885269165
329,-82,22.2919845581055
330,-82,21.657787322998
331,-82,21.0317802429199
332,-82,20.5236835479736
333,-82,20.0409393310547
334,-82,19.6277446746826
335,-82,19.9965114593506
336,-82,20.3501739501953
337,-82,20.4801864624023
338,-82,20.2083377838135
339,-82,19.9836044311523
340,-82,19.72585105896
341,-82,19.4453296661377
342,-82,19.2079200744629
343,-82,19.0698337554932
344,-82,19.0782527923584
345,-82,19.1840629577637
346,-82,18.9666213989258
347,-82,18.6634140014648
348,-82,18.394495010376
349,-82,18.1923160552979
350,-82,17.8724803924561
351,-82,17.4285545349121
352,-82,17.1939086914063
353,-82,17.283576965332
354,-82,17.1704616546631
355,-82,17.0046195983887
356,-82,16.8197612762451
357,-82,16.6405830383301
358,-82,16.2923183441162
359,-82,15.909065246582
1,-81,9.41207695007324
2,-81,9.01741027832031
3,-81,8.6300220489502
4,-81,8.3982105255127
5,-81,8.28280544281006
6,-81,8.21192741394043
7,-81,8.03119373321533
8,-81,7.94830369949341
9,-81,7.74013662338257
10,-81,7.54881763458252
11,-81,7.42122888565064
12,-81,7.08405637741089
13,-81,6.7936544418335
14,-81,6.66130590438843
15,-81,6.64718961715698
16,-81,6.74287176132202
17,-81,6.78507471084595
18,-81,6.87822389602661
19,-81,7.23617649078369
20,-81,7.47184276580811
21,-81,7.71736907958984
22,-81,8.3527307510376
23,-81,9.0998477935791
24,-81,9.74595355987549
25,-81,9.98710060119629
26,-81,9.7608814239502
27,-81,9.51716041564941
28,-81,9.4132251739502
29,-81,9.30444145202637
30,-81,8.99343967437744
31,-81,8.53806114196777
32,-81,8.30913639068604
33,-81,8.16739845275879
34,-81,7.90888023376465
35,-81,7.6732029914856
36,-81,7.65563774108887
37,-81,7.80958557128906
38,-81,8.36527156829834
39,-81,8.87027931213379
40,-81,9.33924579620361
41,-81,9.71304321289062
42,-81,10.0509996414185
43,-81,10.5529003143311
44,-81,10.6537609100342
45,-81,9.61208152770996
46,-81,8.12141990661621
47,-81,7.29896545410156
48,-81,7.03847789764404
49,-81,6.8788046836853
50,-81,6.66044425964356
51,-81,6.48041915893555
52,-81,6.4186429977417
53,-81,6.39226579666138
54,-81,6.35928916931152
55,-81,6.34625577926636
56,-81,6.38966035842896
57,-81,6.46798849105835
58,-81,6.70949363708496
59,-81,7.14302825927734
60,-81,7.48712778091431
61,-81,7.78932332992554
62,-81,8.11653327941895
63,-81,8.45335578918457
64,-81,8.34280300140381
65,-81,8.16537857055664
66,-81,7.98173141479492
67,-81,7.73515892028809
68,-81,7.44725751876831
69,-81,7.3797197341919
70,-81,7.65837383270264
71,-81,7.92712736129761
72,-81,8.63281631469727
73,-81,9.58314037322998
74,-81,10.4807462692261
75,-81,10.7903251647949
76,-81,11.1227502822876
77,-81,11.486439704895
78,-81,11.743143081665
79,-81,11.9764184951782
80,-81,12.332558631897
81,-81,12.9352912902832
82,-81,13.5554370880127
83,-81,13.704119682312
84,-81,13.3903570175171
85,-81,13.053692817688
86,-81,13.3678188323975
87,-81,14.1110429763794
88,-81,14.9324216842651
89,-81,15.37331199646
90,-81,15.7066469192505
91,-81,16.1107177734375
92,-81,17.0242309570313
93,-81,18.0995845794678
94,-81,19.1703281402588
95,-81,20.0252208709717
96,-81,20.6537952423096
97,-81,21.12135887146
98,-81,21.4501438140869
99,-81,21.7045307159424
100,-81,21.8120193481445
101,-81,21.7875480651855
102,-81,21.7207145690918
103,-81,21.578197479248
104,-81,21.3569622039795
105,-81,21.3313674926758
106,-81,21.5278739929199
107,-81,21.9259834289551
108,-81,22.4723224639893
109,-81,22.8126831054688
110,-81,23.1430683135986
111,-81,23.4586181640625
112,-81,24.1611404418945
113,-81,25.6246032714844
114,-81,27.9911727905273
115,-81,31.0585308074951
116,-81,34.6340103149414
117,-81,38.5287857055664
118,-81,41.3750648498535
119,-81,43.136775970459
120,-81,44.292366027832
121,-81,41.0104370117188
122,-81,36.875373840332
123,-81,32.7122192382813
124,-81,28.5235652923584
125,-81,24.0019950866699
126,-81,20.1728820800781
127,-81,17.0027885437012
128,-81,14.9385061264038
129,-81,13.6961698532105
130,-81,12.8915500640869
131,-81,12.9896230697632
132,-81,13.8018131256104
133,-81,14.6823329925537
134,-81,14.7785816192627
135,-81,14.7633247375488
136,-81,14.9031219482422
137,-81,14.8367261886597
138,-81,14.8511619567871
139,-81,14.5807075500488
140,-81,13.5083255767822
141,-81,12.4639625549316
142,-81,12.3917980194092
143,-81,12.6010093688965
144,-81,12.826602935791
145,-81,12.9450492858887
146,-81,12.9668607711792
147,-81,13.4226551055908
148,-81,13.9449729919434
149,-81,14.276894569397
150,-81,14.3892774581909
151,-81,14.5253381729126
152,-81,14.8998203277588
153,-81,15.2804718017578
154,-81,14.7094173431396
155,-81,13.801872253418
156,-81,13.1276884078979
157,-81,12.7611980438232
158,-81,12.4069175720215
159,-81,11.9144687652588
160,-81,11.4636039733887
161,-81,11.3112297058105
162,-81,11.1122627258301
163,-81,11.49560546875
164,-81,12.1829986572266
165,-81,12.8440885543823
166,-81,13.4511642456055
167,-81,14.5523538589478
168,-81,16.2320537567139
169,-81,17.8469562530518
170,-81,20.8962802886963
171,-81,23.7833271026611
172,-81,26.3141021728516
173,-81,28.3671283721924
174,-81,29.6969680786133
175,-81,31.3118476867676
176,-81,32.0429420471191
177,-81,30.8105411529541
178,-81,29.5061149597168
179,-81,29.5767440795898
180,-81,27.9540519714356
181,-81,28.1808834075928
182,-81,29.0657730102539
183,-81,31.9123096466064
184,-81,34.7319183349609
185,-81,39.8737564086914
186,-81,52.5832977294922
187,-81,62.4276733398438
188,-81,60.5322265625
189,-81,53.107608795166
190,-81,46.6786499023438
191,-81,40.8152694702148
192,-81,35.6791229248047
193,-81,33.5688819885254
194,-81,37.4271240234375
195,-81,41.5744400024414
196,-81,45.4797439575195
197,-81,48.8077392578125
198,-81,49.5065498352051
199,-81,48.3910980224609
200,-81,44.4674072265625
201,-81,42.9950523376465
202,-81,43.1763916015625
203,-81,40.6496429443359
204,-81,37.084358215332
205,-81,35.6303977966309
206,-81,34.6985931396484
207,-81,31.548360824585
208,-81,29.5912609100342
209,-81,28.7522392272949
210,-81,28.4120426177979
211,-81,30.4979667663574
212,-81,31.8092632293701
213,-81,29.4583930969238
214,-81,27.7546119689941
215,-81,26.1750888824463
216,-81,24.9546585083008
217,-81,23.8527221679688
218,-81,24.0440464019775
219,-81,25.0887393951416
220,-81,25.5546188354492
221,-81,25.8848285675049
222,-81,26.3519134521484
223,-81,27.1638851165772
224,-81,28.0715675354004
225,-81,28.7944278717041
226,-81,29.2422981262207
227,-81,30.2469520568848
228,-81,31.7643909454346
229,-81,30.8212394714356
230,-81,29.5125885009766
231,-81,28.5273208618164
232,-81,28.2928886413574
233,-81,28.2192420959473
234,-81,28.6262054443359
235,-81,28.9620895385742
236,-81,28.7404918670654
237,-81,27.9532718658447
238,-81,26.6978569030762
239,-81,24.809476852417
240,-81,23.0607719421387
241,-81,21.2376880645752
242,-81,19.0952682495117
243,-81,17.074275970459
244,-81,17.2155933380127
245,-81,17.5799674987793
246,-81,17.5290107727051
247,-81,16.9536552429199
248,-81,16.6459083557129
249,-81,16.3781623840332
250,-81,16.1523895263672
251,-81,16.0168037414551
252,-81,16.6770820617676
253,-81,17.2446613311768
254,-81,18.2802581787109
255,-81,19.9137916564941
256,-81,21.5484313964844
257,-81,21.800220489502
258,-81,21.6170921325684
259,-81,21.2649440765381
260,-81,19.47385597229
261,-81,17.8270969390869
262,-81,16.8885021209717
263,-81,17.6266555786133
264,-81,18.516975402832
265,-81,19.2273254394531
266,-81,19.3963413238525
267,-81,19.4108924865723
268,-81,19.1020698547363
269,-81,18.4223403930664
270,-81,17.5120296478272
271,-81,16.4444675445557
272,-81,15.5152397155762
273,-81,14.9290437698364
274,-81,15.0962028503418
275,-81,16.4249668121338
276,-81,17.9537048339844
277,-81,19.6907043457031
278,-81,20.6514110565186
279,-81,20.910135269165
280,-81,20.5063552856445
281,-81,19.8422260284424
282,-81,19.7307090759277
283,-81,20.3781356811523
284,-81,22.0263614654541
285,-81,25.4476795196533
286,-81,29.6113548278809
287,-81,34.3233070373535
288,-81,39.5858421325684
289,-81,43.3895149230957
290,-81,47.5545349121094
291,-81,52.394905090332
292,-81,57.9079322814942
293,-81,61.6972923278809
294,-81,61.8483200073242
295,-81,59.880558013916
296,-81,55.3308334350586
297,-81,48.7162399291992
298,-81,42.7306823730469
299,-81,37.7690200805664
300,-81,33.4046401977539
301,-81,29.7311401367188
302,-81,26.7772026062012
303,-81,25.1664485931397
304,-81,24.8081951141357
305,-81,24.6154747009277
306,-81,24.1910228729248
307,-81,23.4034309387207
308,-81,22.6653347015381
309,-81,21.461067199707
310,-81,19.5580711364746
311,-81,17.712251663208
312,-81,17.486629486084
313,-81,18.4085884094238
314,-81,19.4060592651367
315,-81,20.3797416687012
316,-81,21.0779190063477
317,-81,21.5121479034424
318,-81,20.9596252441406
319,-81,20.3742561340332
320,-81,19.83371925354
321,-81,19.3878898620605
322,-81,18.9053688049316
323,-81,18.5358257293701
324,-81,18.2399082183838
325,-81,17.9700241088867
326,-81,17.8877239227295
327,-81,17.8388633728027
328,-81,18.1684494018555
329,-81,18.8178768157959
330,-81,19.4429302215576
331,-81,18.740608215332
332,-81,18.0613098144531
333,-81,17.627140045166
334,-81,17.3500728607178
335,-81,16.9581604003906
336,-81,15.8177337646484
337,-81,14.748423576355
338,-81,14.176778793335
339,-81,13.8570919036865
340,-81,13.5780267715454
341,-81,13.7165937423706
342,-81,13.931266784668
343,-81,13.8377990722656
344,-81,13.6573448181152
345,-81,13.7206048965454
346,-81,14.2703018188477
347,-81,14.7944068908691
348,-81,15.4183483123779
349,-81,15.7550687789917
350,-81,15.2084503173828
351,-81,14.0912094116211
352,-81,13.2512311935425
353,-81,12.4230890274048
354,-81,11.4801502227783
355,-81,10.9252519607544
356,-81,10.569787979126
357,-81,10.250358581543
358,-81,10.1972560882568
359,-81,9.92397689819336
1,-80,8.62113380432129
2,-80,8.23548030853272
3,-80,7.82703876495361
4,-80,7.51167011260986
5,-80,7.26944971084595
6,-80,7.09558391571045
7,-80,6.98226356506348
8,-80,6.94224309921265
9,-80,6.81093692779541
10,-80,6.7898759841919
11,-80,6.71595048904419
12,-80,6.49620485305786
13,-80,6.3967547416687
14,-80,6.40697288513184
15,-80,6.35750389099121
16,-80,6.30157995223999
17,-80,6.32707977294922
18,-80,6.60005569458008
19,-80,6.71529054641724
20,-80,6.84490156173706
21,-80,7.16054439544678
22,-80,7.34562206268311
23,-80,7.47663116455078
24,-80,7.66099357604981
25,-80,7.78970336914063
26,-80,7.68451023101807
27,-80,7.37959051132202
28,-80,7.32898998260498
29,-80,7.38893556594849
30,-80,7.38034677505493
31,-80,7.52043914794922
32,-80,7.76668500900269
33,-80,8.03957843780518
34,-80,8.19665622711182
35,-80,8.40756893157959
36,-80,8.24019908905029
37,-80,7.95694208145142
38,-80,7.9804744720459
39,-80,8.38074016571045
40,-80,8.3690071105957
41,-80,8.61037635803223
42,-80,9.2188196182251
43,-80,9.60569763183594
44,-80,9.60707473754883
45,-80,9.60628890991211
46,-80,9.74966430664062
47,-80,8.94450759887695
48,-80,7.97756576538086
49,-80,7.39527368545532
50,-80,7.29043006896973
51,-80,7.20638418197632
52,-80,7.3182897567749
53,-80,7.49358081817627
54,-80,7.74047565460205
55,-80,7.90715742111206
56,-80,7.96675825119019
57,-80,8.27808952331543
58,-80,8.63198471069336
59,-80,8.82057666778565
60,-80,8.89443778991699
61,-80,9.06536483764648
62,-80,9.11192226409912
63,-80,9.02297973632812
64,-80,8.83796310424805
65,-80,8.70993900299072
66,-80,8.62639427185059
67,-80,9.00292778015137
68,-80,9.39900493621826
69,-80,9.36482429504395
70,-80,8.87993621826172
71,-80,8.40718364715576
72,-80,8.58808326721191
73,-80,8.7128849029541
74,-80,9.67899990081787
75,-80,11.4723243713379
76,-80,13.2911911010742
77,-80,14.4882707595825
78,-80,15.680890083313
79,-80,15.8152112960815
80,-80,14.9585208892822
81,-80,14.0946569442749
82,-80,12.8400449752808
83,-80,11.6021480560303
84,-80,10.8750553131104
85,-80,10.8453197479248
86,-80,10.8407039642334
87,-80,11.0533638000488
88,-80,11.30491065979
89,-80,11.6742191314697
90,-80,12.6527032852173
91,-80,13.5604124069214
92,-80,14.9009609222412
93,-80,16.9389686584473
94,-80,19.1887454986572
95,-80,21.1467742919922
96,-80,23.0262966156006
97,-80,25.2642803192139
98,-80,26.1597995758057
99,-80,26.4498844146729
100,-80,26.2836360931397
101,-80,27.1247997283936
102,-80,27.4019050598145
103,-80,27.4511470794678
104,-80,29.2582778930664
105,-80,31.5716857910156
106,-80,34.3472213745117
107,-80,34.7683753967285
108,-80,33.1923370361328
109,-80,31.6178531646729
110,-80,30.0203895568848
111,-80,28.7198028564453
112,-80,28.4084854125977
113,-80,28.8134613037109
114,-80,32.9103584289551
115,-80,37.9834594726563
116,-80,42.8837356567383
117,-80,45.3032531738281
118,-80,43.3039245605469
119,-80,39.6813507080078
120,-80,34.4956130981445
121,-80,28.2784423828125
122,-80,22.6436862945557
123,-80,18.2047920227051
124,-80,14.3572845458984
125,-80,11.2098989486694
126,-80,9.75100994110107
127,-80,9.15936756134033
128,-80,9.40477466583252
129,-80,10.1019735336304
130,-80,10.83740234375
131,-80,11.4258661270142
132,-80,12.222903251648
133,-80,13.1104707717896
134,-80,13.9351625442505
135,-80,14.5693531036377
136,-80,15.330714225769
137,-80,16.1095066070557
138,-80,16.8350791931152
139,-80,17.4261932373047
140,-80,17.7951183319092
141,-80,16.9251918792725
142,-80,16.4121971130371
143,-80,16.8085327148438
144,-80,17.415699005127
145,-80,17.2991409301758
146,-80,16.4744739532471
147,-80,15.8099565505981
148,-80,15.5608596801758
149,-80,15.3134756088257
150,-80,15.0746726989746
151,-80,14.8000717163086
152,-80,14.9349451065063
153,-80,15.0691528320313
154,-80,14.6722507476807
155,-80,14.2697591781616
156,-80,14.206690788269
157,-80,14.1357917785645
158,-80,13.2449197769165
159,-80,12.1935958862305
160,-80,12.2778415679932
161,-80,12.521484375
162,-80,13.0267763137817
163,-80,13.4014129638672
164,-80,14.2567377090454
165,-80,15.1305961608887
166,-80,17.3032817840576
167,-80,19.7084541320801
168,-80,22.5981864929199
169,-80,25.6418762207031
170,-80,27.8874626159668
171,-80,30.3614101409912
172,-80,32.4296455383301
173,-80,34.7323417663574
174,-80,36.5240936279297
175,-80,37.9505615234375
176,-80,40.8044853210449
177,-80,43.6037178039551
178,-80,43.6801414489746
179,-80,41.896614074707
180,-80,38.8585433959961
181,-80,37.7053451538086
182,-80,41.3025283813477
183,-80,49.4382629394531
184,-80,58.091365814209
185,-80,67.6666107177734
186,-80,76.0169525146484
187,-80,79.352897644043
188,-80,76.1376724243164
189,-80,73.7371673583984
190,-80,82.7072830200195
191,-80,87.3969268798828
192,-80,83.8167037963867
193,-80,70.7409820556641
194,-80,54.3960952758789
195,-80,34.7974395751953
196,-80,26.2415599822998
197,-80,26.2759742736816
198,-80,22.357006072998
199,-80,21.7278251647949
200,-80,21.619945526123
201,-80,19.2705135345459
202,-80,18.5753593444824
203,-80,17.1728363037109
204,-80,16.9593086242676
205,-80,16.5858154296875
206,-80,15.9981918334961
207,-80,16.2005348205566
208,-80,16.820556640625
209,-80,17.0668983459473
210,-80,17.6198425292969
211,-80,18.3703327178955
212,-80,18.8906135559082
213,-80,20.5804576873779
214,-80,23.5551815032959
215,-80,22.0227928161621
216,-80,19.2604160308838
217,-80,17.3809680938721
218,-80,19.2932186126709
219,-80,20.6119384765625
220,-80,21.3074970245361
221,-80,21.9494705200195
222,-80,21.8036212921143
223,-80,21.437198638916
224,-80,20.692512512207
225,-80,20.3873100280762
226,-80,19.9175510406494
227,-80,19.3789329528809
228,-80,19.0774269104004
229,-80,19.8474216461182
230,-80,20.6591854095459
231,-80,20.9102878570557
232,-80,22.7662315368652
233,-80,23.8790264129639
234,-80,24.8285999298096
235,-80,25.9810981750488
236,-80,26.4365825653076
237,-80,27.6267318725586
238,-80,28.979829788208
239,-80,28.1968402862549
240,-80,27.1496620178223
241,-80,23.6449241638184
242,-80,20.5967178344727
243,-80,19.8197174072266
244,-80,19.4244899749756
245,-80,18.8159332275391
246,-80,18.1901512145996
247,-80,17.7262935638428
248,-80,17.46067237854
249,-80,16.9928894042969
250,-80,16.2869625091553
251,-80,15.7254123687744
252,-80,16.0965156555176
253,-80,17.1964721679688
254,-80,18.9625816345215
255,-80,24.1572494506836
256,-80,29.2824096679688
257,-80,26.4324474334717
258,-80,20.9405364990234
259,-80,16.6684017181397
260,-80,15.397497177124
261,-80,14.2801218032837
262,-80,14.7843437194824
263,-80,15.7467994689941
264,-80,16.6652851104736
265,-80,17.1797752380371
266,-80,17.7267894744873
267,-80,18.1575527191162
268,-80,18.4034976959229
269,-80,18.5014781951904
270,-80,17.8461875915527
271,-80,17.0785617828369
272,-80,16.3490982055664
273,-80,16.2799549102783
274,-80,16.2729434967041
275,-80,16.163459777832
276,-80,15.7519006729126
277,-80,15.613564491272
278,-80,15.9009552001953
279,-80,16.9624176025391
280,-80,18.294677734375
281,-80,19.2492771148682
282,-80,19.8410205841064
283,-80,20.563138961792
284,-80,21.4177188873291
285,-80,22.4035987854004
286,-80,24.2411575317383
287,-80,26.8863887786865
288,-80,30.3328838348389
289,-80,32.8207778930664
290,-80,33.3709487915039
291,-80,32.5876235961914
292,-80,30.5334091186523
293,-80,29.3753929138184
294,-80,28.2559776306152
295,-80,27.1322479248047
296,-80,27.950870513916
297,-80,30.7054862976074
298,-80,32.4730987548828
299,-80,31.2530212402344
300,-80,28.3177642822266
301,-80,25.5949382781982
302,-80,24.3465633392334
303,-80,24.0222511291504
304,-80,23.6839771270752
305,-80,23.0088996887207
306,-80,22.3169059753418
307,-80,21.768253326416
308,-80,22.318021774292
309,-80,22.4666156768799
310,-80,21.7931690216064
311,-80,20.3438491821289
312,-80,18.8117694854736
313,-80,18.7931327819824
314,-80,19.7523002624512
315,-80,20.7566947937012
316,-80,20.4404563903809
317,-80,19.9476928710938
318,-80,19.592264175415
319,-80,19.2308025360107
320,-80,18.9455814361572
321,-80,18.9338665008545
322,-80,18.9980392456055
323,-80,18.348331451416
324,-80,17.5778980255127
325,-80,16.5181446075439
326,-80,15.2720060348511
327,-80,14.2147426605225
328,-80,13.6433172225952
329,-80,13.0775299072266
330,-80,12.5534448623657
331,-80,12.024471282959
332,-80,11.6030750274658
333,-80,11.2002449035645
334,-80,11.1786050796509
335,-80,11.4405202865601
336,-80,11.6478080749512
337,-80,12.0100917816162
338,-80,12.3685874938965
339,-80,11.8865346908569
340,-80,11.5105857849121
341,-80,10.789719581604
342,-80,10.0451698303223
343,-80,9.77208232879639
344,-80,9.67745876312256
345,-80,9.75479602813721
346,-80,10.005295753479
347,-80,10.2068510055542
348,-80,10.4708728790283
349,-80,10.7010049819946
350,-80,9.9426326751709
351,-80,9.16448497772217
352,-80,9.097092628479
353,-80,9.25361061096191
354,-80,9.63361167907715
355,-80,10.0132808685303
356,-80,9.92767906188965
357,-80,9.48328590393066
358,-80,9.26915550231934
359,-80,9.16591453552246
1,-79,8.80960464477539
2,-79,8.2523832321167
3,-79,7.7863130569458
4,-79,7.63182067871094
5,-79,7.52470302581787
6,-79,7.83753871917725
7,-79,8.09101295471191
8,-79,7.91373157501221
9,-79,7.87371921539307
10,-79,7.75278186798096
11,-79,7.63362789154053
12,-79,7.36796379089356
13,-79,7.08001470565796
14,-79,6.75607061386108
15,-79,6.5779333114624
16,-79,6.38389921188355
17,-79,6.07543611526489
20,-79,6.14383220672607
21,-79,6.37209367752075
22,-79,6.64404249191284
23,-79,6.89952802658081
24,-79,7.18641662597656
25,-79,7.57773160934448
26,-79,7.54861164093018
27,-79,7.59061908721924
28,-79,7.90332412719727
29,-79,7.76197719573975
30,-79,7.76195907592773
31,-79,7.8584508895874
32,-79,8.0879545211792
33,-79,8.52673625946045
34,-79,8.70212745666504
35,-79,9.02799797058105
36,-79,9.62868595123291
37,-79,9.1816234588623
38,-79,8.87321090698242
39,-79,8.98850345611572
40,-79,9.14511871337891
41,-79,9.29641056060791
42,-79,9.58524513244629
43,-79,10.1747989654541
44,-79,10.4646034240723
45,-79,10.9493236541748
46,-79,11.4949407577515
47,-79,11.1488838195801
48,-79,11.3108024597168
49,-79,10.8653354644775
50,-79,10.0873889923096
51,-79,10.1381216049194
52,-79,10.7443943023682
53,-79,11.0926780700684
54,-79,10.0706796646118
55,-79,8.49857807159424
56,-79,8.70273208618164
57,-79,8.66649627685547
58,-79,8.67806911468506
59,-79,8.73416996002197
60,-79,9.01345729827881
61,-79,9.51306343078613
62,-79,9.85918045043945
63,-79,9.90013313293457
64,-79,9.94814300537109
65,-79,9.77192401885986
66,-79,9.49498844146729
67,-79,9.18636703491211
68,-79,9.04083442687988
69,-79,9.21243476867676
70,-79,9.63489246368408
71,-79,10.0443801879883
72,-79,10.464075088501
73,-79,10.9571714401245
74,-79,11.485728263855
75,-79,11.8529996871948
76,-79,12.4697914123535
77,-79,13.2500467300415
78,-79,14.2485761642456
79,-79,15.606409072876
80,-79,16.8162364959717
81,-79,16.3854789733887
82,-79,15.9068698883057
83,-79,15.0507783889771
84,-79,14.097146987915
85,-79,13.6110877990723
86,-79,13.7706890106201
87,-79,13.9388961791992
88,-79,13.6549777984619
89,-79,13.4792938232422
90,-79,13.4406661987305
91,-79,13.4122772216797
92,-79,13.4019231796265
93,-79,13.633038520813
94,-79,14.0953760147095
95,-79,16.147891998291
96,-79,18.886791229248
97,-79,21.7099514007568
98,-79,25.4641990661621
99,-79,29.4624977111816
100,-79,33.3790054321289
101,-79,35.4309883117676
102,-79,36.2393951416016
103,-79,34.1262702941895
104,-79,31.9863243103027
105,-79,30.7311630249023
106,-79,30.384183883667
107,-79,30.4948711395264
108,-79,30.9553108215332
109,-79,31.1262073516846
110,-79,31.2032470703125
111,-79,31.5703830718994
112,-79,31.2666339874268
113,-79,30.4330005645752
114,-79,29.917896270752
115,-79,29.634801864624
116,-79,28.7246818542481
117,-79,26.7602481842041
118,-79,23.0085620880127
119,-79,18.886531829834
120,-79,15.3189334869385
121,-79,12.1171226501465
122,-79,10.2990007400513
123,-79,9.4854679107666
124,-79,8.67804050445557
125,-79,7.90856838226318
126,-79,7.74031829833984
127,-79,7.94810628890991
128,-79,8.55758571624756
129,-79,9.66995525360107
130,-79,10.9682397842407
131,-79,12.8962030410767
132,-79,14.890380859375
133,-79,16.5569381713867
134,-79,17.9936618804932
135,-79,19.0702590942383
136,-79,19.6111011505127
137,-79,19.9424171447754
138,-79,19.6443958282471
139,-79,19.4928512573242
140,-79,20.2953948974609
141,-79,20.7768363952637
142,-79,22.4596061706543
143,-79,24.9390163421631
144,-79,28.4826717376709
145,-79,32.1660804748535
146,-79,31.6875743865967
147,-79,29.7155723571777
148,-79,25.4208869934082
149,-79,20.7431964874268
150,-79,19.2269268035889
151,-79,18.1389541625977
152,-79,17.9030361175537
153,-79,17.7747840881348
154,-79,18.5017776489258
155,-79,19.462718963623
156,-79,21.321533203125
157,-79,22.8767490386963
158,-79,24.1404342651367
159,-79,24.160099029541
160,-79,22.4551773071289
161,-79,24.1774253845215
162,-79,27.5681343078613
163,-79,30.0737762451172
164,-79,32.067195892334
165,-79,34.0915870666504
166,-79,35.6217193603516
167,-79,36.2221298217773
168,-79,35.9288635253906
169,-79,34.8865585327148
170,-79,33.063591003418
171,-79,31.6050472259522
172,-79,30.4897842407227
173,-79,30.2600955963135
174,-79,32.1853485107422
175,-79,36.0261077880859
176,-79,40.6757965087891
177,-79,44.7858123779297
178,-79,49.2353363037109
179,-79,46.5094337463379
180,-79,32.5152778625488
181,-79,34.2807846069336
182,-79,38.7733001708984
183,-79,48.9375076293945
184,-79,60.167236328125
185,-79,50.8860969543457
186,-79,47.7251510620117
187,-79,43.7783889770508
188,-79,41.3437271118164
189,-79,48.0063056945801
190,-79,58.7135810852051
191,-79,69.1509552001953
192,-79,80.8066101074219
193,-79,81.0897216796875
194,-79,69.7823791503906
195,-79,48.5587730407715
196,-79,33.6940956115723
197,-79,24.7789039611816
198,-79,21.5104026794434
199,-79,18.0007362365723
200,-79,15.2063264846802
201,-79,14.3716163635254
202,-79,13.2951908111572
203,-79,13.3395252227783
204,-79,13.3886976242065
205,-79,13.9283409118652
206,-79,14.4035205841064
207,-79,14.6402053833008
208,-79,14.5947036743164
209,-79,13.778076171875
210,-79,13.6398754119873
211,-79,13.9984951019287
212,-79,14.1763372421265
213,-79,14.0639781951904
214,-79,13.1518630981445
215,-79,13.0276899337769
216,-79,12.5480051040649
217,-79,12.9783372879028
218,-79,14.1628704071045
219,-79,15.013970375061
220,-79,15.9571866989136
221,-79,15.8547620773315
222,-79,14.2211923599243
223,-79,13.1270895004272
224,-79,12.9855432510376
225,-79,13.0216226577759
226,-79,13.7216339111328
227,-79,14.3825845718384
228,-79,13.9369812011719
229,-79,13.3668117523193
230,-79,13.6144752502441
231,-79,13.8912649154663
232,-79,14.5144100189209
233,-79,15.3142795562744
234,-79,16.2951793670654
235,-79,17.2495994567871
236,-79,17.8132305145264
237,-79,17.789966583252
238,-79,17.6863956451416
239,-79,17.988302230835
240,-79,17.6502246856689
241,-79,16.7821712493897
242,-79,17.071310043335
243,-79,18.2090320587158
244,-79,18.1758079528809
245,-79,17.2931537628174
246,-79,16.3862457275391
247,-79,15.3526201248169
248,-79,14.1866521835327
249,-79,12.8473482131958
250,-79,11.7707939147949
251,-79,11.2167530059814
252,-79,10.8607721328735
253,-79,11.85768699646
254,-79,12.8590316772461
255,-79,14.3304214477539
256,-79,15.8568782806396
257,-79,19.3566761016846
258,-79,23.2422485351563
259,-79,24.4947662353516
260,-79,23.5115909576416
261,-79,21.4588794708252
262,-79,18.340648651123
263,-79,15.5258188247681
264,-79,15.5429162979126
265,-79,16.0479259490967
266,-79,16.5427284240723
267,-79,17.0749893188477
268,-79,17.6605739593506
269,-79,18.0474281311035
270,-79,18.0940322875977
271,-79,17.9876403808594
272,-79,17.7388114929199
273,-79,17.1873149871826
274,-79,15.8361978530884
275,-79,14.6320037841797
276,-79,13.8851499557495
277,-79,13.5388202667236
278,-79,13.4096899032593
279,-79,13.0993556976318
280,-79,13.1013650894165
281,-79,13.6033935546875
282,-79,15.4244527816772
283,-79,17.2034587860107
284,-79,18.4237785339355
285,-79,19.3622798919678
286,-79,20.9603271484375
287,-79,23.2311820983887
288,-79,26.2451858520508
289,-79,29.7944049835205
290,-79,33.3956756591797
291,-79,36.997501373291
292,-79,38.6212882995606
293,-79,40.7511672973633
294,-79,43.5510215759277
295,-79,46.7856864929199
296,-79,43.5176429748535
297,-79,41.0653800964356
298,-79,39.1322860717773
299,-79,34.407527923584
300,-79,29.4004039764404
301,-79,26.1921653747559
302,-79,24.3669414520264
303,-79,22.7719287872315
304,-79,21.8274250030518
305,-79,21.4345741271973
306,-79,21.4687767028809
307,-79,21.6917209625244
308,-79,21.3628711700439
309,-79,20.2640838623047
310,-79,19.41575050354
311,-79,18.2946701049805
312,-79,16.7923412322998
313,-79,15.8516597747803
314,-79,16.068660736084
315,-79,16.3091259002686
316,-79,16.975004196167
317,-79,17.6923713684082
318,-79,18.1718063354492
319,-79,18.3568572998047
320,-79,18.5147247314453
321,-79,18.8543853759766
322,-79,19.11350440979
323,-79,19.0338726043701
324,-79,18.7717781066895
325,-79,16.793420791626
326,-79,14.8497791290283
327,-79,15.0608358383179
328,-79,15.2871913909912
329,-79,15.0633859634399
330,-79,14.7668533325195
331,-79,15.3262825012207
332,-79,16.0182704925537
333,-79,16.6368961334229
334,-79,17.1975250244141
335,-79,17.6019668579102
336,-79,18.2232360839844
337,-79,18.2411689758301
338,-79,17.8413524627686
339,-79,16.5640068054199
340,-79,14.8189401626587
341,-79,13.5432987213135
342,-79,12.3737564086914
343,-79,11.8045892715454
344,-79,11.4375200271606
345,-79,11.4352855682373
346,-79,11.7079544067383
347,-79,11.740758895874
348,-79,11.7986116409302
349,-79,11.0670175552368
350,-79,10.0410261154175
351,-79,9.54131031036377
352,-79,9.09967803955078
353,-79,8.77863502502441
354,-79,8.7393970489502
355,-79,9.0101203918457
356,-79,9.69385051727295
357,-79,10.2324256896973
358,-79,10.0662803649902
359,-79,9.71603488922119
7,-78,6.0881233215332
8,-78,6.17971420288086
9,-78,6.27018785476685
10,-78,6.34987926483154
11,-78,6.36020565032959
12,-78,6.31429958343506
13,-78,6.26558685302734
35,-78,6.09780025482178
36,-78,6.3659782409668
37,-78,6.76356554031372
38,-78,7.15960597991943
39,-78,7.57931613922119
40,-78,8.13321876525879
41,-78,8.06728363037109
42,-78,8.59500980377197
43,-78,8.84365940093994
44,-78,9.99818325042725
45,-78,11.8294239044189
46,-78,12.2680721282959
47,-78,12.4457807540894
48,-78,12.3309354782105
49,-78,11.1506853103638
50,-78,11.0215749740601
51,-78,12.4254341125488
52,-78,13.1271934509277
53,-78,12.7124662399292
54,-78,12.3690309524536
55,-78,10.4369564056396
56,-78,8.64649963378906
57,-78,8.23282337188721
58,-78,7.93911790847778
59,-78,8.16202926635742
60,-78,8.62389278411865
61,-78,8.77412986755371
62,-78,8.66417694091797
63,-78,8.80419540405273
64,-78,9.09054279327393
65,-78,9.10758018493652
66,-78,8.80723190307617
67,-78,8.47870540618897
68,-78,8.23009490966797
69,-78,7.83209419250488
70,-78,7.22586345672607
71,-78,6.9642333984375
72,-78,7.32650136947632
73,-78,7.72436618804932
74,-78,8.34445571899414
75,-78,9.0769510269165
76,-78,10.6714239120483
77,-78,12.4267301559448
78,-78,15.4951286315918
79,-78,18.5786781311035
80,-78,20.0362377166748
81,-78,21.3601207733154
82,-78,20.7208976745605
83,-78,19.6737518310547
84,-78,19.0021381378174
85,-78,18.4592151641846
86,-78,18.2404365539551
87,-78,18.4935646057129
88,-78,18.2770900726318
89,-78,16.7636737823486
90,-78,15.4070606231689
91,-78,14.3878211975098
92,-78,13.2471866607666
93,-78,13.1739568710327
94,-78,13.2162256240845
95,-78,13.5340766906738
96,-78,14.3528022766113
97,-78,15.5570306777954
98,-78,17.9588279724121
99,-78,21.004467010498
100,-78,25.3619956970215
101,-78,29.0379123687744
102,-78,30.9524917602539
103,-78,30.6774559020996
104,-78,30.3108177185059
105,-78,29.7069931030273
106,-78,28.8280277252197
107,-78,28.0787410736084
108,-78,27.0800323486328
109,-78,25.6428756713867
110,-78,25.6337661743164
111,-78,26.5615825653076
112,-78,27.2767009735107
113,-78,26.8440475463867
114,-78,25.2343292236328
115,-78,22.7464084625244
116,-78,20.0477676391602
117,-78,17.5856914520264
118,-78,15.0487909317017
119,-78,12.3550758361816
120,-78,10.5001544952393
121,-78,9.76609897613525
122,-78,9.52360916137695
123,-78,9.57175445556641
124,-78,9.61912631988525
125,-78,9.87726879119873
126,-78,10.1776466369629
127,-78,10.6237239837646
128,-78,11.0571880340576
129,-78,11.6322412490845
130,-78,12.187783241272
131,-78,13.6565990447998
132,-78,15.4063949584961
133,-78,16.9957695007324
134,-78,18.3315944671631
135,-78,22.5428676605225
136,-78,27.8961486816406
137,-78,30.5996246337891
138,-78,32.5516052246094
139,-78,31.6455574035645
140,-78,29.418773651123
141,-78,27.7808704376221
142,-78,26.9791107177734
143,-78,27.4129676818848
144,-78,27.9673461914063
145,-78,26.614818572998
146,-78,25.3055744171143
147,-78,25.8035011291504
148,-78,27.5824813842773
149,-78,30.8060302734375
150,-78,32.6637725830078
151,-78,33.8857765197754
152,-78,36.8511352539063
153,-78,40.004997253418
154,-78,43.5882110595703
155,-78,46.6390800476074
156,-78,49.1986656188965
157,-78,48.4461364746094
158,-78,46.586353302002
159,-78,46.4924163818359
160,-78,51.5024566650391
161,-78,63.7779388427734
162,-78,76.7498092651367
163,-78,90.2682876586914
164,-78,109.178192138672
165,-78,115.961608886719
166,-78,110.133911132813
167,-78,92.2536315917969
168,-78,73.4575805664063
169,-78,53.7248420715332
170,-78,40.5322303771973
171,-78,31.0193214416504
172,-78,25.0260944366455
173,-78,20.4991130828857
174,-78,19.183895111084
175,-78,18.8942642211914
176,-78,19.2677803039551
177,-78,20.733528137207
178,-78,22.0288715362549
179,-78,23.3219413757324
180,-78,24.9802093505859
181,-78,25.9480094909668
182,-78,27.5710334777832
183,-78,29.753288269043
184,-78,31.7362155914307
185,-78,33.0924758911133
186,-78,33.0322380065918
187,-78,33.2452621459961
188,-78,34.8751220703125
189,-78,39.1997528076172
190,-78,43.7665328979492
191,-78,51.6321105957031
192,-78,59.9976806640625
193,-78,65.2713088989258
194,-78,74.3072204589844
195,-78,79.3748474121094
196,-78,78.6508026123047
197,-78,62.8034286499024
198,-78,38.0513343811035
199,-78,28.4023761749268
200,-78,23.4586601257324
201,-78,20.2304840087891
202,-78,19.2800369262695
203,-78,17.8764667510986
204,-78,17.2923049926758
205,-78,17.0807399749756
206,-78,16.2214603424072
207,-78,15.3152179718018
208,-78,15.4593019485474
209,-78,15.1742477416992
210,-78,15.0163345336914
211,-78,14.7570858001709
212,-78,14.3940982818604
213,-78,13.9489974975586
214,-78,13.1684465408325
215,-78,13.22008228302
216,-78,13.1783752441406
217,-78,12.4228477478027
218,-78,11.8162355422974
219,-78,11.3167171478272
220,-78,11.1648740768433
221,-78,12.3675451278687
222,-78,13.2879047393799
223,-78,12.5482940673828
224,-78,12.1902980804443
225,-78,12.3325252532959
226,-78,12.2665605545044
227,-78,12.1413650512695
228,-78,11.7823314666748
229,-78,11.2555122375488
230,-78,11.5023059844971
231,-78,11.5575695037842
232,-78,11.7698030471802
233,-78,12.0743227005005
234,-78,11.7436208724976
235,-78,11.5111837387085
236,-78,10.445686340332
237,-78,9.40998935699463
238,-78,10.3056049346924
239,-78,11.1224317550659
240,-78,11.9167394638062
241,-78,12.115288734436
242,-78,11.9816017150879
243,-78,12.7536878585815
244,-78,14.2274332046509
245,-78,14.3132495880127
246,-78,13.5464878082275
247,-78,13.647346496582
248,-78,14.1735906600952
249,-78,13.1644868850708
250,-78,11.8713130950928
251,-78,10.5958271026611
252,-78,9.36036396026611
253,-78,9.75711059570312
254,-78,10.3044757843018
255,-78,10.9366579055786
256,-78,11.5792837142944
257,-78,14.1287393569946
258,-78,16.6642036437988
259,-78,22.6655349731445
260,-78,28.820125579834
261,-78,23.6272716522217
262,-78,16.2427825927734
263,-78,13.1648616790772
264,-78,12.0631160736084
265,-78,12.6401014328003
266,-78,14.5365734100342
267,-78,16.4502582550049
268,-78,17.9258422851563
269,-78,19.7029895782471
270,-78,21.7505626678467
271,-78,23.2225379943848
272,-78,22.6179904937744
273,-78,20.5719795227051
274,-78,17.5917053222656
275,-78,15.5044784545898
276,-78,14.2784414291382
277,-78,14.1218929290772
278,-78,14.0016088485718
279,-78,13.2861928939819
280,-78,12.7304830551147
281,-78,12.924861907959
282,-78,14.1523370742798
283,-78,15.7859926223755
284,-78,16.9949836730957
285,-78,18.3070697784424
286,-78,20.1521186828613
287,-78,22.4366188049316
288,-78,23.7766857147217
289,-78,25.1976013183594
290,-78,27.241039276123
291,-78,28.074125289917
292,-78,28.343900680542
293,-78,26.1025924682617
294,-78,21.9274940490723
295,-78,19.816032409668
296,-78,19.0014266967773
297,-78,17.8925189971924
298,-78,17.3428573608398
299,-78,17.5801811218262
300,-78,17.6428470611572
301,-78,17.5934391021729
302,-78,17.6804637908936
303,-78,16.8220520019531
304,-78,15.6892623901367
305,-78,14.6686458587646
306,-78,13.9626560211182
307,-78,13.6722259521484
308,-78,13.8949413299561
309,-78,13.9791774749756
310,-78,13.8954582214355
311,-78,14.1915483474731
312,-78,14.5517435073853
313,-78,14.9845190048218
314,-78,14.6858749389648
315,-78,13.8119058609009
316,-78,13.1991271972656
317,-78,12.8527498245239
318,-78,12.6097574234009
319,-78,12.5486183166504
320,-78,12.7093086242676
321,-78,12.9383773803711
322,-78,13.3155479431152
323,-78,13.9151821136475
324,-78,15.4924011230469
325,-78,17.8126525878906
326,-78,18.259147644043
327,-78,17.566722869873
328,-78,17.2159233093262
329,-78,17.0089626312256
330,-78,16.4970664978027
331,-78,15.9371309280396
332,-78,15.2710390090942
333,-78,14.6651277542114
334,-78,15.3874244689941
335,-78,16.0212230682373
336,-78,15.8883972167969
337,-78,15.5390739440918
338,-78,14.906361579895
339,-78,15.0324878692627
340,-78,16.165599822998
341,-78,17.8448543548584
342,-78,19.6232433319092
343,-78,18.9275283813477
344,-78,17.7565307617188
345,-78,16.1192474365234
346,-78,14.5874366760254
347,-78,12.9624185562134
348,-78,11.1398391723633
349,-78,10.1531610488892
350,-78,9.08516025543213
351,-78,8.11326503753662
352,-78,7.38561916351318
353,-78,6.75193357467651
354,-78,6.37753582000732
355,-78,6.12123584747315
6,-77,6.21284580230713
7,-77,6.23991298675537
8,-77,6.08906745910645
9,-77,6.07584095001221
36,-77,6.47472953796387
37,-77,6.60400485992432
38,-77,6.82668113708496
39,-77,7.10901498794556
40,-77,7.7684760093689
41,-77,8.1611270904541
42,-77,7.80150985717773
43,-77,7.39168500900269
44,-77,7.57721757888794
45,-77,7.89102506637573
46,-77,8.62405014038086
47,-77,9.35489654541016
48,-77,10.3751316070557
49,-77,11.1113042831421
50,-77,12.6007490158081
51,-77,15.0038957595825
52,-77,14.289966583252
53,-77,13.3155040740967
54,-77,12.1423349380493
55,-77,10.0478601455688
56,-77,9.22492694854736
57,-77,8.83333492279053
58,-77,8.41164493560791
59,-77,7.93039035797119
60,-77,8.25375461578369
61,-77,8.71247863769531
62,-77,9.05669593811035
63,-77,9.26766872406006
64,-77,9.60031986236572
65,-77,9.60653400421143
66,-77,8.84857559204102
67,-77,8.27630424499512
68,-77,8.00088405609131
69,-77,7.8161735534668
70,-77,7.78628063201904
71,-77,7.96588087081909
72,-77,8.54733467102051
73,-77,9.32205963134766
74,-77,10.2902145385742
75,-77,11.1737995147705
76,-77,12.0192365646362
77,-77,12.5115594863892
78,-77,12.7476625442505
79,-77,12.5666666030884
80,-77,12.1224222183228
81,-77,11.7303924560547
82,-77,11.3878173828125
83,-77,11.2706985473633
84,-77,11.2692451477051
85,-77,10.6252002716064
86,-77,9.60471153259277
87,-77,9.02506637573242
88,-77,8.66461277008057
89,-77,8.7160120010376
90,-77,9.07331848144531
91,-77,9.16312599182129
92,-77,9.06084632873535
93,-77,9.1343412399292
94,-77,9.58082866668701
95,-77,10.046480178833
96,-77,10.0421409606934
97,-77,10.065770149231
98,-77,10.7362041473389
99,-77,11.5957927703857
100,-77,13.3993330001831
101,-77,15.190013885498
102,-77,17.1044540405273
103,-77,20.6472473144531
104,-77,24.3769187927246
105,-77,24.6502876281738
106,-77,22.5199489593506
107,-77,21.2238140106201
108,-77,20.091215133667
109,-77,19.9422645568848
110,-77,20.5400867462158
111,-77,21.3268260955811
112,-77,22.4557285308838
113,-77,23.7890968322754
114,-77,25.4308109283447
115,-77,25.5810356140137
116,-77,24.470552444458
117,-77,21.421085357666
118,-77,17.8724308013916
119,-77,14.4272556304932
120,-77,12.141580581665
121,-77,10.9114894866943
122,-77,11.0347175598145
123,-77,11.5960683822632
124,-77,12.3491725921631
125,-77,13.0443325042725
126,-77,14.0653381347656
127,-77,14.9280996322632
128,-77,14.9872646331787
129,-77,14.9169597625732
130,-77,15.5372304916382
131,-77,15.7611541748047
132,-77,15.7284994125366
133,-77,15.7623729705811
134,-77,16.0143241882324
135,-77,16.5165538787842
136,-77,17.1968574523926
137,-77,19.1183547973633
138,-77,22.0268154144287
139,-77,26.6496353149414
140,-77,30.2378807067871
141,-77,32.4690475463867
142,-77,33.8579711914063
143,-77,35.0925903320313
144,-77,34.4235534667969
145,-77,34.6815757751465
146,-77,37.4479064941406
147,-77,41.6564559936523
148,-77,46.6628761291504
149,-77,47.687858581543
150,-77,47.9380264282227
151,-77,47.0988616943359
152,-77,46.5185699462891
153,-77,46.7166976928711
154,-77,49.3145484924316
155,-77,48.5751152038574
156,-77,45.7152938842773
157,-77,44.1409034729004
158,-77,44.0187530517578
159,-77,44.728271484375
160,-77,48.2131729125977
161,-77,55.0636444091797
162,-77,67.19580078125
163,-77,82.0170516967774
164,-77,95.1335601806641
165,-77,102.28987121582
166,-77,128.724807739258
167,-77,138.321670532227
168,-77,99.6413879394531
169,-77,69.620719909668
170,-77,44.5475311279297
171,-77,35.207763671875
172,-77,32.6436958312988
173,-77,31.4032096862793
174,-77,29.7937431335449
175,-77,29.2431335449219
176,-77,28.8841323852539
177,-77,29.4260692596436
178,-77,30.591760635376
179,-77,31.8184089660645
180,-77,33.1785469055176
181,-77,31.7695598602295
182,-77,32.5322647094727
183,-77,34.6723670959473
184,-77,35.4616203308106
185,-77,38.8399848937988
186,-77,43.4884071350098
187,-77,48.9039039611816
188,-77,53.2942047119141
189,-77,59.2112350463867
190,-77,68.9907836914063
191,-77,84.3996429443359
192,-77,105.178695678711
193,-77,120.877685546875
194,-77,107.189651489258
195,-77,91.7769775390625
196,-77,66.3580780029297
197,-77,50.6898345947266
198,-77,35.2204208374023
199,-77,28.3259124755859
200,-77,25.4303302764893
201,-77,25.3143539428711
202,-77,24.4466857910156
203,-77,24.8034534454346
204,-77,24.6852855682373
205,-77,21.6254692077637
206,-77,19.7733917236328
207,-77,18.5545902252197
208,-77,17.874870300293
209,-77,17.4129028320313
210,-77,16.8703746795654
211,-77,16.1791839599609
212,-77,15.4100980758667
213,-77,14.8647441864014
214,-77,14.5699491500854
215,-77,13.5403165817261
216,-77,12.1474781036377
217,-77,11.1192817687988
218,-77,10.6433057785034
219,-77,9.93474292755127
220,-77,10.80029296875
221,-77,11.597749710083
222,-77,12.5504179000855
223,-77,13.4376792907715
224,-77,14.3815746307373
225,-77,13.8990392684937
226,-77,12.813362121582
227,-77,12.1492900848389
228,-77,11.7163591384888
229,-77,12.2207450866699
230,-77,11.9505424499512
231,-77,11.0573720932007
232,-77,10.461971282959
233,-77,10.0049629211426
234,-77,9.21031761169434
235,-77,8.29959487915039
236,-77,7.6768684387207
237,-77,7.92594814300537
238,-77,8.28019332885742
239,-77,8.66206455230713
240,-77,9.26202392578125
241,-77,8.79726314544678
242,-77,8.79385757446289
243,-77,9.46304321289062
244,-77,10.5612277984619
245,-77,11.9681644439697
246,-77,12.2788324356079
247,-77,12.3409185409546
248,-77,11.4028425216675
249,-77,10.4469747543335
250,-77,9.40847206115723
251,-77,8.92358589172363
252,-77,8.87068271636963
253,-77,9.06281852722168
254,-77,9.33769035339355
255,-77,11.0699577331543
256,-77,13.2048120498657
257,-77,17.4792785644531
258,-77,21.3899097442627
259,-77,23.1569309234619
260,-77,23.8288307189941
261,-77,22.9937324523926
262,-77,22.4953117370605
263,-77,22.6030235290527
264,-77,20.9111061096191
265,-77,17.7614917755127
266,-77,16.4351596832275
267,-77,16.4275169372559
268,-77,17.1797618865967
269,-77,18.8708229064941
270,-77,20.6513938903809
271,-77,22.2219390869141
272,-77,22.7784481048584
273,-77,20.6461868286133
274,-77,18.1469554901123
275,-77,16.0245838165283
276,-77,14.7043733596802
277,-77,14.2129592895508
278,-77,14.3586654663086
279,-77,14.1714115142822
280,-77,13.1714363098145
281,-77,13.0671615600586
282,-77,13.3333578109741
283,-77,13.6843404769897
284,-77,14.4544296264648
285,-77,14.0842666625977
286,-77,13.6142225265503
287,-77,13.3226823806763
288,-77,13.6851997375488
289,-77,14.1318473815918
290,-77,14.8839254379272
291,-77,16.9004974365234
292,-77,19.4125804901123
293,-77,20.5672264099121
294,-77,20.88547706604
295,-77,19.7348670959473
296,-77,17.9580841064453
297,-77,15.96728515625
298,-77,14.3200626373291
299,-77,13.2058820724487
300,-77,13.1852416992188
301,-77,13.4312801361084
302,-77,13.5648050308228
303,-77,13.8164854049683
304,-77,13.6058979034424
305,-77,12.5756940841675
306,-77,11.3219242095947
307,-77,10.4496698379517
308,-77,10.050609588623
309,-77,10.3006505966187
310,-77,10.7007761001587
311,-77,10.9634637832642
312,-77,11.0879764556885
313,-77,11.0417213439941
314,-77,10.9207897186279
315,-77,10.8508415222168
316,-77,10.7350177764893
317,-77,10.374044418335
318,-77,9.81050395965576
319,-77,9.20406627655029
320,-77,9.32962799072266
321,-77,9.86483860015869
322,-77,10.4029521942139
323,-77,10.9457292556763
324,-77,12.0537958145142
325,-77,13.1846904754639
326,-77,14.4586172103882
327,-77,15.183500289917
328,-77,15.1592817306519
329,-77,14.6702899932861
330,-77,13.9072332382202
331,-77,13.2167959213257
332,-77,12.5313768386841
333,-77,11.6601228713989
334,-77,11.3848133087158
335,-77,11.9422407150269
336,-77,12.2149772644043
337,-77,12.4505233764648
338,-77,12.947732925415
339,-77,13.3785820007324
340,-77,13.7300138473511
341,-77,13.4389114379883
342,-77,12.0207872390747
343,-77,11.1167945861816
344,-77,10.2930603027344
345,-77,9.77301120758057
346,-77,9.22439193725586
347,-77,8.86791133880615
348,-77,8.98825263977051
349,-77,9.84979438781738
350,-77,9.20123195648193
351,-77,7.9579610824585
352,-77,7.46781015396118
353,-77,6.99215412139893
354,-77,6.8093204498291
355,-77,6.38679027557373
41,-76,6.2139310836792
42,-76,6.25248718261719
44,-76,6.15180349349976
45,-76,6.37211990356445
46,-76,6.93816518783569
47,-76,7.6648097038269
48,-76,8.98313426971436
49,-76,10.4801692962646
50,-76,11.8681287765503
51,-76,13.2871341705322
52,-76,13.4352903366089
53,-76,13.1840953826904
54,-76,12.3790054321289
55,-76,11.4639015197754
56,-76,10.6022272109985
57,-76,10.066068649292
58,-76,9.48926544189453
59,-76,9.27050876617432
60,-76,8.87452793121338
61,-76,8.7803373336792
62,-76,8.63107109069824
63,-76,9.00620269775391
64,-76,9.11062622070312
65,-76,8.77550601959229
66,-76,9.14369010925293
67,-76,9.78230667114258
68,-76,9.86529922485352
69,-76,9.53833198547363
70,-76,9.27282905578613
71,-76,9.25865936279297
72,-76,9.81737518310547
73,-76,10.9449872970581
74,-76,12.5876817703247
75,-76,12.0420637130737
76,-76,10.6203489303589
77,-76,9.87618923187256
78,-76,9.19834518432617
79,-76,8.44944000244141
80,-76,7.87564563751221
81,-76,7.72001123428345
82,-76,7.78294372558594
83,-76,8.12563514709473
84,-76,8.41221618652344
85,-76,8.62593460083008
86,-76,8.56448936462402
87,-76,8.43105411529541
88,-76,8.25104713439941
89,-76,8.14707946777344
90,-76,8.75193309783936
91,-76,9.14937686920166
92,-76,8.83720302581787
93,-76,8.55782985687256
94,-76,8.44741821289063
95,-76,8.32619953155518
96,-76,8.50971508026123
97,-76,8.90344047546387
98,-76,9.70647811889648
99,-76,10.812593460083
100,-76,11.9232330322266
101,-76,12.8320779800415
102,-76,12.9500942230225
103,-76,13.1866884231567
104,-76,15.0179443359375
105,-76,17.2003231048584
106,-76,17.7934799194336
107,-76,17.5798568725586
108,-76,18.4159965515137
109,-76,21.3796081542969
110,-76,23.3627033233643
111,-76,22.9893913269043
112,-76,22.9222450256348
113,-76,24.2307929992676
114,-76,26.1251964569092
115,-76,28.2305641174316
116,-76,29.0744132995606
117,-76,26.7898063659668
118,-76,22.3631858825684
119,-76,17.7834033966064
120,-76,14.257435798645
121,-76,13.1371364593506
122,-76,13.3786306381226
123,-76,13.8586044311523
124,-76,14.3285484313965
125,-76,15.0630044937134
126,-76,15.7849168777466
127,-76,15.8712139129639
128,-76,15.1176357269287
129,-76,13.4931354522705
130,-76,11.7868270874023
131,-76,11.5198469161987
132,-76,11.835262298584
133,-76,12.3037328720093
134,-76,12.5381803512573
135,-76,12.7873125076294
136,-76,13.1691160202026
137,-76,13.6347618103027
138,-76,14.9578418731689
139,-76,16.8414096832275
140,-76,17.9439659118652
141,-76,18.7046051025391
142,-76,20.2256202697754
143,-76,23.519416809082
144,-76,26.0962181091309
145,-76,27.5687637329102
146,-76,31.355583190918
147,-76,37.1718826293945
148,-76,42.7206268310547
149,-76,45.4308624267578
150,-76,46.1492233276367
151,-76,51.1031188964844
152,-76,52.5680618286133
153,-76,51.1666603088379
154,-76,44.3882293701172
155,-76,39.6462249755859
156,-76,36.6569976806641
157,-76,36.5650405883789
158,-76,35.8252754211426
159,-76,34.5846977233887
160,-76,32.7062873840332
161,-76,32.7154121398926
162,-76,34.9228897094727
163,-76,38.8494377136231
164,-76,44.6423759460449
165,-76,49.64013671875
166,-76,54.5116767883301
167,-76,59.7770233154297
168,-76,51.6948623657227
169,-76,41.4302482604981
170,-76,38.3160438537598
171,-76,40.0508422851563
172,-76,43.0178375244141
173,-76,47.8293304443359
174,-76,51.3121299743652
175,-76,45.3685989379883
176,-76,42.1060409545898
177,-76,40.036506652832
178,-76,38.9918556213379
179,-76,38.2633819580078
180,-76,37.1205406188965
181,-76,35.4382171630859
182,-76,34.4524002075195
183,-76,33.4762496948242
184,-76,33.4845352172852
185,-76,35.8526916503906
186,-76,39.3991165161133
187,-76,42.5977516174316
188,-76,42.2887420654297
189,-76,42.1820182800293
190,-76,45.3301658630371
191,-76,51.8942184448242
192,-76,58.0887908935547
193,-76,62.9140968322754
194,-76,57.9608726501465
195,-76,44.9373054504395
196,-76,37.121223449707
197,-76,33.4077529907227
198,-76,30.060998916626
199,-76,24.7289543151856
200,-76,22.4375190734863
201,-76,20.8976154327393
202,-76,20.354377746582
203,-76,19.8251724243164
204,-76,19.0985107421875
205,-76,18.9911308288574
206,-76,19.3805465698242
207,-76,19.3632354736328
208,-76,19.0189571380615
209,-76,17.864185333252
210,-76,17.4607772827148
211,-76,17.4234619140625
212,-76,17.4236316680908
213,-76,17.8462791442871
214,-76,16.9119834899902
215,-76,15.6634254455566
216,-76,14.7489395141602
217,-76,14.6018133163452
218,-76,14.5551471710205
219,-76,14.5380563735962
220,-76,14.4168758392334
221,-76,14.2124614715576
222,-76,14.3554582595825
223,-76,14.3317928314209
224,-76,14.4076805114746
225,-76,14.6465215682983
226,-76,15.431941986084
227,-76,15.4248666763306
228,-76,14.8916168212891
229,-76,13.1945667266846
230,-76,11.9087390899658
231,-76,11.8500652313232
232,-76,11.0844783782959
233,-76,9.65425968170166
234,-76,9.51071071624756
235,-76,9.7791805267334
236,-76,10.7178936004639
237,-76,9.81862449645996
238,-76,8.57846164703369
239,-76,7.11953020095825
240,-76,6.92389583587647
241,-76,6.94381475448608
242,-76,7.30650615692139
243,-76,7.75278949737549
244,-76,8.23879814147949
245,-76,8.62314510345459
246,-76,9.11703109741211
247,-76,9.33688545227051
248,-76,9.2655029296875
249,-76,9.07755374908447
250,-76,8.22948455810547
251,-76,7.74116373062134
252,-76,7.87180519104004
253,-76,8.35016059875488
254,-76,8.97644996643066
255,-76,9.68984699249268
256,-76,10.3731155395508
257,-76,10.9056415557861
258,-76,11.7681531906128
259,-76,12.845950126648
260,-76,13.0351696014404
261,-76,13.3824186325073
262,-76,16.8951950073242
263,-76,20.2717952728272
264,-76,22.6834602355957
265,-76,22.9798736572266
266,-76,20.6295776367188
267,-76,18.0977993011475
268,-76,16.958366394043
269,-76,17.7552547454834
270,-76,20.0548801422119
271,-76,20.9896717071533
272,-76,19.7363929748535
273,-76,18.3151149749756
274,-76,18.0490417480469
275,-76,17.76220703125
276,-76,16.6000747680664
277,-76,15.5629262924194
278,-76,16.0764694213867
279,-76,16.1144695281982
280,-76,14.7456722259522
281,-76,12.4702415466309
282,-76,10.9103813171387
283,-76,9.82516002655029
284,-76,8.66710090637207
285,-76,7.79965257644653
286,-76,7.02839136123657
287,-76,7.35474920272827
288,-76,8.44442939758301
289,-76,9.77592945098877
290,-76,9.94668865203857
291,-76,10.0050039291382
292,-76,10.6436614990234
293,-76,11.4130201339722
294,-76,12.0540618896484
295,-76,12.9779663085938
296,-76,13.6981067657471
297,-76,13.0869617462158
298,-76,12.9389085769653
299,-76,12.5058326721191
300,-76,11.6927709579468
301,-76,11.0648021697998
302,-76,10.3969421386719
303,-76,9.46857070922852
304,-76,8.47781372070313
305,-76,8.36055850982666
306,-76,8.6846170425415
307,-76,8.70957374572754
308,-76,8.53447723388672
309,-76,8.70957088470459
310,-76,8.81774711608887
311,-76,8.17271518707275
312,-76,7.39655685424805
313,-76,6.94736003875732
314,-76,6.69254732131958
315,-76,6.72645425796509
316,-76,6.92987394332886
317,-76,7.33060169219971
318,-76,7.41936302185059
319,-76,7.35693883895874
320,-76,7.78134202957153
321,-76,8.45008945465088
322,-76,9.50046348571777
323,-76,10.2290649414063
324,-76,10.486273765564
325,-76,10.6602754592896
326,-76,10.809552192688
327,-76,11.0097541809082
328,-76,10.774001121521
329,-76,9.94753170013428
330,-76,9.81349849700928
331,-76,10.0522880554199
332,-76,11.538426399231
333,-76,12.1735172271729
334,-76,12.0870513916016
335,-76,12.1410865783691
336,-76,12.1505317687988
337,-76,11.3144655227661
338,-76,9.88074493408203
339,-76,7.89363145828247
340,-76,6.90993690490723
341,-76,6.14573001861572
19,-75,6.08128547668457
20,-75,6.25020742416382
21,-75,6.20378684997559
22,-75,6.09531211853027
45,-75,6.1511435508728
46,-75,6.63817119598389
47,-75,6.97209167480469
48,-75,7.28194379806519
49,-75,7.56899499893189
50,-75,7.96729278564453
51,-75,8.79250335693359
52,-75,9.93739414215088
53,-75,10.1607189178467
54,-75,10.3270902633667
55,-75,12.3760766983032
56,-75,14.3650131225586
57,-75,15.5597581863403
58,-75,15.7736263275147
59,-75,15.5124340057373
60,-75,12.5891628265381
61,-75,10.3476152420044
62,-75,9.09981155395508
63,-75,9.02220726013184
64,-75,8.69519329071045
65,-75,10.0004262924194
66,-75,10.4187049865723
67,-75,9.52970886230469
68,-75,8.90772438049316
69,-75,8.36573791503906
70,-75,9.51480579376221
71,-75,10.6572637557983
72,-75,11.5606861114502
73,-75,11.3882122039795
74,-75,10.423547744751
75,-75,9.56000232696533
76,-75,8.8464527130127
77,-75,8.60761165618897
78,-75,9.09336853027344
79,-75,10.2999277114868
80,-75,10.6986198425293
81,-75,10.7778654098511
82,-75,9.44467163085938
83,-75,8.61707401275635
84,-75,8.8010835647583
85,-75,9.35571765899658
86,-75,10.0989007949829
87,-75,10.4224834442139
88,-75,10.6796770095825
89,-75,11.6748142242432
90,-75,12.2222890853882
91,-75,11.8230152130127
92,-75,11.7065868377686
93,-75,12.2662382125855
94,-75,12.5402221679688
95,-75,12.4285459518433
96,-75,11.6890735626221
97,-75,10.7635955810547
98,-75,10.3606357574463
99,-75,10.4752111434937
100,-75,12.0864696502686
101,-75,13.4972047805786
102,-75,13.69069480896
103,-75,13.9558811187744
104,-75,14.5983200073242
105,-75,15.2946176528931
106,-75,16.4037914276123
107,-75,17.9967994689941
108,-75,19.6498603820801
109,-75,20.7862358093262
110,-75,20.6527938842773
111,-75,20.5827865600586
112,-75,21.432991027832
113,-75,22.8378143310547
114,-75,26.8620338439941
115,-75,33.3637542724609
116,-75,38.0017852783203
117,-75,32.7632751464844
118,-75,27.1523189544678
119,-75,22.9604358673096
120,-75,19.3568115234375
121,-75,16.099666595459
122,-75,14.5045146942139
123,-75,14.0031404495239
124,-75,13.9428052902222
125,-75,13.6521968841553
126,-75,13.8963871002197
127,-75,14.408971786499
128,-75,14.5097255706787
129,-75,14.0540924072266
130,-75,13.5560569763184
131,-75,13.915922164917
132,-75,13.8153219223022
133,-75,13.4469814300537
134,-75,13.6653804779053
135,-75,14.308422088623
136,-75,14.4835147857666
137,-75,14.1972427368164
138,-75,14.4348745346069
139,-75,14.8604555130005
140,-75,14.7350130081177
141,-75,13.7254276275635
142,-75,13.405424118042
143,-75,14.0292873382568
144,-75,16.7684993743897
145,-75,20.2256946563721
146,-75,24.1007976531982
147,-75,25.7037220001221
148,-75,27.6663665771484
149,-75,29.8074150085449
150,-75,30.8923492431641
151,-75,31.5624389648438
152,-75,31.9564323425293
153,-75,32.4088249206543
154,-75,36.4261932373047
155,-75,41.5366134643555
156,-75,43.9817657470703
157,-75,40.3904228210449
158,-75,38.1197052001953
159,-75,35.4948692321777
160,-75,32.699821472168
161,-75,30.2612400054932
162,-75,29.6639137268066
163,-75,27.4258499145508
164,-75,26.1975345611572
165,-75,26.5155830383301
166,-75,27.868127822876
167,-75,28.8432235717773
168,-75,30.9814300537109
169,-75,32.8381729125977
170,-75,34.2943572998047
171,-75,35.2760314941406
172,-75,39.1716842651367
173,-75,43.8373260498047
174,-75,49.1589393615723
175,-75,41.9200019836426
176,-75,38.5500183105469
177,-75,37.4706954956055
178,-75,36.0171165466309
179,-75,34.2261810302734
180,-75,36.0006103515625
181,-75,35.6740074157715
182,-75,34.8055648803711
183,-75,35.4544792175293
184,-75,36.3750114440918
185,-75,34.2871017456055
186,-75,31.3863201141357
187,-75,31.5130615234375
188,-75,29.4176082611084
189,-75,28.3657321929932
190,-75,27.6879425048828
191,-75,29.2880573272705
192,-75,30.8366584777832
193,-75,30.2862014770508
194,-75,29.6658992767334
195,-75,27.4962692260742
196,-75,24.62451171875
197,-75,22.2742538452148
198,-75,22.1566524505615
199,-75,21.1796073913574
200,-75,20.8045482635498
201,-75,19.2821025848389
202,-75,18.1013031005859
203,-75,18.4375743865967
204,-75,19.2550811767578
205,-75,19.3106269836426
206,-75,19.5112533569336
207,-75,20.0220222473145
208,-75,19.3089942932129
209,-75,19.0176296234131
210,-75,19.0336475372314
211,-75,18.6025905609131
212,-75,19.4726009368897
213,-75,18.7434387207031
214,-75,20.9153289794922
215,-75,21.3937931060791
216,-75,22.3936500549316
217,-75,19.8890533447266
218,-75,19.7347202301025
219,-75,18.068078994751
220,-75,17.1877899169922
221,-75,16.9026355743408
222,-75,16.4319381713867
223,-75,15.6795701980591
224,-75,14.9473123550415
225,-75,14.9057168960571
226,-75,14.4752244949341
227,-75,14.2390060424805
228,-75,14.4022769927979
229,-75,13.9894418716431
230,-75,12.9652290344238
231,-75,12.4111194610596
232,-75,12.2740573883057
233,-75,11.9355640411377
234,-75,11.5299682617188
235,-75,11.0617160797119
236,-75,10.3125400543213
237,-75,9.74250888824463
238,-75,9.4578218460083
239,-75,8.94298362731934
240,-75,7.8822512626648
241,-75,7.39685916900635
242,-75,7.05902338027954
243,-75,6.98003578186035
244,-75,7.67053318023682
245,-75,8.19387435913086
246,-75,8.4387845993042
247,-75,8.17770767211914
248,-75,7.81856536865234
249,-75,7.37699508666992
250,-75,7.09748506546021
251,-75,6.77011156082153
252,-75,6.06693553924561
253,-75,6.03772354125977
254,-75,6.32845497131348
255,-75,6.75196695327759
256,-75,6.8573055267334
257,-75,6.74383354187012
258,-75,7.41377258300781
259,-75,8.00922584533691
260,-75,8.25576591491699
261,-75,8.25234127044678
262,-75,8.27801418304443
263,-75,8.54326152801514
264,-75,8.89565849304199
265,-75,8.92945671081543
266,-75,9.04398345947266
267,-75,9.34109020233154
268,-75,10.0671319961548
269,-75,10.7788991928101
270,-75,12.330979347229
271,-75,14.4769144058228
272,-75,14.8126316070557
273,-75,14.5892353057861
274,-75,15.2214136123657
275,-75,15.2425088882446
276,-75,14.6333723068237
277,-75,14.2269735336304
278,-75,13.3117876052856
279,-75,12.8778991699219
280,-75,13.272572517395
281,-75,13.2445974349976
282,-75,12.3133487701416
283,-75,11.7009010314941
284,-75,11.0657815933228
285,-75,9.29040336608887
286,-75,7.1436185836792
287,-75,6.6607780456543
288,-75,6.88175392150879
289,-75,7.44218301773071
290,-75,8.08380508422852
291,-75,8.65934085845947
292,-75,9.00510597229004
293,-75,8.91139221191406
294,-75,8.05708312988281
295,-75,7.25234460830689
296,-75,8.26510429382324
297,-75,10.2224349975586
298,-75,11.3735294342041
299,-75,11.1725873947144
300,-75,10.4539604187012
301,-75,9.50877571105957
302,-75,8.42974376678467
303,-75,7.33873271942139
304,-75,6.96053123474121
305,-75,6.87841367721558
306,-75,6.92791938781738
307,-75,6.91553592681885
308,-75,6.86370277404785
309,-75,6.71789503097534
310,-75,6.35239028930664
311,-75,6.19137191772461
312,-75,6.26144409179688
313,-75,6.21059417724609
314,-75,6.11039781570435
319,-75,6.98510360717773
320,-75,8.06565380096436
321,-75,8.62805938720703
322,-75,8.57074737548828
323,-75,7.94437313079834
324,-75,7.50430488586426
325,-75,7.74129056930542
326,-75,7.93914556503296
327,-75,8.13906002044678
328,-75,8.33454608917236
329,-75,8.5413761138916
330,-75,8.77152824401856
331,-75,8.62038230895996
332,-75,8.56521987915039
333,-75,8.66514778137207
334,-75,9.2000675201416
335,-75,8.47130966186523
336,-75,6.15014553070068
10,-74,10.8200740814209
11,-74,13.1753759384155
12,-74,11.5444622039795
13,-74,10.965311050415
14,-74,6.89476013183594
50,-74,6.28188228607178
51,-74,6.85731840133667
52,-74,7.431884765625
53,-74,7.61332702636719
54,-74,7.56278896331787
55,-74,7.76417684555054
56,-74,9.44959831237793
57,-74,11.3629169464111
58,-74,13.5234813690186
59,-74,14.8865833282471
60,-74,15.101842880249
61,-74,12.7903671264648
62,-74,11.1732521057129
63,-74,9.56867694854736
64,-74,9.50750637054443
65,-74,9.89254474639893
66,-74,10.7540197372437
67,-74,11.4562168121338
68,-74,11.4756097793579
69,-74,10.1310520172119
70,-74,9.52136898040771
71,-74,9.34001636505127
72,-74,9.8271312713623
73,-74,10.1288957595825
74,-74,10.1506633758545
75,-74,10.9985799789429
76,-74,11.6951093673706
77,-74,11.7732095718384
78,-74,11.9833936691284
79,-74,12.0796880722046
80,-74,11.5330333709717
81,-74,10.5304641723633
82,-74,9.23369312286377
83,-74,10.5682306289673
84,-74,12.0768432617188
85,-74,13.7113838195801
86,-74,13.2920761108398
87,-74,11.894229888916
88,-74,11.982931137085
89,-74,12.1973552703857
90,-74,12.496301651001
91,-74,13.4316024780273
92,-74,14.7710046768188
93,-74,12.9759750366211
94,-74,11.6501655578613
95,-74,12.4782667160034
96,-74,12.839111328125
97,-74,12.0722579956055
98,-74,11.921558380127
99,-74,12.460711479187
100,-74,13.6014766693115
101,-74,14.8130855560303
102,-74,14.7946043014526
103,-74,14.9626312255859
104,-74,15.0621652603149
105,-74,15.5031471252441
106,-74,15.6016817092896
107,-74,16.1810970306396
108,-74,17.947151184082
109,-74,19.9196681976318
110,-74,21.2175388336182
111,-74,20.5430183410645
112,-74,20.0024681091309
113,-74,20.9823608398438
114,-74,23.866584777832
115,-74,28.988920211792
116,-74,34.989559173584
117,-74,36.9889068603516
118,-74,32.1669654846191
119,-74,27.8514823913574
120,-74,24.8728828430176
121,-74,21.9490032196045
122,-74,19.6193656921387
123,-74,17.2126522064209
124,-74,15.8945732116699
125,-74,15.0133581161499
126,-74,14.930793762207
127,-74,14.8861541748047
128,-74,14.9726600646973
129,-74,14.9128875732422
130,-74,14.4344568252563
131,-74,13.7031526565552
132,-74,13.3438863754272
133,-74,12.4233360290527
134,-74,11.5092573165894
135,-74,11.0400943756104
136,-74,10.7676315307617
137,-74,10.2949295043945
138,-74,9.91991806030273
139,-74,10.0766067504883
140,-74,10.4808130264282
141,-74,11.1323595046997
142,-74,12.1480083465576
143,-74,13.9959573745728
144,-74,17.1198043823242
145,-74,22.6139755249023
146,-74,24.604434967041
147,-74,25.7538261413574
148,-74,27.3822078704834
149,-74,28.1463851928711
150,-74,28.9466571807861
151,-74,29.4527187347412
152,-74,29.7150344848633
153,-74,29.851490020752
154,-74,27.9760208129883
155,-74,26.3967151641846
156,-74,25.3807411193848
157,-74,24.9132747650147
158,-74,24.862003326416
159,-74,26.1834297180176
160,-74,26.8315582275391
161,-74,26.9292602539063
162,-74,28.4774494171143
163,-74,35.5003700256348
164,-74,36.7906455993652
165,-74,30.0297927856445
166,-74,29.161096572876
167,-74,30.7312698364258
168,-74,33.2719993591309
169,-74,36.5436859130859
170,-74,39.3072242736816
171,-74,42.9204559326172
172,-74,47.47607421875
173,-74,49.992561340332
174,-74,47.3312644958496
175,-74,40.7691459655762
176,-74,36.7268371582031
177,-74,35.3654441833496
178,-74,32.0719871520996
179,-74,29.1301975250244
180,-74,27.6875152587891
181,-74,27.8395442962647
182,-74,30.1044025421143
183,-74,32.2994537353516
184,-74,40.1299095153809
185,-74,44.9474792480469
186,-74,36.6056022644043
187,-74,31.7261428833008
188,-74,28.0739631652832
189,-74,26.2150840759277
190,-74,27.0582809448242
191,-74,27.4665069580078
192,-74,26.313102722168
193,-74,26.028694152832
194,-74,26.3271732330322
195,-74,23.6491966247559
196,-74,22.4500350952148
197,-74,22.3758945465088
198,-74,21.3582305908203
199,-74,23.9412517547607
200,-74,24.5791702270508
201,-74,24.2365322113037
202,-74,24.1544818878174
203,-74,26.0143127441406
204,-74,26.3872928619385
205,-74,24.4231815338135
206,-74,24.1619491577148
207,-74,23.7857933044434
208,-74,23.028657913208
209,-74,21.9322052001953
210,-74,22.8643074035645
211,-74,21.8307037353516
212,-74,20.0180778503418
213,-74,18.2816314697266
214,-74,18.3009357452393
215,-74,17.4463729858398
216,-74,16.5691719055176
217,-74,15.2780590057373
218,-74,15.3367280960083
219,-74,15.437572479248
220,-74,15.9970808029175
221,-74,15.9098167419434
222,-74,15.2730293273926
223,-74,14.7579965591431
224,-74,14.7105865478516
225,-74,14.1156578063965
226,-74,13.5465831756592
227,-74,14.3951377868652
228,-74,13.9988594055176
229,-74,13.1773986816406
230,-74,12.2061672210693
231,-74,11.8150939941406
232,-74,10.8180999755859
233,-74,10.2161741256714
234,-74,9.91228771209717
235,-74,9.64329814910889
236,-74,9.66535091400146
237,-74,9.67793846130371
238,-74,10.2366151809692
239,-74,10.4993295669556
240,-74,10.4506063461304
241,-74,10.3178901672363
242,-74,9.78312683105469
243,-74,9.66451454162598
244,-74,10.0540504455566
245,-74,10.8352031707764
246,-74,10.0522079467773
247,-74,9.1652135848999
248,-74,8.32433700561523
249,-74,7.80983829498291
250,-74,7.22152996063232
251,-74,6.76389884948731
252,-74,6.83354187011719
253,-74,6.78649711608887
254,-74,6.67433595657349
255,-74,6.45450639724731
256,-74,6.1064920425415
257,-74,6.05947065353394
258,-74,6.85179996490479
259,-74,7.51551818847656
260,-74,7.73241376876831
261,-74,6.96446371078491
262,-74,6.91798639297485
263,-74,7.33216190338135
264,-74,6.83024978637695
265,-74,6.63312959671021
266,-74,6.82775402069092
267,-74,7.10649681091309
268,-74,7.69998121261597
269,-74,8.59165668487549
270,-74,9.65135097503662
271,-74,11.0802659988403
272,-74,12.4510622024536
273,-74,13.4107608795166
274,-74,13.6975984573364
275,-74,13.5706253051758
276,-74,14.0784912109375
277,-74,15.3487634658813
278,-74,15.8500080108643
279,-74,15.3004884719849
280,-74,14.2606554031372
281,-74,12.6689033508301
282,-74,11.5421266555786
283,-74,11.727481842041
284,-74,11.9171075820923
285,-74,11.2294216156006
286,-74,11.262077331543
287,-74,10.4182100296021
288,-74,8.94497680664063
289,-74,7.73627471923828
290,-74,7.62484645843506
291,-74,8.04476261138916
292,-74,7.8616828918457
293,-74,7.45139694213867
294,-74,7.50562286376953
295,-74,7.44469451904297
296,-74,7.29050445556641
297,-74,7.43722677230835
298,-74,8.09195709228516
299,-74,8.58268928527832
300,-74,8.90547370910645
301,-74,8.69608306884766
302,-74,7.77905559539795
303,-74,7.10130119323731
304,-74,6.67551708221436
305,-74,6.19951152801514
309,-74,6.06420087814331
318,-74,6.51559734344482
319,-74,6.76721954345703
320,-74,6.0687747001648
325,-74,6.2236967086792
326,-74,7.55223083496094
327,-74,7.64465427398682
328,-74,7.21852254867554
329,-74,6.34911060333252
9,-73,7.18556118011475
10,-73,16.299861907959
11,-73,38.6216354370117
12,-73,44.0274085998535
13,-73,34.7122268676758
14,-73,26.7415790557861
15,-73,16.8910446166992
16,-73,12.5834426879883
17,-73,10.8410530090332
18,-73,8.12855625152588
19,-73,6.20958423614502
55,-73,6.04286289215088
56,-73,6.35203361511231
57,-73,6.97472286224365
58,-73,7.73676872253418
59,-73,8.67747974395752
60,-73,9.78925704956055
61,-73,10.2045011520386
62,-73,10.3669357299805
63,-73,9.97665214538574
64,-73,9.93585681915283
65,-73,10.5723934173584
66,-73,10.535285949707
67,-73,10.7399616241455
68,-73,11.2346038818359
69,-73,10.8456859588623
70,-73,10.464262008667
71,-73,10.2479524612427
72,-73,10.9820508956909
73,-73,11.3737525939941
74,-73,10.9171676635742
75,-73,11.2660293579102
76,-73,11.4439010620117
77,-73,11.3811845779419
78,-73,11.2950954437256
79,-73,10.9010782241821
80,-73,10.2876148223877
81,-73,9.55687713623047
82,-73,9.25231170654297
83,-73,9.57044506072998
84,-73,10.1353816986084
85,-73,10.6611251831055
86,-73,10.8940801620483
87,-73,11.2361211776733
88,-73,11.4305973052979
89,-73,11.1229782104492
90,-73,10.7959775924683
91,-73,10.3714542388916
92,-73,9.30316162109375
93,-73,8.9895715713501
94,-73,9.81298446655273
95,-73,9.7512149810791
96,-73,9.63292121887207
97,-73,10.0215978622437
98,-73,10.6187725067139
99,-73,11.6360282897949
100,-73,12.3618669509888
101,-73,12.8387136459351
102,-73,11.997386932373
103,-73,12.2828168869019
104,-73,14.2729358673096
105,-73,15.9928541183472
106,-73,17.4938774108887
107,-73,18.5678749084473
108,-73,19.6119995117188
109,-73,22.5271759033203
110,-73,25.1179752349854
111,-73,23.6881160736084
112,-73,21.3346290588379
113,-73,18.9935150146484
114,-73,18.8322563171387
115,-73,20.8819198608398
116,-73,23.1952610015869
117,-73,27.8464260101318
118,-73,31.3297786712647
119,-73,31.7419815063477
120,-73,29.6466808319092
121,-73,25.7175979614258
122,-73,20.8732357025146
123,-73,16.246021270752
124,-73,14.138111114502
125,-73,13.0741443634033
126,-73,13.0642862319946
127,-73,13.9932203292847
128,-73,15.1537475585938
129,-73,15.3531732559204
130,-73,14.6507349014282
131,-73,14.0098781585693
132,-73,14.0565147399902
133,-73,13.1829748153687
134,-73,11.4751243591309
135,-73,10.1334743499756
136,-73,10.7577056884766
137,-73,10.5791444778442
138,-73,10.1358270645142
139,-73,10.2382259368896
140,-73,12.033278465271
141,-73,14.5357789993286
142,-73,18.1241645812988
143,-73,22.0826072692871
144,-73,23.7159271240234
145,-73,22.8610534667969
146,-73,21.8744468688965
147,-73,23.0763664245605
148,-73,24.3263092041016
149,-73,24.5796680450439
150,-73,23.8798446655273
151,-73,23.1793079376221
152,-73,22.7554016113281
153,-73,21.6621589660645
154,-73,19.58154296875
155,-73,17.1395034790039
156,-73,16.1259384155273
157,-73,16.8619728088379
158,-73,17.6949787139893
159,-73,16.8995552062988
160,-73,16.4911918640137
161,-73,18.6889495849609
162,-73,20.6446647644043
163,-73,21.8802070617676
164,-73,23.0788879394531
165,-73,24.9232082366943
166,-73,27.960807800293
167,-73,30.6366424560547
168,-73,30.089469909668
169,-73,32.8469543457031
170,-73,35.0032730102539
171,-73,37.5719909667969
172,-73,39.2996101379395
173,-73,38.2471580505371
174,-73,37.1855773925781
175,-73,35.4841270446777
176,-73,32.3110046386719
177,-73,30.0909748077393
178,-73,27.4667186737061
179,-73,28.7641258239746
180,-73,30.9282531738281
181,-73,33.7450332641602
182,-73,36.6727600097656
183,-73,44.2776527404785
184,-73,55.0104942321777
185,-73,57.8763122558594
186,-73,48.2374687194824
187,-73,38.7165451049805
188,-73,32.0864486694336
189,-73,28.1657485961914
190,-73,26.3877277374268
191,-73,25.7131958007813
192,-73,25.4067497253418
193,-73,25.5530662536621
194,-73,26.7415370941162
195,-73,28.5206851959229
196,-73,28.5534706115723
197,-73,28.2283897399902
198,-73,27.8538188934326
199,-73,27.4385414123535
200,-73,26.207820892334
201,-73,26.9482288360596
202,-73,29.51393699646
203,-73,31.7794570922852
204,-73,34.2267074584961
205,-73,34.2675628662109
206,-73,33.7213897705078
207,-73,32.8162078857422
208,-73,32.1371879577637
209,-73,27.3508129119873
210,-73,23.912166595459
211,-73,20.9441547393799
212,-73,19.342945098877
213,-73,19.2478103637695
214,-73,19.717752456665
215,-73,20.1827144622803
216,-73,19.5325489044189
217,-73,18.988317489624
218,-73,19.0807933807373
219,-73,17.4540824890137
220,-73,16.6475028991699
221,-73,16.0624160766602
222,-73,15.9952802658081
223,-73,14.4918165206909
224,-73,13.0963792800903
225,-73,12.7871561050415
226,-73,12.0409679412842
227,-73,12.2884693145752
228,-73,12.6942653656006
229,-73,12.6434059143066
230,-73,12.6940393447876
231,-73,12.7838773727417
232,-73,12.802077293396
233,-73,12.0795631408691
234,-73,11.4783344268799
235,-73,11.0233926773071
236,-73,10.0692176818848
237,-73,10.0818481445312
238,-73,10.2036428451538
239,-73,10.1014490127563
240,-73,9.96935558319092
241,-73,10.1191701889038
242,-73,10.6669683456421
243,-73,10.9936990737915
244,-73,10.0696277618408
245,-73,9.2076587677002
246,-73,9.06082344055176
247,-73,9.69652652740479
248,-73,11.1669645309448
249,-73,10.3698482513428
250,-73,9.67354106903076
251,-73,9.02263069152832
252,-73,8.25737380981445
253,-73,7.92059421539307
254,-73,7.5924334526062
255,-73,7.22462272644043
256,-73,6.96214771270752
257,-73,6.67572116851807
258,-73,6.55321168899536
259,-73,7.01349353790283
260,-73,6.93143129348755
261,-73,6.5040397644043
265,-73,6.12211799621582
266,-73,6.57082748413086
267,-73,6.99571943283081
268,-73,6.98820686340332
269,-73,7.06376695632935
270,-73,7.55317783355713
271,-73,9.10274124145508
272,-73,10.5970277786255
273,-73,10.9925212860107
274,-73,11.0904188156128
275,-73,10.966477394104
276,-73,10.5739402770996
277,-73,10.350715637207
278,-73,10.0304174423218
279,-73,9.51620292663574
280,-73,9.09787368774414
281,-73,9.51181030273438
282,-73,9.82484817504883
283,-73,9.18255233764648
284,-73,8.33515071868897
285,-73,7.85258388519287
286,-73,7.27441263198853
287,-73,7.3519401550293
288,-73,7.74588251113892
289,-73,8.29209136962891
290,-73,8.63853454589844
291,-73,8.43605518341065
292,-73,8.84707736968994
293,-73,9.03999042510986
294,-73,8.36463451385498
295,-73,7.72292423248291
296,-73,7.65003681182861
297,-73,7.67740631103516
298,-73,7.70861291885376
299,-73,8.30985069274902
300,-73,8.7063627243042
301,-73,9.02215766906738
302,-73,8.60625457763672
303,-73,7.44486427307129
304,-73,6.33510971069336
310,-73,6.08439445495606
311,-73,6.6526050567627
312,-73,6.69214105606079
313,-73,6.53501319885254
314,-73,6.23171472549439
315,-73,6.10667705535889
316,-73,6.1204195022583
317,-73,6.27905178070068
318,-73,6.60427474975586
319,-73,6.27799415588379
12,-72,8.42121982574463
13,-72,12.9837503433228
14,-72,20.0353775024414
15,-72,27.7845478057861
16,-72,19.7476234436035
17,-72,9.46293067932129
58,-72,6.18403100967407
59,-72,8.27432823181152
60,-72,10.9637260437012
61,-72,12.4737539291382
62,-72,11.1943216323853
63,-72,10.6994495391846
64,-72,11.4524269104004
65,-72,11.9644927978516
66,-72,12.0349073410034
67,-72,11.6840009689331
68,-72,12.7175378799438
69,-72,13.3081016540527
70,-72,13.6981163024902
71,-72,14.0046949386597
72,-72,13.2282409667969
73,-72,11.9849395751953
74,-72,10.5527009963989
75,-72,10.0683393478394
76,-72,10.2248182296753
77,-72,10.8933992385864
78,-72,11.7715559005737
79,-72,12.2754526138306
80,-72,13.2957916259766
81,-72,16.7421226501465
82,-72,15.3994979858398
83,-72,13.9983406066895
84,-72,15.3269987106323
85,-72,13.6848115921021
86,-72,11.9966201782227
87,-72,10.926703453064
88,-72,9.68248748779297
89,-72,9.20535469055176
90,-72,9.53245258331299
91,-72,9.51808547973633
92,-72,9.68404674530029
93,-72,10.0508947372437
94,-72,9.25738430023193
95,-72,8.84376907348633
96,-72,9.32614612579346
97,-72,9.80305290222168
98,-72,9.87747764587402
99,-72,9.40240097045898
100,-72,9.30514717102051
101,-72,9.05394458770752
102,-72,10.3194103240967
103,-72,11.7654180526733
104,-72,13.6222763061523
105,-72,15.0561494827271
106,-72,16.1192588806152
107,-72,17.6494121551514
108,-72,18.9376354217529
109,-72,19.5984363555908
110,-72,19.2993240356445
111,-72,18.8319511413574
112,-72,18.0939064025879
113,-72,17.0218868255615
114,-72,16.4324855804443
115,-72,16.2783889770508
116,-72,17.6862754821777
117,-72,18.4897212982178
118,-72,19.265022277832
119,-72,22.6602249145508
120,-72,27.1397342681885
121,-72,25.0454502105713
122,-72,19.7065582275391
123,-72,16.2047080993652
124,-72,14.3901062011719
125,-72,14.3759346008301
126,-72,14.3513841629028
127,-72,14.2354774475098
128,-72,14.9666652679443
129,-72,16.4573631286621
130,-72,14.614426612854
131,-72,13.1732034683228
132,-72,13.1918411254883
133,-72,13.7748184204102
134,-72,13.6495265960693
135,-72,13.0398054122925
136,-72,11.2557888031006
137,-72,11.9565010070801
138,-72,13.9655351638794
139,-72,15.9667739868164
140,-72,17.9259490966797
141,-72,19.3845481872559
142,-72,20.3044376373291
143,-72,19.8395805358887
144,-72,18.9501571655273
145,-72,19.7010803222656
146,-72,19.2568893432617
147,-72,18.6829051971436
148,-72,18.4389667510986
149,-72,17.7178478240967
150,-72,15.9814596176147
151,-72,16.408182144165
152,-72,16.6476554870605
153,-72,15.9090900421143
154,-72,14.9890966415405
155,-72,14.2033681869507
156,-72,13.3949728012085
157,-72,12.9680624008179
158,-72,13.64084815979
159,-72,14.8351573944092
160,-72,15.1146545410156
161,-72,16.1255702972412
162,-72,17.6800804138184
163,-72,20.902473449707
164,-72,24.5917892456055
165,-72,27.7601261138916
166,-72,29.1372184753418
167,-72,29.0825958251953
168,-72,28.0361099243164
169,-72,27.9445152282715
170,-72,30.1584930419922
171,-72,32.4306144714356
172,-72,33.936897277832
173,-72,34.5963668823242
174,-72,32.6716384887695
175,-72,30.9384708404541
176,-72,31.2074451446533
177,-72,32.1071929931641
178,-72,31.9375953674316
179,-72,32.9832916259766
180,-72,38.6307106018066
181,-72,39.2292022705078
182,-72,37.5467414855957
183,-72,41.2549705505371
184,-72,54.4419021606445
185,-72,69.9601593017578
186,-72,65.2625579833984
187,-72,55.7739715576172
188,-72,42.6393890380859
189,-72,32.1226081848145
190,-72,26.794849395752
191,-72,24.1962127685547
192,-72,23.365930557251
193,-72,24.6049251556397
194,-72,27.8625984191895
195,-72,29.319730758667
196,-72,29.3150024414063
197,-72,28.0400886535645
198,-72,26.8098869323731
199,-72,27.7054977416992
200,-72,28.9136810302734
201,-72,31.0886974334717
202,-72,34.0541763305664
203,-72,36.6556167602539
204,-72,38.7452011108398
205,-72,38.2350654602051
206,-72,35.9394493103027
207,-72,33.0019302368164
208,-72,33.7101593017578
209,-72,32.5003280639648
210,-72,31.314998626709
211,-72,28.5408477783203
212,-72,26.8178253173828
213,-72,26.066837310791
214,-72,26.2475242614746
215,-72,24.4122772216797
216,-72,23.9722690582275
217,-72,24.0003852844238
218,-72,23.1276435852051
219,-72,23.3112983703613
220,-72,20.3754596710205
221,-72,17.9851570129395
222,-72,16.5037708282471
223,-72,15.111891746521
224,-72,14.5031757354736
225,-72,15.1777544021606
226,-72,14.3260145187378
227,-72,12.8405857086182
228,-72,11.8036708831787
229,-72,12.2250967025757
230,-72,13.3866806030273
231,-72,12.8407011032105
232,-72,12.3112964630127
233,-72,12.1524753570557
234,-72,11.1969041824341
235,-72,10.9942588806152
236,-72,10.8132514953613
237,-72,10.6202554702759
238,-72,11.1918354034424
239,-72,11.2066650390625
240,-72,10.6103677749634
241,-72,10.0990600585938
242,-72,9.38135433197021
243,-72,9.65776824951172
244,-72,9.26145553588867
245,-72,9.17830467224121
246,-72,9.57235336303711
247,-72,10.1752481460571
248,-72,10.5802488327026
249,-72,10.6590042114258
250,-72,10.2570581436157
251,-72,9.5986852645874
252,-72,9.19887924194336
253,-72,9.65095138549805
254,-72,9.94998455047607
255,-72,9.75533199310303
256,-72,8.7085132598877
257,-72,7.55253601074219
258,-72,6.59945201873779
259,-72,6.23239231109619
260,-72,6.48326921463013
265,-72,6.24765253067017
266,-72,6.55898332595825
267,-72,6.65019702911377
268,-72,7.08620548248291
269,-72,7.66447257995606
270,-72,8.79086494445801
271,-72,10.1373653411865
272,-72,11.4787187576294
273,-72,11.6570482254028
274,-72,11.1692447662354
275,-72,10.543628692627
276,-72,9.69332408905029
277,-72,8.87165260314941
278,-72,8.12583732604981
279,-72,7.78584098815918
280,-72,7.37940120697022
281,-72,6.53311920166016
286,-72,6.16165924072266
287,-72,6.24039697647095
288,-72,6.14629125595093
289,-72,6.22627067565918
290,-72,6.6915717124939
291,-72,7.33892869949341
292,-72,7.52698183059692
293,-72,7.94436550140381
294,-72,7.70534420013428
295,-72,7.84746599197388
296,-72,8.93622589111328
297,-72,9.84480857849121
298,-72,9.44326210021973
299,-72,8.90619468688965
300,-72,7.98897838592529
301,-72,7.29130411148071
302,-72,6.9595103263855
303,-72,6.28360223770142
310,-72,6.05638885498047
315,-72,6.21828651428223
58,-71,6.80823040008545
59,-71,8.71560287475586
60,-71,8.83555698394775
61,-71,9.16021728515625
62,-71,10.1904239654541
63,-71,11.7500677108765
64,-71,11.6436996459961
65,-71,11.0910177230835
66,-71,11.2266178131104
67,-71,11.6551847457886
68,-71,13.0386552810669
69,-71,14.8590097427368
70,-71,17.4000968933105
71,-71,18.7651786804199
72,-71,19.9344635009766
73,-71,20.3261699676514
74,-71,15.8304738998413
75,-71,17.2635517120361
76,-71,19.3650665283203
77,-71,20.8460502624512
78,-71,20.7106914520264
79,-71,20.3672714233398
80,-71,21.4072074890137
81,-71,25.5037822723389
82,-71,52.9304847717285
83,-71,47.8438949584961
84,-71,40.5359764099121
85,-71,59.431095123291
86,-71,41.5700263977051
87,-71,23.7603015899658
88,-71,11.6564559936523
89,-71,10.3395338058472
90,-71,10.142219543457
91,-71,10.1698799133301
92,-71,10.0199708938599
93,-71,9.88609600067139
94,-71,9.48448753356934
95,-71,8.68092155456543
96,-71,9.20968151092529
97,-71,9.15041923522949
98,-71,8.22282028198242
99,-71,8.5647439956665
100,-71,9.33119297027588
101,-71,10.4073038101196
102,-71,10.7655296325684
103,-71,10.9940528869629
104,-71,11.3610601425171
105,-71,13.0872669219971
106,-71,16.1280574798584
107,-71,19.2929573059082
108,-71,19.3331718444824
109,-71,17.966911315918
110,-71,17.1115379333496
111,-71,16.2524871826172
112,-71,15.8763484954834
113,-71,16.2309646606445
114,-71,16.4309005737305
115,-71,16.017110824585
116,-71,16.4869499206543
117,-71,16.8846454620361
118,-71,16.9296226501465
119,-71,18.087703704834
120,-71,18.6300868988037
121,-71,17.2258605957031
122,-71,15.630744934082
123,-71,15.1422748565674
124,-71,16.327184677124
125,-71,17.187313079834
126,-71,17.4917144775391
127,-71,16.7011642456055
128,-71,14.5924339294434
129,-71,13.4106645584106
130,-71,11.9124526977539
131,-71,10.3204908370972
132,-71,9.24411201477051
133,-71,9.3296947479248
134,-71,9.58647346496582
135,-71,9.69218826293945
136,-71,10.1668844223022
137,-71,11.953426361084
138,-71,16.0099487304688
139,-71,19.9292869567871
140,-71,17.978178024292
141,-71,16.3257865905762
142,-71,16.7664241790771
143,-71,16.5628433227539
144,-71,16.4002532958984
145,-71,16.7602195739746
146,-71,16.7503356933594
147,-71,16.8770217895508
148,-71,17.3071327209473
149,-71,16.6913948059082
150,-71,14.5775766372681
151,-71,13.8070478439331
152,-71,13.1575613021851
153,-71,12.2094573974609
154,-71,12.9482612609863
155,-71,14.9971046447754
156,-71,16.403491973877
157,-71,16.9021129608154
158,-71,17.1797752380371
159,-71,16.8290462493897
160,-71,16.5767288208008
161,-71,18.1164855957031
162,-71,19.69553565979
163,-71,21.2003726959229
164,-71,21.6390438079834
165,-71,21.5502891540527
166,-71,22.8347549438477
167,-71,24.8284130096436
168,-71,24.071195602417
169,-71,24.7621955871582
170,-71,27.2806568145752
171,-71,28.9432678222656
172,-71,31.2218589782715
173,-71,31.6221809387207
174,-71,30.9127521514893
175,-71,30.706413269043
176,-71,31.4666156768799
177,-71,31.7223110198975
178,-71,30.8881301879883
179,-71,30.4243717193604
180,-71,30.9399375915527
181,-71,35.1448516845703
182,-71,38.0578002929688
183,-71,37.9596824645996
184,-71,40.1833801269531
185,-71,45.3413848876953
186,-71,53.6531295776367
187,-71,57.9145355224609
188,-71,50.4304313659668
189,-71,40.5256004333496
190,-71,34.1915740966797
191,-71,32.3704147338867
192,-71,31.7840728759766
193,-71,30.4768791198731
194,-71,31.985185623169
195,-71,32.7232818603516
196,-71,29.3623180389404
197,-71,25.4432754516602
198,-71,24.3188400268555
199,-71,25.4991397857666
200,-71,27.1386184692383
201,-71,30.3889884948731
202,-71,33.9085083007813
203,-71,39.4094352722168
204,-71,41.6516227722168
205,-71,38.3578338623047
206,-71,35.7611503601074
207,-71,32.4660263061523
208,-71,29.1847095489502
209,-71,28.8764667510986
210,-71,29.4947547912598
211,-71,28.148738861084
212,-71,29.8139610290527
213,-71,30.5179405212402
214,-71,27.449010848999
215,-71,26.8131904602051
216,-71,26.1368637084961
217,-71,24.3790988922119
218,-71,25.0339851379395
219,-71,24.0885372161865
220,-71,21.3744239807129
221,-71,18.1955432891846
222,-71,16.167049407959
223,-71,14.284854888916
224,-71,13.2423944473267
225,-71,11.8583784103394
226,-71,11.4754552841187
227,-71,10.4226303100586
228,-71,10.0310516357422
229,-71,10.2992076873779
230,-71,11.6255807876587
231,-71,13.1250877380371
232,-71,15.0948925018311
233,-71,12.5756702423096
234,-71,11.1721830368042
235,-71,12.0720729827881
236,-71,13.1340923309326
237,-71,12.4236640930176
238,-71,11.108959197998
239,-71,11.1282186508179
240,-71,11.3433990478516
241,-71,10.5568828582764
242,-71,9.43156623840332
243,-71,8.70380878448486
244,-71,8.25464916229248
245,-71,8.14435577392578
246,-71,8.29000377655029
247,-71,8.56117630004883
248,-71,9.33387756347656
249,-71,9.53925514221191
250,-71,9.51651000976562
251,-71,9.55869579315186
252,-71,9.67699813842773
253,-71,9.02745819091797
254,-71,9.20542526245117
255,-71,9.60151672363281
256,-71,9.68795871734619
257,-71,9.16561794281006
258,-71,7.78557109832764
259,-71,7.66309499740601
260,-71,7.87498760223389
261,-71,7.53841972351074
262,-71,6.11811923980713
263,-71,6.11239862442017
264,-71,6.66152000427246
265,-71,6.95387983322144
266,-71,6.89761924743652
267,-71,7.22110605239868
268,-71,7.75421810150147
269,-71,8.47340679168701
270,-71,9.23777294158936
271,-71,10.490104675293
272,-71,11.9130125045776
273,-71,11.8669147491455
274,-71,11.5949010848999
275,-71,11.5513038635254
276,-71,11.1243839263916
277,-71,9.90740394592285
278,-71,8.44241142272949
279,-71,7.19019365310669
280,-71,6.3569974899292
285,-71,6.12037944793701
286,-71,6.67896795272827
287,-71,6.49171447753906
288,-71,6.43784189224243
289,-71,6.73700761795044
290,-71,7.02149677276611
291,-71,7.55858278274536
292,-71,8.8715410232544
293,-71,9.59775352478027
294,-71,8.6369743347168
295,-71,7.69543933868408
296,-71,7.49518775939941
297,-71,7.25610733032227
298,-71,6.96954822540283
299,-71,6.46195650100708
300,-71,6.11826515197754
38,-70,6.05932188034058
57,-70,8.07987213134766
58,-70,10.7852811813354
59,-70,11.42724609375
60,-70,10.951192855835
61,-70,9.12958812713623
62,-70,9.48628234863281
63,-70,9.4636058807373
64,-70,8.67273044586182
65,-70,9.07974624633789
66,-70,9.88485240936279
67,-70,10.2054443359375
68,-70,10.1053705215454
69,-70,10.3591604232788
70,-70,12.6841192245483
71,-70,15.2561683654785
72,-70,18.6188716888428
73,-70,21.3977470397949
74,-70,17.5884666442871
75,-70,21.5245990753174
76,-70,28.4388580322266
77,-70,32.8051567077637
78,-70,33.8031234741211
79,-70,63.4339866638184
80,-70,75.0773544311524
81,-70,66.0601425170898
82,-70,44.9848709106445
83,-70,91.4330825805664
84,-70,189.053588867188
85,-70,215.597991943359
86,-70,83.5472412109375
87,-70,63.7425956726074
88,-70,34.8354415893555
89,-70,11.5374374389648
90,-70,9.77300262451172
91,-70,9.40350723266602
92,-70,9.20894813537598
93,-70,9.28730201721191
94,-70,9.4632625579834
95,-70,9.80182552337646
96,-70,9.2219181060791
97,-70,7.96210289001465
98,-70,7.42760515213013
99,-70,7.40852642059326
100,-70,7.90408515930176
101,-70,8.04556274414063
102,-70,8.85729789733887
103,-70,9.81597137451172
104,-70,10.7696208953857
105,-70,12.1180458068848
106,-70,14.5015106201172
107,-70,17.9187259674072
108,-70,20.4417686462402
109,-70,21.6323699951172
110,-70,19.7981376647949
111,-70,18.4198951721191
112,-70,18.7126369476318
113,-70,19.1988658905029
114,-70,17.8657455444336
115,-70,16.2635078430176
116,-70,15.4020252227783
117,-70,15.2211923599243
118,-70,15.4214696884155
119,-70,16.3015575408936
120,-70,16.4724750518799
121,-70,17.0694828033447
122,-70,16.2748718261719
123,-70,16.55295753479
124,-70,15.5853090286255
125,-70,15.0398511886597
126,-70,14.9163036346436
127,-70,13.4333553314209
128,-70,12.2830667495728
129,-70,11.0554399490356
130,-70,9.55911254882812
131,-70,9.08701515197754
132,-70,8.69955921173096
133,-70,8.69338607788086
134,-70,9.00544261932373
135,-70,9.34366703033447
136,-70,10.1812162399292
137,-70,10.4894752502441
138,-70,12.0319404602051
139,-70,13.6560878753662
140,-70,13.5029811859131
141,-70,13.9281635284424
142,-70,16.0370407104492
143,-70,17.269458770752
144,-70,18.1434116363525
145,-70,18.9659576416016
146,-70,19.563777923584
147,-70,20.4621124267578
148,-70,21.3988990783691
149,-70,20.0342578887939
150,-70,18.2832489013672
151,-70,17.8245544433594
152,-70,16.8220272064209
153,-70,16.3040466308594
154,-70,16.5451927185059
155,-70,16.8333702087402
156,-70,17.5239334106445
157,-70,18.367546081543
158,-70,18.5409469604492
159,-70,19.0632076263428
160,-70,20.2776069641113
161,-70,23.2095031738281
162,-70,25.4327945709229
163,-70,23.6414031982422
164,-70,22.3853607177734
165,-70,23.0658397674561
166,-70,22.7902660369873
167,-70,22.1755676269531
168,-70,24.2960891723633
169,-70,25.1118812561035
170,-70,29.3268489837647
171,-70,32.2138748168945
172,-70,39.2834701538086
173,-70,42.4864807128906
174,-70,39.4071426391602
175,-70,38.8544540405273
176,-70,35.8204879760742
177,-70,29.9784240722656
178,-70,26.3092193603516
179,-70,27.1656074523926
180,-70,28.6554470062256
181,-70,29.7794017791748
182,-70,28.1880035400391
183,-70,28.2216835021973
184,-70,29.2039909362793
185,-70,32.7950782775879
186,-70,32.6380157470703
187,-70,33.4384803771973
188,-70,38.6231079101563
189,-70,38.2228775024414
190,-70,37.3600082397461
191,-70,31.9082450866699
192,-70,29.8588428497314
193,-70,30.6145687103272
194,-70,30.030632019043
195,-70,34.5185470581055
196,-70,37.394157409668
197,-70,33.7978973388672
198,-70,31.7390022277832
199,-70,30.0484523773193
200,-70,29.3986167907715
201,-70,29.7949943542481
202,-70,32.5432281494141
203,-70,32.6879272460938
204,-70,32.1066513061523
205,-70,29.9567432403564
206,-70,27.0431976318359
207,-70,22.6026573181152
208,-70,24.6558418273926
209,-70,26.412223815918
210,-70,26.7222442626953
211,-70,29.6407585144043
212,-70,34.3903007507324
213,-70,35.0294418334961
214,-70,32.1106071472168
215,-70,32.2392082214355
216,-70,36.4785766601563
217,-70,34.5786552429199
218,-70,32.6071968078613
219,-70,30.191764831543
220,-70,27.5052242279053
221,-70,23.0497913360596
222,-70,20.025447845459
223,-70,17.2202396392822
224,-70,15.7894840240479
225,-70,14.8639707565308
226,-70,12.4714212417603
227,-70,10.6290273666382
228,-70,9.71012878417969
229,-70,9.46061134338379
230,-70,9.6308069229126
231,-70,10.3208227157593
232,-70,10.2535495758057
233,-70,10.0562362670898
234,-70,10.6501874923706
235,-70,10.6590967178345
236,-70,11.2188510894775
237,-70,12.892915725708
238,-70,13.3458986282349
239,-70,12.3953723907471
240,-70,11.0008735656738
241,-70,10.0757780075073
242,-70,10.5651321411133
243,-70,10.966404914856
244,-70,10.2821836471558
245,-70,9.68509674072266
246,-70,9.76105213165283
247,-70,10.1426553726196
248,-70,8.9814920425415
249,-70,9.42568206787109
250,-70,9.90375518798828
251,-70,9.79217910766602
252,-70,9.84834957122803
253,-70,10.5117950439453
254,-70,9.52052402496338
255,-70,10.9843473434448
256,-70,11.253475189209
257,-70,10.4999561309814
258,-70,9.47873115539551
259,-70,8.77546405792236
260,-70,7.95838260650635
261,-70,7.16280555725098
262,-70,6.41093397140503
263,-70,6.03652954101563
264,-70,6.15919399261475
265,-70,6.35031175613403
266,-70,6.49221801757813
267,-70,6.93078374862671
268,-70,7.65576171875
269,-70,8.82863807678223
270,-70,10.136302947998
271,-70,11.472710609436
272,-70,11.6997890472412
273,-70,10.9642162322998
274,-70,10.1897668838501
275,-70,10.7332363128662
276,-70,10.8537540435791
277,-70,9.50846862792969
278,-70,7.91761684417725
279,-70,6.87668561935425
288,-70,6.70612525939941
289,-70,6.76653337478638
290,-70,6.73813199996948
291,-70,7.60703277587891
292,-70,8.78112602233887
293,-70,9.79093265533447
294,-70,12.1122608184814
295,-70,11.0082092285156
296,-70,7.91879034042358
297,-70,7.05956363677979
298,-70,6.20979261398315
58,-69,7.71894598007202
59,-69,9.92981338500977
60,-69,11.8251066207886
61,-69,10.8761940002441
62,-69,6.53930044174194
65,-69,6.52128028869629
66,-69,7.59882879257202
67,-69,8.2499475479126
68,-69,8.76990795135498
69,-69,9.47305679321289
70,-69,13.2513475418091
71,-69,27.2948017120361
72,-69,51.5590629577637
73,-69,66.447883605957
74,-69,50.4700164794922
75,-69,44.3712921142578
76,-69,65.3297424316406
77,-69,114.680557250977
78,-69,84.0700531005859
79,-69,83.122428894043
80,-69,84.816390991211
81,-69,77.932861328125
82,-69,72.0768585205078
83,-69,116.427345275879
84,-69,499.27978515625
85,-69,378.836486816406
86,-69,122.216384887695
87,-69,52.8946151733399
88,-69,22.5088443756104
89,-69,11.378625869751
90,-69,8.02571487426758
91,-69,7.59924411773682
92,-69,6.92807292938232
93,-69,6.48425245285034
94,-69,6.76042461395264
95,-69,7.56021881103516
96,-69,8.3270320892334
97,-69,7.15304803848267
98,-69,6.60311460494995
99,-69,6.24899911880493
101,-69,7.50935316085815
102,-69,9.31807327270508
103,-69,11.1956825256348
104,-69,13.6508226394653
105,-69,13.092113494873
106,-69,12.6700668334961
107,-69,14.6150207519531
108,-69,17.5563316345215
109,-69,19.5861835479736
110,-69,20.5412158966064
111,-69,22.7846279144287
112,-69,25.1538047790527
113,-69,23.2238330841064
114,-69,21.1728248596191
115,-69,17.5518531799316
116,-69,15.3249616622925
117,-69,14.9279508590698
118,-69,16.5782852172852
119,-69,17.3612747192383
120,-69,16.3195915222168
121,-69,17.3081893920898
122,-69,16.5277614593506
123,-69,14.6607360839844
124,-69,13.1940975189209
125,-69,13.1110744476318
126,-69,14.711817741394
127,-69,13.5362977981567
128,-69,12.3381214141846
129,-69,12.3025369644165
130,-69,13.1941452026367
131,-69,12.4654312133789
132,-69,11.618013381958
133,-69,10.6394910812378
134,-69,9.88194942474365
135,-69,9.20890331268311
136,-69,9.40919589996338
137,-69,9.87447166442871
138,-69,9.71772003173828
139,-69,10.7521266937256
140,-69,12.605785369873
141,-69,13.930832862854
142,-69,15.4187459945679
143,-69,17.1492004394531
144,-69,18.0804653167725
145,-69,20.2744274139404
146,-69,19.9806518554688
147,-69,18.2891216278076
148,-69,17.6153202056885
149,-69,17.8014755249023
150,-69,18.8426322937012
151,-69,19.8528079986572
152,-69,18.2455749511719
153,-69,17.1962375640869
154,-69,16.7951202392578
155,-69,15.4299583435059
156,-69,15.6866407394409
157,-69,17.6961803436279
158,-69,20.1063346862793
159,-69,21.1317024230957
160,-69,19.9971160888672
161,-69,19.3845252990723
162,-69,20.0113620758057
163,-69,20.3568668365479
164,-69,21.6906547546387
165,-69,22.3854961395264
166,-69,23.2054271697998
167,-69,22.5153503417969
168,-69,23.5775413513184
169,-69,27.5203838348389
170,-69,32.2574691772461
171,-69,34.1891975402832
172,-69,34.7343521118164
173,-69,38.4104499816895
174,-69,38.3629989624023
175,-69,36.3302612304688
176,-69,33.8068771362305
177,-69,32.0085792541504
178,-69,30.1738128662109
179,-69,28.8755874633789
180,-69,27.9898719787598
181,-69,28.9051246643066
182,-69,31.4632873535156
183,-69,32.3067169189453
184,-69,30.7491359710693
185,-69,28.5117492675781
186,-69,25.8806438446045
187,-69,25.728931427002
188,-69,27.1348934173584
189,-69,32.3677749633789
190,-69,32.6328926086426
191,-69,31.4906940460205
192,-69,35.6778221130371
193,-69,34.0859909057617
194,-69,34.2900695800781
195,-69,34.3362121582031
196,-69,39.4694213867188
197,-69,42.5336608886719
198,-69,47.4008293151856
199,-69,47.7554626464844
200,-69,41.4974670410156
201,-69,40.5080795288086
202,-69,46.9926795959473
203,-69,46.9513244628906
204,-69,38.4106407165527
205,-69,32.6182861328125
206,-69,28.7427406311035
207,-69,26.9679088592529
208,-69,25.7237358093262
209,-69,26.0723991394043
210,-69,27.6647396087647
211,-69,31.6129264831543
212,-69,34.8869438171387
213,-69,36.7977905273438
214,-69,40.9868049621582
215,-69,45.9278411865234
216,-69,44.5819282531738
217,-69,38.639331817627
218,-69,34.7251129150391
219,-69,29.4841861724854
220,-69,27.6840534210205
221,-69,23.5248527526856
222,-69,22.3730430603027
223,-69,20.562126159668
224,-69,17.9590148925781
225,-69,17.0556926727295
226,-69,15.0930938720703
227,-69,13.8824825286865
228,-69,12.7927150726318
229,-69,11.4473133087158
230,-69,11.6853590011597
231,-69,11.6835460662842
232,-69,11.0155954360962
233,-69,9.84433460235596
234,-69,9.75767517089844
235,-69,9.42423248291016
236,-69,9.88004875183105
237,-69,11.116114616394
238,-69,11.9574394226074
239,-69,11.0266065597534
240,-69,9.8682975769043
241,-69,10.2206935882568
242,-69,10.544150352478
243,-69,9.81876659393311
244,-69,9.48664951324463
245,-69,10.2601327896118
246,-69,11.1801815032959
247,-69,11.0948686599731
248,-69,10.8349390029907
249,-69,10.4814434051514
250,-69,11.0724029541016
251,-69,10.5793762207031
252,-69,9.09341239929199
253,-69,8.0451078414917
254,-69,8.32639503479004
255,-69,9.38198947906494
256,-69,9.98276615142822
257,-69,10.0461282730103
258,-69,9.85666275024414
259,-69,8.92777824401856
260,-69,8.17096614837647
261,-69,7.75589418411255
262,-69,7.49041700363159
263,-69,7.95929431915283
264,-69,8.39826202392578
265,-69,8.29849910736084
266,-69,8.27347278594971
267,-69,7.85342597961426
268,-69,7.58461236953735
269,-69,7.88901519775391
270,-69,8.35381889343262
271,-69,9.82953643798828
272,-69,10.3466272354126
273,-69,9.77412986755371
274,-69,9.00028896331787
275,-69,8.77486515045166
276,-69,9.40751838684082
277,-69,9.00237274169922
278,-69,8.28312683105469
279,-69,8.16184616088867
280,-69,7.23833560943604
281,-69,6.24873113632202
286,-69,6.25696229934692
287,-69,6.14741230010986
288,-69,6.04934406280518
289,-69,6.37757539749146
290,-69,7.52329540252686
291,-69,8.89200782775879
292,-69,9.61446952819824
293,-69,11.4008960723877
294,-69,13.2032737731934
295,-69,12.4891443252563
296,-69,10.3756132125854
297,-69,8.51006698608398
298,-69,6.71936225891113
299,-69,6.1129994392395
55,-68,6.39401435852051
56,-68,7.43767023086548
57,-68,9.02013874053955
58,-68,12.2807655334473
59,-68,11.0742254257202
60,-68,7.30827808380127
61,-68,6.16262722015381
70,-68,7.38185977935791
71,-68,12.555139541626
72,-68,16.7146759033203
73,-68,21.5026054382324
74,-68,25.4631080627441
75,-68,30.7644462585449
76,-68,34.6414070129395
77,-68,32.648365020752
78,-68,31.5182247161865
79,-68,45.4301986694336
80,-68,124.334671020508
81,-68,112.549446105957
82,-68,51.2711639404297
83,-68,61.356803894043
84,-68,44.0637664794922
85,-68,37.8985252380371
86,-68,29.3302192687988
87,-68,18.275369644165
88,-68,10.1859111785889
89,-68,9.24076080322266
90,-68,7.71479845046997
91,-68,6.96761560440064
92,-68,6.35650634765625
95,-68,6.14868259429932
96,-68,6.09295511245728
97,-68,6.10942935943604
98,-68,6.03468370437622
100,-68,6.10094261169434
101,-68,6.91423654556274
102,-68,8.94787979125977
103,-68,12.1140604019165
104,-68,12.5156774520874
105,-68,12.8973598480225
106,-68,13.6666107177734
107,-68,14.7394981384277
108,-68,15.0902757644653
109,-68,14.5440711975098
110,-68,13.9119396209717
111,-68,12.9202833175659
112,-68,12.9472827911377
113,-68,15.8202095031738
114,-68,17.2253494262695
115,-68,16.2191619873047
116,-68,14.4921245574951
117,-68,14.2412948608398
118,-68,14.4893245697022
119,-68,14.7008848190308
120,-68,15.5475807189941
121,-68,14.9647464752197
122,-68,16.3791790008545
123,-68,15.675440788269
124,-68,12.0564393997192
125,-68,10.2322654724121
126,-68,10.4353265762329
127,-68,10.6542472839355
128,-68,11.3219957351685
129,-68,10.6507720947266
130,-68,10.9589195251465
131,-68,11.2969512939453
132,-68,10.4586343765259
133,-68,9.22543621063232
134,-68,8.83722305297852
135,-68,10.0256767272949
136,-68,10.4201755523682
137,-68,10.4758310317993
138,-68,11.8720149993896
139,-68,13.5880670547485
140,-68,14.1729917526245
141,-68,14.3791732788086
142,-68,15.0506038665771
143,-68,16.1844177246094
144,-68,17.0000629425049
145,-68,17.1779251098633
146,-68,17.5850887298584
147,-68,18.1319770812988
148,-68,18.8274631500244
149,-68,21.3524856567383
150,-68,22.9129867553711
151,-68,21.4998245239258
152,-68,20.3230285644531
153,-68,20.3259353637695
154,-68,20.5253829956055
155,-68,21.6027641296387
156,-68,21.7162952423096
157,-68,22.649112701416
158,-68,24.2855110168457
159,-68,26.1753234863281
160,-68,26.2516975402832
161,-68,24.2387886047363
162,-68,25.5809440612793
163,-68,25.0425319671631
164,-68,24.8563194274902
165,-68,25.9033546447754
166,-68,26.2921657562256
167,-68,26.0385932922363
168,-68,26.6382789611816
169,-68,30.534688949585
170,-68,38.4007720947266
171,-68,44.0942001342773
172,-68,47.230110168457
173,-68,41.4605407714844
174,-68,38.9954681396484
175,-68,36.6983451843262
176,-68,34.1505584716797
177,-68,31.1606979370117
178,-68,31.5991821289063
179,-68,31.2129993438721
180,-68,34.6431655883789
181,-68,39.2442626953125
182,-68,44.2691497802734
183,-68,43.7489318847656
184,-68,42.4986381530762
185,-68,38.1588973999023
186,-68,34.8180084228516
187,-68,32.0777549743652
188,-68,32.8932685852051
189,-68,38.6479797363281
190,-68,53.9094848632813
191,-68,51.1179504394531
192,-68,43.5482597351074
193,-68,35.111083984375
194,-68,36.5406265258789
195,-68,44.6423416137695
196,-68,50.1671447753906
197,-68,48.0218772888184
198,-68,46.5891189575195
199,-68,49.6964683532715
200,-68,49.9343605041504
201,-68,50.3613128662109
202,-68,56.4334297180176
203,-68,56.295524597168
204,-68,49.1071929931641
205,-68,41.3416709899902
206,-68,34.4903106689453
207,-68,32.4531860351563
208,-68,32.6651077270508
209,-68,31.9202060699463
210,-68,30.2310905456543
211,-68,37.1497802734375
212,-68,43.0081176757813
213,-68,44.3782806396484
214,-68,48.8326530456543
215,-68,51.924243927002
216,-68,45.5044784545899
217,-68,39.1185302734375
218,-68,34.7949523925781
219,-68,33.3637351989746
220,-68,29.203104019165
221,-68,26.8449192047119
222,-68,26.8085918426514
223,-68,23.9049911499023
224,-68,20.6684436798096
225,-68,19.9558982849121
226,-68,18.5494842529297
227,-68,17.2187309265137
228,-68,15.5735216140747
229,-68,13.542239189148
230,-68,12.0893249511719
231,-68,12.1241540908813
232,-68,12.6726884841919
233,-68,12.1278247833252
234,-68,11.5181427001953
235,-68,11.5795831680298
236,-68,11.4331464767456
237,-68,11.2126607894897
238,-68,9.99303436279297
239,-68,9.64916896820068
240,-68,8.85478782653809
241,-68,8.84576511383057
242,-68,9.09997081756592
243,-68,9.49775409698486
244,-68,9.2494592666626
245,-68,8.7653923034668
246,-68,8.92941284179688
247,-68,8.57115459442139
248,-68,8.99304294586182
249,-68,9.49938011169434
250,-68,9.04627990722656
251,-68,9.06364345550537
252,-68,8.78949546813965
253,-68,8.44927406311035
254,-68,7.70183563232422
255,-68,7.28037929534912
256,-68,7.0180196762085
257,-68,6.68852376937866
258,-68,7.2593879699707
259,-68,9.02656841278076
260,-68,9.14601135253906
261,-68,8.89764308929443
262,-68,8.72494316101074
263,-68,8.43570518493652
264,-68,8.14769840240479
265,-68,7.48887348175049
266,-68,7.31217479705811
267,-68,8.03761672973633
268,-68,8.11249446868897
269,-68,7.80650520324707
270,-68,7.95195579528809
271,-68,9.61680221557617
272,-68,11.5514698028564
273,-68,11.8937702178955
274,-68,11.2231292724609
275,-68,10.4796867370605
276,-68,9.31370735168457
277,-68,8.58048152923584
278,-68,8.32905864715576
279,-68,8.25478172302246
280,-68,7.7158145904541
281,-68,7.24926996231079
282,-68,6.53978157043457
286,-68,6.61121559143066
287,-68,6.26441335678101
290,-68,8.09063339233398
291,-68,8.909912109375
292,-68,9.87831687927246
293,-68,10.5122995376587
294,-68,10.2701406478882
295,-68,9.82488441467285
296,-68,11.0969915390015
297,-68,11.5564804077148
298,-68,8.97465324401856
299,-68,6.53349542617798
53,-67,7.45267581939697
54,-67,7.22516107559204
55,-67,8.97436046600342
56,-67,9.91697406768799
57,-67,9.58731842041016
58,-67,8.83366012573242
59,-67,6.9199538230896
71,-67,10.2642545700073
72,-67,31.3575096130371
73,-67,37.8656768798828
74,-67,29.7055263519287
75,-67,22.1087951660156
76,-67,30.9088668823242
77,-67,24.4548072814941
78,-67,27.8720588684082
79,-67,26.7774772644043
80,-67,31.1426544189453
81,-67,26.8756656646729
82,-67,17.8094367980957
83,-67,17.4852104187012
84,-67,23.7442951202393
85,-67,22.5260219573975
86,-67,20.2580070495605
87,-67,12.2888345718384
88,-67,8.16724491119385
89,-67,6.88442134857178
92,-67,6.60289812088013
93,-67,6.45167970657349
94,-67,6.14681339263916
100,-67,6.05280876159668
101,-67,6.30453538894653
102,-67,6.96205139160156
103,-67,9.2193021774292
104,-67,10.7988309860229
105,-67,12.2637672424316
106,-67,14.0586013793945
107,-67,14.245530128479
108,-67,12.2111301422119
109,-67,11.5215148925781
110,-67,11.7817964553833
111,-67,12.6952648162842
112,-67,12.9367723464966
113,-67,13.0960111618042
114,-67,13.4501552581787
115,-67,13.1820507049561
116,-67,12.9084739685059
117,-67,12.9935102462769
118,-67,12.7975215911865
119,-67,13.7003183364868
120,-67,17.3750305175781
121,-67,18.0089378356934
122,-67,18.5750789642334
123,-67,15.4991760253906
124,-67,12.6370105743408
125,-67,11.4203510284424
126,-67,11.2233648300171
127,-67,11.6012544631958
128,-67,12.613639831543
129,-67,13.8591022491455
130,-67,14.3583316802979
131,-67,11.5548477172852
132,-67,9.4929141998291
133,-67,9.37922191619873
134,-67,9.68312358856201
135,-67,10.8116493225098
136,-67,11.9629096984863
137,-67,12.1740522384644
138,-67,13.9054374694824
139,-67,14.4268951416016
140,-67,15.1964111328125
141,-67,17.7684898376465
142,-67,20.8794555664063
143,-67,24.557149887085
144,-67,23.9724273681641
145,-67,21.9208850860596
146,-67,20.7789039611816
147,-67,22.6375904083252
148,-67,23.3766899108887
149,-67,21.389627456665
150,-67,21.4748268127441
151,-67,21.5854053497314
152,-67,20.5440311431885
153,-67,20.6532382965088
154,-67,22.2423896789551
155,-67,24.8589401245117
156,-67,26.4600315093994
157,-67,30.2727031707764
158,-67,33.9520492553711
159,-67,37.1672782897949
160,-67,41.3156242370606
161,-67,45.4872550964356
162,-67,44.1553573608398
163,-67,43.0505599975586
164,-67,45.6025466918945
165,-67,41.0536231994629
166,-67,40.6849327087402
167,-67,41.4517517089844
168,-67,41.6186599731445
169,-67,42.5082817077637
170,-67,48.7604522705078
171,-67,48.9786491394043
172,-67,44.6258850097656
173,-67,44.3944206237793
174,-67,48.4045448303223
175,-67,56.3158264160156
176,-67,62.2979621887207
177,-67,56.3626136779785
178,-67,55.5849075317383
179,-67,52.5008163452149
180,-67,51.4439849853516
181,-67,60.0699234008789
182,-67,55.9432601928711
183,-67,50.4769096374512
184,-67,51.362606048584
185,-67,52.9211311340332
186,-67,55.1407356262207
187,-67,54.3744583129883
188,-67,46.975528717041
189,-67,45.5133094787598
190,-67,52.5337181091309
191,-67,62.7950134277344
192,-67,64.4650802612305
193,-67,62.0977172851563
194,-67,60.4993095397949
195,-67,60.8056869506836
196,-67,62.5848426818848
197,-67,65.8535461425781
198,-67,65.0164260864258
199,-67,70.5235748291016
200,-67,68.0892944335938
201,-67,63.958251953125
202,-67,61.838737487793
203,-67,59.0495376586914
204,-67,54.0509033203125
205,-67,50.1597557067871
206,-67,46.389102935791
207,-67,45.0617446899414
208,-67,43.7790107727051
209,-67,43.1835136413574
210,-67,47.6226501464844
211,-67,48.9547271728516
212,-67,54.3764495849609
213,-67,55.9179725646973
214,-67,52.3507118225098
215,-67,51.5680618286133
216,-67,54.1799697875977
217,-67,46.0539932250977
218,-67,38.3809471130371
219,-67,35.2571029663086
220,-67,34.9283905029297
221,-67,33.9101638793945
222,-67,31.3249931335449
223,-67,30.5464210510254
224,-67,29.0210056304932
225,-67,25.8934097290039
226,-67,23.9560413360596
227,-67,22.7185115814209
228,-67,20.5039920806885
229,-67,18.7183055877686
230,-67,17.4658222198486
231,-67,15.2815141677856
232,-67,13.3661594390869
233,-67,14.320029258728
234,-67,14.9202013015747
235,-67,14.4559001922607
236,-67,13.5149726867676
237,-67,11.8824577331543
238,-67,10.9905195236206
239,-67,10.6691875457764
240,-67,10.3168544769287
241,-67,9.58038234710693
242,-67,9.15294647216797
243,-67,9.38810157775879
244,-67,9.34422779083252
245,-67,10.1087560653687
246,-67,9.73614883422852
247,-67,9.91121482849121
248,-67,9.18466663360596
249,-67,8.54074859619141
250,-67,8.51049423217773
251,-67,8.71747779846191
252,-67,9.32513236999512
253,-67,9.29350852966309
254,-67,8.96086025238037
255,-67,7.76462125778198
256,-67,7.68038272857666
257,-67,7.00825262069702
258,-67,7.4396333694458
259,-67,7.36140155792236
260,-67,7.28098249435425
261,-67,7.10598850250244
262,-67,7.52382183074951
263,-67,7.94296169281006
264,-67,8.08220481872559
265,-67,8.89198684692383
266,-67,8.63223934173584
267,-67,7.62381839752197
268,-67,6.84385108947754
269,-67,6.50022172927856
270,-67,6.37338399887085
271,-67,6.80071115493774
272,-67,8.57164287567139
273,-67,9.77787113189697
274,-67,10.1138715744019
275,-67,9.36141586303711
276,-67,9.42205619812012
277,-67,9.12144756317139
278,-67,8.02757835388184
279,-67,7.30502796173096
280,-67,6.75588703155518
281,-67,6.20974111557007
283,-67,6.08859491348267
284,-67,6.17884826660156
285,-67,6.14884281158447
286,-67,6.2146577835083
287,-67,6.26823616027832
289,-67,6.17169284820557
290,-67,7.92622518539429
291,-67,10.6302938461304
292,-67,10.8648023605347
293,-67,11.3384685516357
294,-67,10.3841171264648
295,-67,9.55427360534668
296,-67,9.20438098907471
297,-67,8.40591621398926
298,-67,6.94695615768433
299,-67,6.43743944168091
50,-66,6.18812417984009
51,-66,7.1070408821106
52,-66,6.63500785827637
53,-66,6.45411396026611
54,-66,7.60447883605957
55,-66,9.58833789825439
56,-66,7.42589855194092
57,-66,7.05901861190796
58,-66,6.34613513946533
72,-66,7.59823322296143
73,-66,14.2774257659912
74,-66,16.0984516143799
75,-66,21.1940822601318
76,-66,13.3521633148193
77,-66,9.98015213012695
78,-66,9.23555183410645
79,-66,14.0985593795776
80,-66,20.5812606811523
81,-66,30.107250213623
82,-66,27.7626533508301
83,-66,22.0651664733887
84,-66,23.8812046051025
85,-66,10.7326946258545
86,-66,8.94225120544434
87,-66,6.97664451599121
93,-66,6.40202379226685
96,-66,6.2385745048523
97,-66,6.18057203292847
98,-66,6.09480810165405
101,-66,6.44028234481812
102,-66,7.44769048690796
103,-66,7.90197277069092
104,-66,9.306471824646
105,-66,11.1294727325439
106,-66,11.9005794525146
107,-66,11.8500061035156
108,-66,10.3339748382568
109,-66,10.5790929794312
110,-66,12.7072372436523
111,-66,14.1620063781738
112,-66,14.9978342056274
113,-66,14.9515399932861
114,-66,13.9136199951172
115,-66,13.3401432037354
116,-66,12.6572694778442
117,-66,12.601279258728
118,-66,13.7342500686646
119,-66,14.7747554779053
120,-66,16.0760498046875
121,-66,17.8649787902832
122,-66,19.578763961792
123,-66,17.7744178771973
124,-66,15.8681602478027
125,-66,14.1329345703125
126,-66,14.0834331512451
127,-66,13.8684530258179
128,-66,14.46741771698
129,-66,14.8526620864868
130,-66,13.8514165878296
131,-66,12.1154842376709
132,-66,11.4933290481567
133,-66,12.7014303207397
134,-66,12.1149349212646
135,-66,11.7170658111572
136,-66,14.9213380813599
137,-66,16.5896835327148
138,-66,16.6917018890381
139,-66,17.8233165740967
140,-66,20.1085147857666
141,-66,24.4095935821533
142,-66,26.2507705688477
143,-66,25.9533004760742
144,-66,23.5028495788574
145,-66,22.6911659240723
146,-66,22.9285507202148
147,-66,22.6035957336426
148,-66,21.8645668029785
149,-66,21.495662689209
150,-66,22.2990856170654
151,-66,22.4465713500977
152,-66,22.8900852203369
153,-66,25.0925636291504
154,-66,27.3568382263184
155,-66,28.4911251068115
156,-66,31.9215698242188
157,-66,33.5076179504395
158,-66,36.2582015991211
159,-66,38.9282875061035
160,-66,39.7213973999023
161,-66,40.0028991699219
162,-66,48.1505241394043
163,-66,53.0471115112305
164,-66,57.2204475402832
165,-66,54.0720977783203
166,-66,58.6611976623535
167,-66,69.3095932006836
168,-66,77.3452682495117
169,-66,83.2196502685547
170,-66,78.0141220092774
171,-66,69.3644180297852
172,-66,66.6085205078125
173,-66,72.6611633300781
174,-66,87.0838317871094
175,-66,99.5331115722656
176,-66,95.4924621582031
177,-66,85.9343719482422
178,-66,86.9792785644531
179,-66,92.8844604492187
180,-66,87.3978424072266
181,-66,75.3327026367188
182,-66,70.4600524902344
183,-66,68.353157043457
184,-66,72.7282485961914
185,-66,71.3098907470703
186,-66,78.2527694702149
187,-66,81.7521514892578
188,-66,76.087158203125
189,-66,75.7003555297852
190,-66,80.2254943847656
191,-66,95.2516021728516
192,-66,79.0187683105469
193,-66,76.8084564208984
194,-66,97.5411148071289
195,-66,89.7674179077148
196,-66,83.2763061523438
197,-66,86.7181701660156
198,-66,91.1646728515625
199,-66,84.5056610107422
200,-66,82.3739624023438
201,-66,89.9761047363281
202,-66,87.032096862793
203,-66,91.0328750610352
204,-66,84.1589508056641
205,-66,78.0152969360352
206,-66,69.8951721191406
207,-66,61.9495544433594
208,-66,59.7788200378418
209,-66,62.5651245117188
210,-66,58.4297294616699
211,-66,58.9424934387207
212,-66,65.1545715332031
213,-66,69.8634490966797
214,-66,67.6103897094727
215,-66,63.5200500488281
216,-66,54.6957244873047
217,-66,47.3123779296875
218,-66,44.5822830200195
219,-66,39.7312774658203
220,-66,42.4077453613281
221,-66,40.3975296020508
222,-66,40.8145790100098
223,-66,40.1843795776367
224,-66,38.2653961181641
225,-66,36.7480621337891
226,-66,34.6852264404297
227,-66,29.0157928466797
228,-66,27.1777305603027
229,-66,21.7193088531494
230,-66,19.4529037475586
231,-66,18.1776180267334
232,-66,16.7132987976074
233,-66,15.5827312469482
234,-66,15.4891395568848
235,-66,14.4602537155151
236,-66,12.6260938644409
237,-66,11.2927904129028
238,-66,11.1593065261841
239,-66,11.4243783950806
240,-66,12.0819301605225
241,-66,13.104024887085
242,-66,12.0536937713623
243,-66,11.5212373733521
244,-66,9.70077514648438
245,-66,9.15527057647705
246,-66,10.0683221817017
247,-66,9.29500770568848
248,-66,9.49419021606445
249,-66,10.9168376922607
250,-66,11.5128021240234
251,-66,11.071756362915
252,-66,11.3506889343262
253,-66,11.1301774978638
254,-66,11.0761728286743
255,-66,10.1624889373779
256,-66,8.91950798034668
257,-66,8.07232570648193
258,-66,7.06107473373413
259,-66,6.45049953460693
260,-66,6.44977331161499
261,-66,6.900465965271
262,-66,7.07259464263916
263,-66,6.41133117675781
264,-66,6.82618427276611
265,-66,7.29636859893799
266,-66,7.531578540802
267,-66,7.47133255004883
268,-66,7.45811748504639
269,-66,7.25964498519898
271,-66,6.29379749298096
272,-66,6.92499446868897
273,-66,7.65214729309082
274,-66,8.38097953796387
275,-66,9.52834510803223
276,-66,9.4603099822998
277,-66,8.87358665466309
278,-66,8.7054557800293
279,-66,7.81323909759522
280,-66,6.2956657409668
282,-66,6.25033283233643
283,-66,6.5980167388916
284,-66,7.02187156677246
285,-66,6.45841407775879
290,-66,6.65834379196167
291,-66,9.90942764282227
292,-66,11.5141592025757
293,-66,10.7248487472534
294,-66,9.81881999969482
295,-66,9.70701789855957
296,-66,9.54416751861572
297,-66,8.14897632598877
298,-66,6.84634065628052
299,-66,6.84994125366211
300,-66,7.15596771240234
301,-66,6.83979892730713
302,-66,6.8697395324707
52,-65,6.80501985549927
53,-65,7.81908750534058
54,-65,10.079610824585
55,-65,10.2625074386597
56,-65,7.34800815582275
57,-65,6.04707098007202
76,-65,6.14167928695679
79,-65,6.67078495025635
80,-65,7.40911293029785
81,-65,7.53714799880981
82,-65,7.10547542572022
83,-65,6.54000234603882
84,-65,6.16363763809204
85,-65,6.10800695419312
86,-65,6.18492889404297
92,-65,6.60280704498291
93,-65,6.7907075881958
94,-65,6.84134578704834
95,-65,6.66283178329468
96,-65,6.15593385696411
100,-65,6.56111764907837
101,-65,7.37570381164551
102,-65,7.71448659896851
103,-65,8.09764385223389
104,-65,9.20355224609375
105,-65,10.3533201217651
106,-65,11.9679574966431
107,-65,10.6306600570679
108,-65,9.74509620666504
109,-65,10.1188383102417
110,-65,12.6571197509766
111,-65,15.3719472885132
112,-65,14.4436092376709
113,-65,14.6554880142212
114,-65,14.8717813491821
115,-65,15.0442094802856
116,-65,14.5854759216309
117,-65,14.486837387085
118,-65,14.7039203643799
119,-65,16.0404396057129
120,-65,17.108268737793
121,-65,18.6432704925537
122,-65,16.706392288208
123,-65,15.7906055450439
124,-65,18.4646530151367
125,-65,15.4706230163574
126,-65,15.6059226989746
127,-65,16.353551864624
128,-65,15.6831998825073
129,-65,15.2436847686768
130,-65,15.5269165039063
131,-65,15.6457176208496
132,-65,15.342342376709
133,-65,17.5768947601318
134,-65,18.3676319122314
135,-65,17.8001747131348
136,-65,18.7173099517822
137,-65,20.2336692810059
138,-65,20.540491104126
139,-65,21.2790393829346
140,-65,22.0043258666992
141,-65,24.099494934082
142,-65,25.8849983215332
143,-65,26.1901035308838
144,-65,27.4649353027344
145,-65,28.0301513671875
146,-65,29.8937187194824
147,-65,27.3493976593018
148,-65,24.6062774658203
149,-65,24.7998886108398
150,-65,23.9485816955566
151,-65,23.5435676574707
152,-65,25.0883331298828
153,-65,27.4621200561523
154,-65,31.2020587921143
155,-65,37.6990547180176
156,-65,47.9474220275879
157,-65,61.3406181335449
158,-65,60.9951171875
159,-65,49.8048934936524
160,-65,47.6973609924316
161,-65,52.9081420898438
162,-65,55.8553085327149
163,-65,59.0299797058106
164,-65,65.8750839233399
165,-65,73.7427520751953
166,-65,81.6166000366211
167,-65,102.04508972168
168,-65,113.846519470215
169,-65,115.498115539551
170,-65,109.609451293945
171,-65,106.895217895508
172,-65,114.40754699707
173,-65,125.257873535156
174,-65,136.444427490234
175,-65,139.949981689453
176,-65,164.542495727539
177,-65,164.592086791992
178,-65,163.681213378906
179,-65,163.240997314453
180,-65,159.805847167969
181,-65,136.792419433594
182,-65,132.8193359375
183,-65,113.325698852539
184,-65,113.63355255127
185,-65,105.419235229492
186,-65,108.567443847656
187,-65,139.320159912109
188,-65,154.45915222168
189,-65,156.075439453125
190,-65,144.440231323242
191,-65,141.370346069336
192,-65,143.296661376953
193,-65,138.161346435547
194,-65,141.110458374023
195,-65,148.642791748047
196,-65,121.351852416992
197,-65,116.376586914063
198,-65,110.139602661133
199,-65,109.968551635742
200,-65,115.981369018555
201,-65,117.426940917969
202,-65,127.336700439453
203,-65,130.285247802734
204,-65,128.46208190918
205,-65,110.342041015625
206,-65,95.7674789428711
207,-65,99.5995559692383
208,-65,98.164436340332
209,-65,99.9955291748047
210,-65,94.4395294189453
211,-65,79.2347869873047
212,-65,91.4970703125
213,-65,88.1990203857422
214,-65,85.027572631836
215,-65,74.8846817016602
216,-65,57.2691307067871
217,-65,51.3724708557129
218,-65,48.2091255187988
219,-65,54.7430534362793
220,-65,52.7817039489746
221,-65,61.2076072692871
222,-65,71.3000335693359
223,-65,64.8224487304688
224,-65,64.0537719726563
225,-65,66.5635147094727
226,-65,64.6641387939453
227,-65,52.9743194580078
228,-65,41.2407760620117
229,-65,32.813289642334
230,-65,25.9129257202148
231,-65,22.9276580810547
232,-65,21.9916610717773
233,-65,18.8906383514404
234,-65,17.9323844909668
235,-65,17.501522064209
236,-65,17.3086910247803
237,-65,16.8110485076904
238,-65,13.5862216949463
239,-65,12.8406896591187
240,-65,13.6704740524292
241,-65,14.3619775772095
242,-65,14.1920127868652
243,-65,13.128360748291
244,-65,11.0021963119507
245,-65,10.9646453857422
246,-65,12.4658079147339
247,-65,11.6832885742188
248,-65,11.493971824646
249,-65,11.9565134048462
250,-65,11.5368041992188
251,-65,13.2361602783203
252,-65,13.8161087036133
253,-65,13.22194480896
254,-65,12.9483642578125
255,-65,12.3265724182129
256,-65,11.5756206512451
257,-65,10.0316219329834
258,-65,8.08447074890137
259,-65,7.56788635253906
260,-65,7.5675835609436
261,-65,7.74851846694946
262,-65,7.28408432006836
263,-65,7.19132709503174
264,-65,6.94483184814453
265,-65,7.28133153915405
266,-65,7.50832319259644
267,-65,8.01603317260742
268,-65,7.4718132019043
269,-65,6.55395841598511
270,-65,6.85308265686035
271,-65,6.72289848327637
272,-65,7.03109264373779
273,-65,6.95168113708496
274,-65,7.58821392059326
275,-65,8.43537044525147
276,-65,8.26419448852539
277,-65,7.50473308563232
278,-65,7.28413486480713
279,-65,6.79877138137817
280,-65,6.7389669418335
281,-65,7.15219354629517
282,-65,7.48603296279907
283,-65,7.39723253250122
284,-65,6.35546970367432
291,-65,7.00599384307861
292,-65,9.06372928619385
293,-65,10.307430267334
294,-65,9.7904109954834
295,-65,8.54765701293945
296,-65,7.38878870010376
297,-65,7.26043796539307
298,-65,7.20026206970215
299,-65,7.09349679946899
300,-65,7.02902317047119
305,-65,6.08190202713013
306,-65,6.39939451217651
307,-65,6.54217004776001
308,-65,6.285888671875
52,-64,7.13151359558106
53,-64,10.0459318161011
54,-64,6.32952404022217
98,-64,6.39712810516357
99,-64,6.28116941452026
100,-64,6.31501579284668
101,-64,6.63762140274048
102,-64,7.35274314880371
103,-64,8.43778228759766
104,-64,9.05279350280762
105,-64,10.294207572937
106,-64,11.1515941619873
107,-64,10.6688709259033
108,-64,10.2243824005127
109,-64,11.0400142669678
110,-64,13.7707538604736
111,-64,16.5741901397705
112,-64,16.7308158874512
113,-64,16.1145305633545
114,-64,16.2467765808105
115,-64,16.4723434448242
116,-64,15.3142652511597
117,-64,15.2277975082397
118,-64,14.8893966674805
119,-64,17.090353012085
120,-64,16.5879745483398
121,-64,16.6964225769043
122,-64,17.9405212402344
123,-64,18.2837104797363
124,-64,17.4108238220215
125,-64,17.4479331970215
126,-64,17.9144973754883
127,-64,17.2705574035645
128,-64,18.4040565490723
129,-64,17.3656558990479
130,-64,17.5050773620605
131,-64,17.025857925415
132,-64,16.0667991638184
133,-64,16.6831302642822
134,-64,18.8683414459229
135,-64,20.1774291992188
136,-64,20.5072059631348
137,-64,21.6848640441895
138,-64,24.8067245483398
139,-64,26.6356372833252
140,-64,26.3150806427002
141,-64,22.840030670166
142,-64,24.2040863037109
143,-64,25.2003421783447
144,-64,26.7052345275879
145,-64,27.1726226806641
146,-64,27.3568496704102
147,-64,29.7172698974609
148,-64,28.5231094360352
149,-64,25.7343921661377
150,-64,25.0752105712891
151,-64,25.4106159210205
152,-64,27.8862724304199
153,-64,30.1844863891602
154,-64,33.5673561096191
155,-64,39.2556610107422
156,-64,47.4769515991211
157,-64,51.2067222595215
158,-64,62.5700302124024
159,-64,74.5943908691406
160,-64,77.7107391357422
161,-64,64.1731796264649
162,-64,61.5380592346191
163,-64,70.4846725463867
164,-64,87.0476837158203
165,-64,96.6173706054688
166,-64,101.100608825684
167,-64,109.964988708496
168,-64,158.50700378418
169,-64,195.467391967773
170,-64,177.670654296875
171,-64,217.175491333008
172,-64,246.142761230469
173,-64,246.797424316406
174,-64,321.073272705078
175,-64,218.359375
176,-64,258.703094482422
177,-64,258.126739501953
178,-64,274.659759521484
179,-64,243.944580078125
180,-64,255.341674804688
181,-64,184.23078918457
182,-64,182.024856567383
183,-64,158.762405395508
184,-64,216.115295410156
185,-64,246.070388793945
186,-64,239.816482543945
187,-64,194.656051635742
188,-64,232.878356933594
189,-64,280.610687255859
190,-64,331.963592529297
191,-64,369.166137695313
192,-64,340.507659912109
193,-64,357.519775390625
194,-64,372.876373291016
195,-64,374.954620361328
196,-64,324.584808349609
197,-64,252.597122192383
198,-64,183.974563598633
199,-64,201.215118408203
200,-64,188.896362304688
201,-64,187.301742553711
202,-64,174.440689086914
203,-64,205.104934692383
204,-64,249.514419555664
205,-64,270.127685546875
206,-64,231.151504516602
207,-64,191.692947387695
208,-64,186.604019165039
209,-64,206.841461181641
210,-64,223.389282226563
211,-64,198.897827148438
212,-64,181.676452636719
213,-64,160.845703125
214,-64,130.357574462891
215,-64,111.59831237793
216,-64,116.638969421387
217,-64,106.465034484863
218,-64,90.3352661132813
219,-64,83.6369094848633
220,-64,86.195556640625
221,-64,82.4927673339844
222,-64,90.6979446411133
223,-64,87.2245101928711
224,-64,86.7814331054688
225,-64,96.0131225585938
226,-64,101.457611083984
227,-64,80.5241851806641
228,-64,60.4688758850098
229,-64,49.9388961791992
230,-64,41.9984092712402
231,-64,31.8876514434814
232,-64,29.344654083252
233,-64,26.9000663757324
234,-64,26.5819358825684
235,-64,22.437593460083
236,-64,21.4532566070557
237,-64,20.4100875854492
238,-64,19.0976276397705
239,-64,18.6694889068604
240,-64,18.0671615600586
241,-64,16.3935565948486
242,-64,14.3197736740112
243,-64,13.5800523757935
244,-64,13.9326877593994
245,-64,13.1351318359375
246,-64,13.8756237030029
247,-64,14.0792026519775
248,-64,14.6489810943604
249,-64,15.6496620178223
250,-64,13.1433429718018
251,-64,13.0857591629028
252,-64,15.8101043701172
253,-64,15.491325378418
254,-64,14.8798789978027
255,-64,12.9096431732178
256,-64,11.8271713256836
257,-64,11.2687034606934
258,-64,9.65039253234863
259,-64,7.5535192489624
260,-64,7.08603286743164
261,-64,7.88071346282959
262,-64,7.66004371643066
263,-64,7.27514696121216
264,-64,7.39270687103272
265,-64,7.40494298934937
266,-64,7.05941963195801
267,-64,6.92530393600464
268,-64,6.44491863250732
269,-64,6.17809915542603
270,-64,6.26222324371338
271,-64,6.68201589584351
272,-64,6.98186588287354
273,-64,7.57458257675171
274,-64,8.03815078735352
275,-64,8.64878845214844
276,-64,9.69537162780762
277,-64,9.63496017456055
278,-64,8.75298595428467
279,-64,9.16555881500244
280,-64,9.53902149200439
281,-64,9.82024765014648
282,-64,8.65523433685303
283,-64,7.69302415847778
284,-64,6.50684356689453
285,-64,6.11709690093994
292,-64,6.73488855361939
293,-64,8.83765506744385
294,-64,8.58768558502197
295,-64,8.35398864746094
296,-64,7.76213121414185
297,-64,6.81734657287598
305,-64,6.21862077713013
306,-64,6.64771747589111
307,-64,6.29701614379883
308,-64,7.16808366775513
52,-63,7.94174718856812
53,-63,6.63895416259766
85,-63,6.48032855987549
98,-63,6.1675910949707
99,-63,6.48466110229492
100,-63,6.53112363815308
101,-63,7.40980100631714
102,-63,8.36058139801025
103,-63,9.18425941467285
104,-63,10.1060857772827
105,-63,11.0367965698242
106,-63,12.0025539398193
107,-63,12.3406953811646
108,-63,11.6630420684814
109,-63,10.9237909317017
110,-63,12.946572303772
111,-63,14.6825895309448
112,-63,15.0274562835693
113,-63,15.5904731750488
114,-63,16.3126525878906
115,-63,16.4402370452881
116,-63,15.1952295303345
117,-63,16.1882343292236
118,-63,18.5659141540527
119,-63,17.4989814758301
120,-63,16.2028274536133
121,-63,17.8560123443604
122,-63,18.758092880249
123,-63,19.7142238616943
124,-63,22.1292591094971
125,-63,22.9030513763428
126,-63,23.5999374389648
127,-63,23.1751937866211
128,-63,21.7510967254639
129,-63,20.1014404296875
130,-63,21.2583808898926
131,-63,21.4813919067383
132,-63,21.2075939178467
133,-63,22.3768062591553
134,-63,20.2480583190918
135,-63,19.9237308502197
136,-63,19.6625862121582
137,-63,20.1209144592285
138,-63,19.8022384643555
139,-63,20.473388671875
140,-63,24.2553062438965
141,-63,27.2033920288086
142,-63,26.7715110778809
143,-63,27.1239624023438
144,-63,25.2296543121338
145,-63,25.8769454956055
146,-63,25.9947566986084
147,-63,24.6588706970215
148,-63,25.0789070129395
149,-63,28.3288040161133
150,-63,28.1929702758789
151,-63,27.9312477111816
152,-63,36.089786529541
153,-63,40.4594650268555
154,-63,41.5929336547852
155,-63,41.408618927002
156,-63,50.6426124572754
157,-63,58.1080589294434
158,-63,59.5801467895508
159,-63,61.8549346923828
160,-63,84.013168334961
161,-63,76.8877792358398
162,-63,88.6159210205078
163,-63,112.799041748047
164,-63,109.919883728027
165,-63,139.917999267578
166,-63,171.542221069336
167,-63,156.585601806641
168,-63,182.157089233398
169,-63,248.742141723633
170,-63,276.070495605469
171,-63,538.322692871094
172,-63,523.92041015625
173,-63,486.005218505859
174,-63,597.3798828125
175,-63,442.695709228516
176,-63,332.664367675781
177,-63,422.526275634766
178,-63,454.134704589844
179,-63,427.735565185547
180,-63,558.389770507813
181,-63,293.056427001953
182,-63,434.720794677734
183,-63,762.930480957031
184,-63,534.466979980469
185,-63,415.708740234375
186,-63,576.712463378906
187,-63,586.033996582031
188,-63,613.70166015625
189,-63,564.415771484375
190,-63,527.661926269531
191,-63,735.759826660156
192,-63,788.96923828125
193,-63,802.4912109375
194,-63,860.785034179687
195,-63,876.192199707031
196,-63,575.782775878906
197,-63,1397.87219238281
198,-63,1035.30615234375
199,-63,705.26318359375
200,-63,526.854675292969
201,-63,503.621368408203
202,-63,592.294555664063
203,-63,759.283203125
204,-63,718.807373046875
205,-63,674.875061035156
206,-63,807.717468261719
207,-63,694.749877929688
208,-63,598.099975585938
209,-63,600.86669921875
210,-63,506.953674316406
211,-63,393.777679443359
212,-63,339.077484130859
213,-63,281.931579589844
214,-63,243.941177368164
215,-63,179.200592041016
216,-63,189.503295898438
217,-63,207.159912109375
218,-63,139.640930175781
219,-63,128.534408569336
220,-63,136.676315307617
221,-63,137.649017333984
222,-63,131.632202148438
223,-63,117.216819763184
224,-63,145.63020324707
225,-63,136.994079589844
226,-63,158.692596435547
227,-63,158.919387817383
228,-63,199.414337158203
229,-63,110.195945739746
230,-63,72.9538421630859
231,-63,52.7998428344727
232,-63,44.5333557128906
233,-63,36.1867256164551
234,-63,35.7027320861816
235,-63,31.3118476867676
236,-63,29.7755908966064
237,-63,27.323148727417
238,-63,29.4721755981445
239,-63,28.6029186248779
240,-63,23.5825252532959
241,-63,19.2138767242432
242,-63,15.0623073577881
243,-63,13.6189365386963
244,-63,14.2746095657349
245,-63,16.603214263916
246,-63,16.0073413848877
247,-63,16.4271450042725
248,-63,19.9469661712646
249,-63,18.4231452941895
250,-63,15.8568315505981
251,-63,14.4287185668945
252,-63,13.99094581604
253,-63,13.8168077468872
254,-63,14.3610410690308
255,-63,14.2508373260498
256,-63,12.0755491256714
257,-63,11.5337791442871
258,-63,10.2218341827393
259,-63,9.41998958587646
260,-63,8.35435581207275
261,-63,7.84342432022095
262,-63,6.77785396575928
263,-63,6.6573429107666
264,-63,7.53030109405518
265,-63,8.08354663848877
266,-63,8.73840713500977
267,-63,8.91867828369141
268,-63,8.31945323944092
269,-63,8.45559501647949
270,-63,7.64422798156738
271,-63,7.88394784927368
272,-63,7.88269901275635
273,-63,7.28233766555786
274,-63,7.17153882980347
275,-63,8.89631843566895
276,-63,10.7447681427002
277,-63,11.8232126235962
278,-63,12.1836919784546
279,-63,13.6077671051025
280,-63,12.7777557373047
281,-63,10.6628589630127
282,-63,7.6003270149231
283,-63,6.67370128631592
284,-63,6.46592473983765
285,-63,6.10185670852661
293,-63,6.89854145050049
294,-63,8.0288200378418
295,-63,8.50015830993652
296,-63,7.86342906951904
306,-63,7.13267707824707
307,-63,6.80486392974854
308,-63,6.91414737701416
309,-63,6.29892635345459
52,-62,7.54496383666992
83,-62,6.13470840454102
85,-62,6.41110038757324
86,-62,6.30960416793823
99,-62,6.23946762084961
100,-62,8.12980937957764
101,-62,9.91291236877441
102,-62,10.6561574935913
103,-62,10.4984970092773
104,-62,10.6645832061768
105,-62,11.6880931854248
106,-62,13.3920269012451
107,-62,13.5915441513062
108,-62,12.9133434295654
109,-62,13.3846321105957
110,-62,16.1693134307861
111,-62,17.4653491973877
112,-62,18.3029804229736
113,-62,18.5724296569824
114,-62,18.032377243042
115,-62,17.6872825622559
116,-62,17.8634185791016
117,-62,18.2395172119141
118,-62,21.7056255340576
119,-62,21.6752605438232
120,-62,19.3084449768066
121,-62,20.5406017303467
122,-62,18.8610229492188
123,-62,19.0205135345459
124,-62,19.5479888916016
125,-62,23.0171985626221
126,-62,26.6340065002441
127,-62,24.3913688659668
128,-62,20.284912109375
129,-62,19.2894401550293
130,-62,19.8619785308838
131,-62,20.2913150787354
132,-62,21.4813823699951
133,-62,22.2112236022949
134,-62,23.6444320678711
135,-62,20.158332824707
136,-62,19.2710971832275
137,-62,21.6314754486084
138,-62,20.3563232421875
139,-62,18.90549659729
140,-62,22.8134765625
141,-62,28.0763282775879
142,-62,30.4967517852783
143,-62,34.2979316711426
144,-62,36.9340553283691
145,-62,40.752555847168
146,-62,36.3442115783691
147,-62,33.402961730957
148,-62,32.2415924072266
149,-62,30.7283725738525
150,-62,33.4613494873047
151,-62,32.7895736694336
152,-62,33.8532981872559
153,-62,39.6288948059082
154,-62,50.2613220214844
155,-62,56.5952224731445
156,-62,69.0437622070313
157,-62,88.853271484375
158,-62,89.1802825927734
159,-62,74.6902770996094
160,-62,73.8752517700195
161,-62,98.6819763183594
162,-62,90.6703262329102
163,-62,105.033653259277
164,-62,118.667617797852
165,-62,143.096984863281
166,-62,216.211227416992
167,-62,171.135543823242
168,-62,215.957855224609
169,-62,330.732940673828
170,-62,389.415618896484
171,-62,473.606842041016
172,-62,554.824462890625
173,-62,555.648071289063
174,-62,453.620056152344
175,-62,397.259460449219
176,-62,334.932800292969
177,-62,342.942047119141
178,-62,223.952087402344
179,-62,221.739074707031
180,-62,435.594909667969
181,-62,301.338714599609
182,-62,471.602661132813
183,-62,526.086181640625
184,-62,519.401428222656
185,-62,452.044677734375
186,-62,459.585632324219
187,-62,508.017181396484
188,-62,532.064147949219
189,-62,492.225769042969
190,-62,703.797485351563
191,-62,623.149047851563
192,-62,589.515258789063
193,-62,583.359680175781
194,-62,766.096740722656
195,-62,726.946899414063
196,-62,798.499267578125
197,-62,1564.5458984375
198,-62,1115.04382324219
199,-62,649.096923828125
200,-62,785.044555664063
201,-62,626.710571289063
202,-62,696.929992675781
203,-62,748.465393066406
204,-62,749.9423828125
205,-62,1389.17846679688
206,-62,1264.3935546875
207,-62,1342.76940917969
208,-62,1562.57202148438
209,-62,1633.02783203125
210,-62,1672.00439453125
211,-62,1402.5458984375
212,-62,854.704223632812
213,-62,711.559997558594
214,-62,622.190307617188
215,-62,620.162841796875
216,-62,502.613922119141
217,-62,388.293060302734
218,-62,270.552856445313
219,-62,177.611099243164
220,-62,163.412063598633
221,-62,149.988494873047
222,-62,137.674453735352
223,-62,134.100357055664
224,-62,135.300689697266
225,-62,116.049942016602
226,-62,117.417442321777
227,-62,131.468948364258
228,-62,152.630477905273
229,-62,104.123199462891
230,-62,78.3725814819336
231,-62,66.4342346191406
232,-62,59.357852935791
233,-62,55.9158172607422
234,-62,53.9227409362793
235,-62,41.1280517578125
236,-62,37.0700912475586
237,-62,32.4710693359375
238,-62,35.2634429931641
239,-62,36.7759819030762
240,-62,27.765266418457
241,-62,24.4259357452393
242,-62,18.9950847625732
243,-62,16.3014984130859
244,-62,17.9253368377686
245,-62,17.1707153320313
246,-62,16.8942184448242
247,-62,19.3132953643799
248,-62,23.6115455627441
249,-62,23.3148212432861
250,-62,20.8045768737793
251,-62,19.132022857666
252,-62,17.233642578125
253,-62,15.5828666687012
254,-62,14.4117784500122
255,-62,13.4610509872437
256,-62,13.2855157852173
257,-62,11.0068283081055
258,-62,9.60042667388916
259,-62,10.2725601196289
260,-62,9.99861145019531
261,-62,8.75242042541504
262,-62,7.65338468551636
263,-62,6.71049785614014
264,-62,7.06050300598145
265,-62,7.43997669219971
266,-62,9.14996147155762
267,-62,10.2113056182861
268,-62,10.6827974319458
269,-62,10.9363613128662
270,-62,10.8740434646606
271,-62,9.77007675170898
272,-62,8.33306884765625
273,-62,7.85368776321411
274,-62,7.00902080535889
275,-62,9.54744338989258
276,-62,12.8964204788208
277,-62,15.8722448348999
278,-62,15.7914810180664
279,-62,12.6809539794922
280,-62,10.5352926254272
281,-62,8.14179992675781
282,-62,6.43008279800415
283,-62,6.1365442276001
284,-62,7.1101188659668
285,-62,6.98229265213013
286,-62,6.04060077667236
291,-62,6.59229183197022
292,-62,6.95276165008545
293,-62,7.92180633544922
294,-62,8.05041980743408
295,-62,7.30817604064941
296,-62,6.56915378570557
309,-62,6.43925857543945
51,-61,6.35860443115234
55,-61,7.67350196838379
84,-61,6.08649921417236
85,-61,6.37968921661377
86,-61,6.3917818069458
97,-61,6.25510406494141
98,-61,7.81083106994629
99,-61,8.77736854553223
100,-61,10.3612651824951
101,-61,12.4224252700806
102,-61,12.7325248718262
103,-61,13.8684368133545
104,-61,15.3403959274292
105,-61,13.067852973938
106,-61,10.9169015884399
107,-61,10.7796859741211
108,-61,12.2952919006348
109,-61,13.7013854980469
110,-61,15.8859157562256
111,-61,17.5675678253174
112,-61,19.1031684875488
113,-61,21.734920501709
114,-61,23.2506217956543
115,-61,21.0860729217529
116,-61,19.8893203735352
117,-61,18.841251373291
118,-61,23.1876220703125
119,-61,21.930534362793
120,-61,19.2067394256592
121,-61,17.6319198608398
122,-61,17.8703727722168
123,-61,18.3620910644531
124,-61,18.3108711242676
125,-61,19.4892501831055
126,-61,20.1356601715088
127,-61,21.8124771118164
128,-61,23.5158672332764
129,-61,21.0942649841309
130,-61,21.6982803344727
131,-61,22.3420066833496
132,-61,20.85595703125
133,-61,21.9521064758301
134,-61,22.0025291442871
135,-61,21.1794204711914
136,-61,20.6474342346191
137,-61,20.4050045013428
138,-61,21.308443069458
139,-61,23.5126686096191
140,-61,22.9716625213623
141,-61,24.3977928161621
142,-61,27.7220077514648
143,-61,34.3394813537598
144,-61,39.0611801147461
145,-61,44.4599418640137
146,-61,43.0047454833984
147,-61,40.7306823730469
148,-61,42.7851295471191
149,-61,45.1816253662109
150,-61,43.4904098510742
151,-61,42.1774063110352
152,-61,49.5574455261231
153,-61,63.6266632080078
154,-61,70.3298187255859
155,-61,75.0452880859375
156,-61,94.0703353881836
157,-61,110.873565673828
158,-61,99.70263671875
159,-61,84.3481597900391
160,-61,98.8112487792969
161,-61,114.540596008301
162,-61,175.025115966797
163,-61,222.601913452148
164,-61,600.009460449219
165,-61,365.4814453125
166,-61,287.926513671875
167,-61,230.914108276367
168,-61,612.970275878906
169,-61,207.403244018555
170,-61,349.529296875
171,-61,217.650756835938
172,-61,279.034759521484
173,-61,262.902496337891
174,-61,222.856018066406
175,-61,269.145965576172
176,-61,268.049652099609
177,-61,215.126403808594
178,-61,190.483215332031
179,-61,208.870178222656
180,-61,233.585174560547
181,-61,251.376174926758
182,-61,201.566986083984
183,-61,165.564346313477
184,-61,148.79150390625
185,-61,175.811767578125
186,-61,213.244384765625
187,-61,218.687957763672
188,-61,350.577514648438
189,-61,244.657379150391
190,-61,367.417785644531
191,-61,304.379669189453
192,-61,398.783264160156
193,-61,417.745178222656
194,-61,507.624755859375
195,-61,412.888244628906
196,-61,298.391510009766
197,-61,291.845947265625
198,-61,523.330139160156
199,-61,366.733459472656
200,-61,374.41259765625
201,-61,246.306549072266
202,-61,219.908721923828
203,-61,285.881195068359
204,-61,544.108764648438
205,-61,500.960876464844
206,-61,725.021423339844
207,-61,1181.76123046875
208,-61,953.96728515625
209,-61,1404.75830078125
210,-61,1818.91430664063
211,-61,1951.56286621094
212,-61,2002.74890136719
213,-61,1714.13989257813
214,-61,1511.41198730469
215,-61,1396.36059570313
216,-61,1318.03479003906
217,-61,1057.92529296875
218,-61,748.312133789063
219,-61,549.235961914063
220,-61,456.628143310547
221,-61,358.169860839844
222,-61,260.415893554688
223,-61,173.905502319336
224,-61,156.208190917969
225,-61,144.089904785156
226,-61,127.78882598877
227,-61,106.510070800781
228,-61,116.489532470703
229,-61,100.490936279297
230,-61,80.2230453491211
231,-61,78.790397644043
232,-61,76.9275054931641
233,-61,71.3337860107422
234,-61,72.3247222900391
235,-61,69.6165771484375
236,-61,53.1168785095215
237,-61,42.2449226379395
238,-61,44.0075798034668
239,-61,40.5412712097168
240,-61,30.512149810791
241,-61,26.3000507354736
242,-61,22.4023780822754
243,-61,20.6333560943604
244,-61,22.6520137786865
245,-61,21.9339199066162
246,-61,21.2555694580078
247,-61,21.4165782928467
248,-61,23.0574398040772
249,-61,27.4803047180176
250,-61,27.5570182800293
251,-61,24.588794708252
252,-61,22.0326728820801
253,-61,20.3406448364258
254,-61,17.7425231933594
255,-61,15.811038017273
256,-61,14.4721632003784
257,-61,12.901068687439
258,-61,11.2812194824219
259,-61,10.9449310302734
260,-61,10.1283416748047
261,-61,8.98782253265381
262,-61,8.25460052490234
263,-61,7.35427761077881
264,-61,7.20043087005615
265,-61,7.81555032730103
266,-61,8.30758476257324
267,-61,8.90050220489502
268,-61,9.74345588684082
269,-61,9.92998504638672
270,-61,10.6710605621338
271,-61,11.0317983627319
272,-61,10.138463973999
273,-61,10.3493995666504
274,-61,13.3982858657837
275,-61,15.7048025131226
276,-61,12.791633605957
277,-61,12.214789390564
278,-61,11.1591463088989
279,-61,10.7561283111572
280,-61,10.0898017883301
281,-61,8.22195243835449
282,-61,7.88157463073731
283,-61,7.23747825622559
284,-61,6.26231908798218
286,-61,6.06580257415772
287,-61,6.20025253295898
290,-61,6.57333898544312
291,-61,7.47120666503906
292,-61,7.92273426055908
293,-61,7.7184796333313
294,-61,7.63082122802734
295,-61,7.1224422454834
296,-61,7.47677040100098
297,-61,7.16979503631592
307,-61,6.3341007232666
308,-61,6.31484079360962
51,-60,6.14833307266235
84,-60,6.42416191101074
85,-60,6.65974807739258
86,-60,6.0874547958374
97,-60,6.4570369720459
98,-60,7.64504623413086
99,-60,8.42579650878906
100,-60,9.41859149932861
101,-60,12.240198135376
102,-60,13.3742580413818
103,-60,12.4600868225098
104,-60,11.2635173797607
105,-60,11.0290679931641
106,-60,11.5820388793945
107,-60,13.210732460022
108,-60,14.7801008224487
109,-60,17.6204490661621
110,-60,21.4983520507813
111,-60,22.4544219970703
112,-60,26.547061920166
113,-60,27.0481700897217
114,-60,25.0859718322754
115,-60,21.2844047546387
116,-60,18.872220993042
117,-60,19.5261268615723
118,-60,19.3882160186768
119,-60,19.0725936889648
120,-60,21.1334819793701
121,-60,21.9587593078613
122,-60,21.0127182006836
123,-60,18.2668609619141
124,-60,19.311149597168
125,-60,18.5236358642578
126,-60,18.1550827026367
127,-60,19.388542175293
128,-60,21.8729915618896
129,-60,22.7644653320313
130,-60,26.0976028442383
131,-60,24.4766426086426
132,-60,20.0564575195313
133,-60,18.6232929229736
134,-60,19.3688621520996
135,-60,18.7184410095215
136,-60,19.6065444946289
137,-60,21.7845458984375
138,-60,27.6889991760254
139,-60,27.5394687652588
140,-60,29.8916015625
141,-60,36.7083892822266
142,-60,38.168830871582
143,-60,39.5949172973633
144,-60,43.809009552002
145,-60,53.8390731811523
146,-60,62.0789947509766
147,-60,59.3225479125977
148,-60,67.9716796875
149,-60,86.312873840332
150,-60,89.3601379394531
151,-60,84.2220916748047
152,-60,88.9084930419922
153,-60,105.074035644531
154,-60,152.455825805664
155,-60,199.969909667969
156,-60,168.843795776367
157,-60,157.816680908203
158,-60,160.01335144043
159,-60,194.681182861328
160,-60,351.054504394531
161,-60,634.039794921875
162,-60,219.851898193359
163,-60,458.583679199219
164,-60,443.26953125
165,-60,229.754913330078
166,-60,147.403121948242
167,-60,243.225845336914
168,-60,127.545700073242
169,-60,49.4132843017578
170,-60,99.1350708007813
171,-60,130.604431152344
172,-60,107.852416992188
173,-60,116.427848815918
174,-60,123.68074798584
175,-60,129.748504638672
176,-60,158.018844604492
177,-60,134.431427001953
178,-60,126.236755371094
179,-60,113.521408081055
180,-60,143.63883972168
181,-60,171.212387084961
182,-60,174.868072509766
183,-60,180.925415039063
184,-60,134.674545288086
185,-60,116.745559692383
186,-60,129.086029052734
187,-60,138.825378417969
188,-60,105.607620239258
189,-60,102.360092163086
190,-60,118.934631347656
191,-60,122.889251708984
192,-60,146.556060791016
193,-60,162.669860839844
194,-60,192.267929077148
195,-60,180.054351806641
196,-60,152.563430786133
197,-60,133.120269775391
198,-60,149.251251220703
199,-60,153.859603881836
200,-60,137.338012695313
201,-60,120.689254760742
202,-60,134.188568115234
203,-60,172.074310302734
204,-60,212.947998046875
205,-60,269.516723632813
206,-60,270.276489257813
207,-60,251.125366210938
208,-60,310.050598144531
209,-60,435.464447021484
210,-60,418.242614746094
211,-60,386.590240478516
212,-60,502.357299804688
213,-60,610.667114257813
214,-60,775.759033203125
215,-60,1727.78796386719
216,-60,1090.00158691406
217,-60,1088.06201171875
218,-60,1135.26647949219
219,-60,1123.11413574219
220,-60,1573.67041015625
221,-60,1225.01635742188
222,-60,936.434509277344
223,-60,737.361328125
224,-60,588.711059570313
225,-60,409.673400878906
226,-60,280.890258789063
227,-60,256.830230712891
228,-60,299.621978759766
229,-60,322.520751953125
230,-60,163.014770507813
231,-60,130.625366210938
232,-60,102.205795288086
233,-60,86.4479904174805
234,-60,81.29736328125
235,-60,70.1111907958984
236,-60,61.0774955749512
237,-60,50.2763710021973
238,-60,45.2801246643066
239,-60,36.9377059936523
240,-60,35.7840995788574
241,-60,30.6122245788574
242,-60,25.1984996795654
243,-60,24.9881420135498
244,-60,23.1579494476318
245,-60,22.4364967346191
246,-60,21.6433258056641
247,-60,23.0396919250488
248,-60,25.3777923583984
249,-60,27.1511783599854
250,-60,21.6769580841064
251,-60,19.6758403778076
252,-60,18.6471328735352
253,-60,17.3549633026123
254,-60,18.1910724639893
255,-60,14.8956518173218
256,-60,13.8134460449219
257,-60,15.0328283309937
258,-60,11.4104623794556
259,-60,10.5021324157715
260,-60,10.4306974411011
261,-60,9.97957515716553
262,-60,8.23277378082275
263,-60,8.02981376647949
264,-60,8.49649620056152
265,-60,9.32511425018311
266,-60,9.69586658477783
267,-60,9.81867980957031
268,-60,9.72251510620117
269,-60,9.68483448028564
270,-60,9.91643047332764
271,-60,11.4669494628906
272,-60,12.5288724899292
273,-60,12.1480007171631
274,-60,11.918384552002
275,-60,10.6071710586548
276,-60,10.4038600921631
277,-60,8.30201816558838
278,-60,6.58425998687744
279,-60,8.52408790588379
280,-60,10.7409181594849
281,-60,11.8782615661621
282,-60,8.72772884368897
283,-60,6.46758508682251
286,-60,6.18060731887817
291,-60,6.3199462890625
292,-60,6.96607685089111
293,-60,7.60993146896362
294,-60,7.73943614959717
295,-60,7.4444522857666
296,-60,8.64236545562744
297,-60,9.37056255340576
298,-60,7.91563177108765
308,-60,6.55344200134277
309,-60,7.55151510238648
310,-60,6.40264987945557
84,-59,6.22033166885376
85,-59,7.12244462966919
86,-59,7.31149291992188
87,-59,6.08531475067139
97,-59,7.30052185058594
98,-59,9.42734718322754
99,-59,9.12529850006104
100,-59,9.45883464813232
101,-59,12.8637504577637
102,-59,13.5224752426147
103,-59,10.9237537384033
104,-59,10.0851058959961
105,-59,9.70443916320801
106,-59,11.2250308990479
107,-59,13.137487411499
108,-59,14.3175945281982
109,-59,15.8284578323364
110,-59,19.002046585083
111,-59,22.4063262939453
112,-59,22.9329376220703
113,-59,21.2726898193359
114,-59,19.9290447235107
115,-59,18.3515396118164
116,-59,19.4135475158691
117,-59,21.9641456604004
118,-59,28.5617580413818
119,-59,25.4143943786621
120,-59,23.8179550170898
121,-59,23.5490093231201
122,-59,22.3935470581055
123,-59,22.4442520141602
124,-59,22.4263362884522
125,-59,22.1984157562256
126,-59,20.4337882995605
127,-59,18.8593139648438
128,-59,17.2015495300293
129,-59,16.9425048828125
130,-59,18.3113975524902
131,-59,20.4013996124268
132,-59,26.1082592010498
133,-59,27.274787902832
134,-59,26.7071971893311
135,-59,25.8066730499268
136,-59,26.5734977722168
137,-59,27.5851516723633
138,-59,28.8838539123535
139,-59,29.6934242248535
140,-59,34.7491989135742
141,-59,43.0208740234375
142,-59,52.4667930603027
143,-59,61.9911575317383
144,-59,66.5848617553711
145,-59,77.798583984375
146,-59,93.4763031005859
147,-59,119.177696228027
148,-59,109.281921386719
149,-59,130.850830078125
150,-59,186.428833007813
151,-59,191.449020385742
152,-59,201.644561767578
153,-59,177.464050292969
154,-59,164.599578857422
155,-59,207.688568115234
156,-59,178.588531494141
157,-59,198.996032714844
158,-59,273.175231933594
159,-59,307.161163330078
160,-59,359.055297851563
161,-59,331.906646728516
162,-59,178.323135375977
163,-59,140.557342529297
164,-59,208.972183227539
165,-59,218.317718505859
166,-59,130.486541748047
167,-59,109.674102783203
168,-59,106.840202331543
169,-59,82.41943359375
170,-59,77.7999877929688
171,-59,81.6539688110352
172,-59,93.3053283691406
173,-59,79.9591751098633
174,-59,74.8198623657227
175,-59,88.3904647827148
176,-59,89.5057373046875
177,-59,108.639450073242
178,-59,109.56184387207
179,-59,91.4491119384766
180,-59,99.9757232666016
181,-59,130.908950805664
182,-59,106.377685546875
183,-59,107.850524902344
184,-59,109.635848999023
185,-59,97.6689376831055
186,-59,92.1398391723633
187,-59,90.3924102783203
188,-59,94.6853637695312
189,-59,83.1614837646484
190,-59,76.6898574829102
191,-59,76.34228515625
192,-59,76.4757461547852
193,-59,82.0361175537109
194,-59,88.9653778076172
195,-59,106.181488037109
196,-59,101.367782592773
197,-59,87.0926513671875
198,-59,97.6637725830078
199,-59,101.97144317627
200,-59,102.80345916748
201,-59,80.7051696777344
202,-59,88.2485504150391
203,-59,117.748428344727
204,-59,138.748275756836
205,-59,141.438415527344
206,-59,155.93424987793
207,-59,137.754333496094
208,-59,140.12385559082
209,-59,141.825622558594
210,-59,166.235076904297
211,-59,202.180694580078
212,-59,223.3876953125
213,-59,296.108032226563
214,-59,280.510894775391
215,-59,322.792999267578
216,-59,371.885375976563
217,-59,480.560974121094
218,-59,496.103485107422
219,-59,521.957336425781
220,-59,1197.02075195313
221,-59,1220.00158691406
222,-59,929.063598632812
223,-59,1004.29821777344
224,-59,1038.97045898438
225,-59,1135.24633789063
226,-59,743.070007324219
227,-59,661.342346191406
228,-59,433.275512695313
229,-59,396.064239501953
230,-59,226.328765869141
231,-59,193.284164428711
232,-59,168.542205810547
233,-59,191.755859375
234,-59,146.952545166016
235,-59,103.056076049805
236,-59,65.7395935058594
237,-59,61.1680793762207
238,-59,61.1960830688477
239,-59,48.7158126831055
240,-59,35.9682350158691
241,-59,34.5744323730469
242,-59,30.0106620788574
243,-59,31.0600090026855
244,-59,29.1089744567871
245,-59,25.0741157531738
246,-59,27.0125579833984
247,-59,26.0750999450684
248,-59,27.2897357940674
249,-59,27.9682464599609
250,-59,22.3594036102295
251,-59,19.3644771575928
252,-59,16.3426647186279
253,-59,14.465970993042
254,-59,16.4617519378662
255,-59,16.4834804534912
256,-59,16.7781085968018
257,-59,15.13121509552
258,-59,11.7633533477783
259,-59,11.4516887664795
260,-59,11.8727970123291
261,-59,10.4333686828613
262,-59,9.06591701507568
263,-59,9.53610515594482
264,-59,9.41142082214355
265,-59,9.54565238952637
266,-59,11.03542137146
267,-59,10.1694259643555
268,-59,9.09886074066162
269,-59,9.72197723388672
270,-59,9.59208297729492
271,-59,8.63628959655762
272,-59,9.04522609710693
273,-59,10.9983415603638
274,-59,10.2249059677124
275,-59,9.27684497833252
276,-59,9.60479259490967
277,-59,8.58913421630859
278,-59,6.88710832595825
279,-59,8.16402339935303
280,-59,9.5606689453125
281,-59,8.451003074646
282,-59,9.09494972229004
283,-59,7.95709371566773
284,-59,6.79393672943115
285,-59,6.13337373733521
286,-59,6.22171258926392
287,-59,6.83143901824951
288,-59,6.57042837142944
289,-59,9.26159000396729
290,-59,13.7696352005005
291,-59,9.2418384552002
292,-59,8.0264139175415
293,-59,10.1185932159424
294,-59,8.10757160186768
295,-59,6.75320100784302
297,-59,6.2425799369812
306,-59,6.34027433395386
307,-59,6.8630690574646
308,-59,7.597984790802
309,-59,7.91342067718506
310,-59,6.4657793045044
311,-59,6.08400869369507
85,-58,6.90409135818481
86,-58,8.31421947479248
87,-58,7.65642738342285
88,-58,6.64683532714844
89,-58,6.48749303817749
95,-58,7.18993854522705
96,-58,8.95011901855469
97,-58,12.5632266998291
98,-58,11.4567699432373
99,-58,10.9907531738281
100,-58,9.87395477294922
101,-58,10.3869667053223
102,-58,12.1106176376343
103,-58,12.2259082794189
104,-58,9.6584415435791
105,-58,9.35482501983643
106,-58,10.9382247924805
107,-58,11.9866981506348
108,-58,13.7575092315674
109,-58,13.8166637420654
110,-58,13.9944934844971
111,-58,15.6921100616455
112,-58,18.5499038696289
113,-58,18.2241058349609
114,-58,18.805347442627
115,-58,18.3611755371094
116,-58,22.1031799316406
117,-58,23.5239448547363
118,-58,26.4806499481201
119,-58,26.2508735656738
120,-58,26.4112396240234
121,-58,25.0249118804932
122,-58,24.5858383178711
123,-58,23.4072093963623
124,-58,25.8367881774902
125,-58,26.8702392578125
126,-58,24.1242771148682
127,-58,20.8807773590088
128,-58,19.033447265625
129,-58,17.7085151672363
130,-58,18.4357852935791
131,-58,19.6503105163574
132,-58,21.6718578338623
133,-58,24.4030494689941
134,-58,27.8697471618652
135,-58,30.228084564209
136,-58,30.5109596252441
137,-58,33.2634544372559
138,-58,37.1038970947266
139,-58,43.9413032531738
140,-58,52.1745910644531
141,-58,62.6158866882324
142,-58,65.1450424194336
143,-58,70.1704330444336
144,-58,77.1790237426758
145,-58,95.7208099365234
146,-58,134.603988647461
147,-58,166.478378295898
148,-58,275.627166748047
149,-58,367.259918212891
150,-58,377.062896728516
151,-58,358.320831298828
152,-58,391.323760986328
153,-58,527.671020507813
154,-58,727.533569335938
155,-58,624.073059082031
156,-58,402.469665527344
157,-58,560.882080078125
158,-58,336.896514892578
159,-58,510.574829101563
160,-58,238.699691772461
161,-58,164.654113769531
162,-58,92.3790588378906
163,-58,113.037475585938
164,-58,182.311782836914
165,-58,148.90153503418
166,-58,114.926177978516
167,-58,78.2308502197266
168,-58,103.454544067383
169,-58,80.4138946533203
170,-58,65.4204406738281
171,-58,64.0475463867188
172,-58,65.9579238891602
173,-58,65.2727966308594
174,-58,64.9078369140625
175,-58,72.7521362304688
176,-58,80.2678146362305
177,-58,73.5935668945313
178,-58,64.6519241333008
179,-58,62.2493324279785
180,-58,77.4434509277344
181,-58,75.5600967407227
182,-58,62.8175582885742
183,-58,61.0192794799805
184,-58,65.2295913696289
185,-58,62.3420906066895
186,-58,65.0064544677734
187,-58,78.5519104003906
188,-58,68.8823471069336
189,-58,72.3268051147461
190,-58,79.3932495117188
191,-58,66.328125
192,-58,53.4078063964844
193,-58,44.7783622741699
194,-58,56.3302993774414
195,-58,61.3691291809082
196,-58,61.4385032653809
197,-58,62.926082611084
198,-58,71.9887237548828
199,-58,69.5251235961914
200,-58,72.873664855957
201,-58,65.5771636962891
202,-58,75.6824798583984
203,-58,79.9986724853516
204,-58,87.8994522094727
205,-58,107.610466003418
206,-58,83.1406097412109
207,-58,74.9530868530274
208,-58,74.6024780273438
209,-58,91.6875839233398
210,-58,111.827537536621
211,-58,136.392120361328
212,-58,122.987037658691
213,-58,159.037231445313
214,-58,212.013061523438
215,-58,207.527130126953
216,-58,267.281524658203
217,-58,249.468734741211
218,-58,224.4697265625
219,-58,190.146362304688
220,-58,196.169372558594
221,-58,257.953277587891
222,-58,326.445007324219
223,-58,492.637268066406
224,-58,661.85791015625
225,-58,649.134033203125
226,-58,1014.64916992187
227,-58,1175.39929199219
228,-58,1043.81018066406
229,-58,600.914794921875
230,-58,516.355834960938
231,-58,394.716491699219
232,-58,316.355224609375
233,-58,256.111022949219
234,-58,186.864562988281
235,-58,134.774658203125
236,-58,87.2426834106445
237,-58,70.9597015380859
238,-58,71.4154434204102
239,-58,65.0558090209961
240,-58,52.9858665466309
241,-58,43.3679046630859
242,-58,37.3574295043945
243,-58,35.1074752807617
244,-58,32.6933860778809
245,-58,36.8744354248047
246,-58,36.5808868408203
247,-58,39.3884048461914
248,-58,35.3341598510742
249,-58,32.6733627319336
250,-58,31.2137298583984
251,-58,29.5271072387695
252,-58,20.2014560699463
253,-58,17.4354629516602
254,-58,19.8464183807373
255,-58,18.0395526885986
256,-58,17.6663036346436
257,-58,18.5135402679443
258,-58,16.1392383575439
259,-58,14.2570190429688
260,-58,11.6619577407837
261,-58,10.2067899703979
262,-58,8.79312801361084
263,-58,9.35611057281494
264,-58,10.0997085571289
265,-58,11.7577238082886
266,-58,11.6829833984375
267,-58,11.5346364974976
268,-58,10.4070520401001
269,-58,10.2246608734131
270,-58,10.9372911453247
271,-58,10.7874784469605
272,-58,10.2531805038452
273,-58,10.1533212661743
274,-58,11.3528118133545
275,-58,11.5746450424194
276,-58,9.84645080566406
277,-58,9.02190589904785
278,-58,8.97573280334473
279,-58,8.40873908996582
280,-58,7.74453544616699
281,-58,8.25121021270752
282,-58,8.93343162536621
283,-58,8.45770454406738
284,-58,7.10186624526978
287,-58,6.63223934173584
288,-58,6.32757472991943
289,-58,6.74945783615112
290,-58,7.14897680282593
291,-58,8.31243801116943
292,-58,8.67789268493652
293,-58,8.80200004577637
294,-58,7.52786254882813
306,-58,6.67843294143677
307,-58,7.41386270523071
308,-58,7.48877334594727
309,-58,7.15999984741211
310,-58,6.76938629150391
311,-58,6.44361400604248
312,-58,6.65870666503906
85,-57,6.43016815185547
86,-57,8.53436851501465
87,-57,9.73105716705322
88,-57,9.53188610076904
89,-57,8.07743263244629
90,-57,6.16460609436035
96,-57,8.00644302368164
97,-57,10.4771251678467
98,-57,9.66545295715332
99,-57,7.81480693817139
100,-57,6.7837119102478
101,-57,7.04153251647949
102,-57,9.82740592956543
103,-57,9.3809814453125
104,-57,10.2509155273437
105,-57,10.5933618545532
106,-57,11.8378534317017
107,-57,13.1618242263794
108,-57,13.5751371383667
109,-57,14.4571847915649
110,-57,13.7742042541504
111,-57,15.1538038253784
112,-57,16.5108509063721
113,-57,16.7050228118897
114,-57,15.9659433364868
115,-57,18.4305725097656
116,-57,23.3728656768799
117,-57,29.7518825531006
118,-57,28.6539115905762
119,-57,29.0550594329834
120,-57,29.1264152526855
121,-57,31.7788829803467
122,-57,31.3755378723145
123,-57,35.2503433227539
124,-57,32.9277801513672
125,-57,30.8528938293457
126,-57,27.7775497436523
127,-57,22.3959350585938
128,-57,20.5522022247314
129,-57,20.7477874755859
130,-57,21.6018829345703
131,-57,22.7901954650879
132,-57,29.3437442779541
133,-57,30.0707054138184
134,-57,29.8315296173096
135,-57,31.5012073516846
136,-57,33.7268371582031
137,-57,34.6850814819336
138,-57,47.3013725280762
139,-57,54.8842620849609
140,-57,64.5641555786133
141,-57,92.0957946777344
142,-57,121.687393188477
143,-57,124.942459106445
144,-57,113.981864929199
145,-57,115.643890380859
146,-57,149.705749511719
147,-57,206.267181396484
148,-57,259.717010498047
149,-57,657.670104980469
150,-57,556.91259765625
151,-57,1222.74780273438
152,-57,702.410034179688
153,-57,359.718627929688
154,-57,349.008483886719
155,-57,218.754241943359
156,-57,237.935958862305
157,-57,224.178497314453
158,-57,253.1826171875
159,-57,204.909118652344
160,-57,131.72395324707
161,-57,90.5626907348633
162,-57,68.0345611572266
163,-57,76.7783966064453
164,-57,95.3922576904297
165,-57,77.2913818359375
166,-57,74.4518737792969
167,-57,61.7939071655274
168,-57,72.3265686035156
169,-57,68.9489059448242
170,-57,45.330940246582
171,-57,38.1788024902344
172,-57,44.7195320129395
173,-57,42.1842346191406
174,-57,42.8895454406738
175,-57,43.6741256713867
176,-57,47.9591674804688
177,-57,47.2100715637207
178,-57,47.7327613830566
179,-57,46.2788848876953
180,-57,45.9208869934082
181,-57,46.9580116271973
182,-57,43.4164924621582
183,-57,48.6183776855469
184,-57,60.5737266540527
185,-57,76.3861618041992
186,-57,86.8671646118164
187,-57,91.15966796875
188,-57,75.8386306762695
189,-57,51.9722290039063
190,-57,52.2653045654297
191,-57,48.6980018615723
192,-57,61.9910850524902
193,-57,52.4972305297852
194,-57,49.5575714111328
195,-57,44.5964546203613
196,-57,38.8518142700195
197,-57,47.0662994384766
198,-57,56.0480041503906
199,-57,72.9356307983399
200,-57,82.4570693969727
201,-57,83.1555862426758
202,-57,82.8281860351563
203,-57,75.3867645263672
204,-57,69.8243865966797
205,-57,64.3707122802734
206,-57,65.4706573486328
207,-57,61.9702568054199
208,-57,59.2287178039551
209,-57,60.731819152832
210,-57,61.9107208251953
211,-57,77.951416015625
212,-57,111.755157470703
213,-57,122.86555480957
214,-57,137.331970214844
215,-57,148.050735473633
216,-57,160.228088378906
217,-57,150.139938354492
218,-57,141.054000854492
219,-57,145.508911132813
220,-57,145.137878417969
221,-57,164.533569335938
222,-57,206.501220703125
223,-57,235.685897827148
224,-57,264.77001953125
225,-57,488.15087890625
226,-57,380.226318359375
227,-57,510.749877929688
228,-57,708.662109375
229,-57,788.758239746094
230,-57,753.140930175781
231,-57,796.927062988281
232,-57,656.237915039063
233,-57,545.612060546875
234,-57,494.087219238281
235,-57,338.552001953125
236,-57,191.083557128906
237,-57,116.57706451416
238,-57,92.3218002319336
239,-57,71.7817993164063
240,-57,70.7417221069336
241,-57,69.0465850830078
242,-57,56.525764465332
243,-57,48.0240936279297
244,-57,47.3936958312988
245,-57,39.4813270568848
246,-57,38.6986999511719
247,-57,38.9040679931641
248,-57,35.5992660522461
249,-57,30.3670196533203
250,-57,32.4023170471191
251,-57,27.9444828033447
252,-57,22.8006076812744
253,-57,18.9524040222168
254,-57,20.162712097168
255,-57,17.7587280273438
256,-57,18.8947048187256
257,-57,20.764518737793
258,-57,22.5836143493652
259,-57,20.1748504638672
260,-57,15.4973230361938
261,-57,11.9194917678833
262,-57,10.3467197418213
263,-57,9.38763999938965
264,-57,10.2038831710815
265,-57,12.7910852432251
266,-57,12.0528774261475
267,-57,11.0565071105957
268,-57,11.2500219345093
269,-57,12.0739345550537
270,-57,11.7734699249268
271,-57,11.3506364822388
272,-57,10.5812835693359
273,-57,11.6503458023071
274,-57,11.4586877822876
275,-57,11.2036075592041
276,-57,10.6567029953003
277,-57,9.29545593261719
278,-57,9.54924488067627
279,-57,8.19138145446777
280,-57,7.48628902435303
281,-57,7.76183128356934
282,-57,8.27565097808838
283,-57,7.70110607147217
284,-57,7.49063444137573
285,-57,8.24813556671143
286,-57,7.29186248779297
287,-57,6.59031534194946
288,-57,6.29772329330444
291,-57,6.20951175689697
292,-57,6.11491203308106
305,-57,6.59675741195679
306,-57,6.35279417037964
307,-57,6.63324546813965
308,-57,6.59540414810181
320,-57,6.32097482681274
321,-57,6.08695411682129
86,-56,9.0061731338501
87,-56,10.0986967086792
88,-56,9.6760835647583
89,-56,9.09008026123047
90,-56,8.80967044830322
91,-56,6.79968357086182
95,-56,7.84253787994385
96,-56,9.10066223144531
97,-56,10.8815116882324
98,-56,11.3729991912842
99,-56,9.32113456726074
100,-56,9.50159358978271
101,-56,9.62893009185791
102,-56,9.25293159484863
103,-56,8.34296989440918
104,-56,8.06076622009277
105,-56,8.34256458282471
106,-56,9.86028480529785
107,-56,12.2077941894531
108,-56,12.5648899078369
109,-56,14.0876741409302
110,-56,16.0995826721191
111,-56,15.3492469787598
112,-56,15.0579690933228
113,-56,15.9550876617432
114,-56,16.991189956665
115,-56,18.3017597198486
116,-56,19.1106758117676
117,-56,19.7830467224121
118,-56,23.7730884552002
119,-56,26.9394493103027
120,-56,28.3084659576416
121,-56,35.074333190918
122,-56,45.5744590759277
123,-56,45.4453544616699
124,-56,44.2228546142578
125,-56,46.0056648254395
126,-56,42.0754699707031
127,-56,30.2879199981689
128,-56,22.7239570617676
129,-56,22.0769557952881
130,-56,24.6706085205078
131,-56,25.3858337402344
132,-56,28.3311614990234
133,-56,31.2733840942383
134,-56,33.490364074707
135,-56,34.624698638916
136,-56,37.7789649963379
137,-56,39.8221092224121
138,-56,53.7794647216797
139,-56,72.0148162841797
140,-56,69.5343170166016
141,-56,88.2961273193359
142,-56,148.742111206055
143,-56,191.144714355469
144,-56,162.733901977539
145,-56,212.703536987305
146,-56,202.977233886719
147,-56,283.330078125
148,-56,341.687591552734
149,-56,453.115081787109
150,-56,453.518005371094
151,-56,429.787139892578
152,-56,327.81298828125
153,-56,336.799072265625
154,-56,242.118591308594
155,-56,195.583999633789
156,-56,187.403137207031
157,-56,177.273193359375
158,-56,175.856063842773
159,-56,130.957092285156
160,-56,112.386024475098
161,-56,85.4572143554688
162,-56,74.2382278442383
163,-56,79.2061614990234
164,-56,63.2212829589844
165,-56,46.6188049316406
166,-56,45.3891067504883
167,-56,53.8409614562988
168,-56,70.2764358520508
169,-56,69.2088928222656
170,-56,47.3663787841797
171,-56,47.6979904174805
172,-56,45.3473358154297
173,-56,39.4597434997559
174,-56,43.877082824707
175,-56,38.488582611084
176,-56,38.1806831359863
177,-56,43.042896270752
178,-56,43.8076515197754
179,-56,34.640682220459
180,-56,32.7820091247559
181,-56,40.1729888916016
182,-56,45.7340087890625
183,-56,46.6984252929688
184,-56,48.9206581115723
185,-56,52.9087638854981
186,-56,58.2548522949219
187,-56,64.3790893554688
188,-56,57.2577362060547
189,-56,54.0816421508789
190,-56,48.3522872924805
191,-56,44.1042938232422
192,-56,45.6089019775391
193,-56,42.5985832214356
194,-56,41.5858764648438
195,-56,37.1673469543457
196,-56,43.2525787353516
197,-56,53.5379600524902
198,-56,62.297119140625
199,-56,79.2282638549805
200,-56,73.4826126098633
201,-56,59.5913200378418
202,-56,64.7353439331055
203,-56,64.5759658813477
204,-56,55.1591033935547
205,-56,60.8255920410156
206,-56,58.1941032409668
207,-56,56.4192314147949
208,-56,50.5379676818848
209,-56,48.9197311401367
210,-56,44.8570976257324
211,-56,45.1421318054199
212,-56,54.0781631469727
213,-56,66.6091766357422
214,-56,84.5339965820313
215,-56,87.537841796875
216,-56,103.747711181641
217,-56,108.126106262207
218,-56,106.789886474609
219,-56,96.2022323608399
220,-56,104.822967529297
221,-56,125.222839355469
222,-56,131.156646728516
223,-56,157.572311401367
224,-56,168.60856628418
225,-56,211.086380004883
226,-56,288.455780029297
227,-56,383.292663574219
228,-56,466.871826171875
229,-56,477.794616699219
230,-56,694.29345703125
231,-56,1090.56970214844
232,-56,1122.81140136719
233,-56,1190.84521484375
234,-56,900.228698730469
235,-56,498.614868164063
236,-56,366.701354980469
237,-56,197.053894042969
238,-56,129.721633911133
239,-56,126.540321350098
240,-56,108.37190246582
241,-56,93.3279342651367
242,-56,68.1248931884766
243,-56,61.3705825805664
244,-56,54.1352348327637
245,-56,41.8757743835449
246,-56,35.2885894775391
247,-56,34.0340843200684
248,-56,34.9689979553223
249,-56,36.0886726379395
250,-56,27.6341876983643
251,-56,25.0380020141602
252,-56,21.5224266052246
253,-56,22.6545295715332
254,-56,22.8823471069336
255,-56,20.1231746673584
256,-56,20.2723388671875
257,-56,19.518310546875
258,-56,17.0906105041504
259,-56,17.8990993499756
260,-56,17.0219478607178
261,-56,14.7359437942505
262,-56,13.2996969223022
263,-56,13.0432147979736
264,-56,11.471625328064
265,-56,10.9261999130249
266,-56,11.8341159820557
267,-56,12.0567493438721
268,-56,12.0535373687744
269,-56,12.1162691116333
270,-56,12.2965059280396
271,-56,11.9869108200073
272,-56,12.0002880096436
273,-56,13.1566476821899
274,-56,12.416202545166
275,-56,10.5168504714966
276,-56,9.82834529876709
277,-56,10.7940921783447
278,-56,10.7160615921021
279,-56,8.723801612854
280,-56,7.74870109558106
281,-56,7.89635229110718
282,-56,7.48911237716675
283,-56,6.81140613555908
284,-56,8.54155731201172
285,-56,9.22675514221191
286,-56,7.05481624603272
287,-56,7.39348888397217
288,-56,6.24131202697754
302,-56,6.08944797515869
319,-56,7.42525148391724
320,-56,7.63553810119629
84,-55,7.28522777557373
85,-55,6.51516437530518
86,-55,8.88098812103272
87,-55,11.813193321228
88,-55,10.3326187133789
89,-55,8.10183238983154
90,-55,7.83022356033325
91,-55,7.56205368041992
92,-55,6.93872022628784
93,-55,6.08682775497437
94,-55,6.42120265960693
95,-55,9.70972347259521
96,-55,14.2669525146484
97,-55,12.9323968887329
98,-55,12.3630771636963
99,-55,11.5656490325928
100,-55,11.7616853713989
101,-55,10.6502628326416
102,-55,10.6361093521118
103,-55,10.3031253814697
104,-55,9.6820240020752
105,-55,10.0603847503662
106,-55,10.6077899932861
107,-55,13.3682689666748
108,-55,14.3526601791382
109,-55,14.3327217102051
110,-55,14.2850580215454
111,-55,15.5233592987061
112,-55,15.4454498291016
113,-55,15.8298797607422
114,-55,15.632399559021
115,-55,16.7459926605225
116,-55,18.0353813171387
117,-55,19.9925804138184
118,-55,24.7071304321289
119,-55,28.8778820037842
120,-55,28.6643676757813
121,-55,34.2085380554199
122,-55,35.7223434448242
123,-55,47.7600021362305
124,-55,51.2231903076172
125,-55,41.891429901123
126,-55,44.6239242553711
127,-55,55.6763687133789
128,-55,39.7669372558594
129,-55,30.2733249664307
130,-55,29.4108047485352
131,-55,31.8054161071777
132,-55,28.3589057922363
133,-55,29.7896003723145
134,-55,36.3610725402832
135,-55,37.0409927368164
136,-55,43.1341857910156
137,-55,55.327018737793
138,-55,72.1745300292969
139,-55,67.8884582519531
140,-55,83.5996398925781
141,-55,124.878936767578
142,-55,186.627075195313
143,-55,196.680267333984
144,-55,205.812393188477
145,-55,220.612350463867
146,-55,236.354858398438
147,-55,228.745040893555
148,-55,203.951675415039
149,-55,181.664672851563
150,-55,179.629165649414
151,-55,291.078887939453
152,-55,272.467590332031
153,-55,251.323455810547
154,-55,199.838928222656
155,-55,165.65690612793
156,-55,115.523010253906
157,-55,98.3275375366211
158,-55,109.594749450684
159,-55,111.261810302734
160,-55,93.4140014648438
161,-55,66.027702331543
162,-55,69.7492752075195
163,-55,55.0941848754883
164,-55,50.8078918457031
165,-55,41.7214088439941
166,-55,38.6774749755859
167,-55,48.6879234313965
168,-55,54.0952072143555
169,-55,54.5189323425293
170,-55,50.2119369506836
171,-55,45.9536056518555
172,-55,45.3505401611328
173,-55,35.9962882995606
174,-55,33.9885177612305
175,-55,37.5196952819824
176,-55,39.0436897277832
177,-55,40.8502655029297
178,-55,29.7928199768066
179,-55,27.3196983337402
180,-55,33.2682075500488
181,-55,31.3020801544189
182,-55,30.5870952606201
183,-55,29.678186416626
184,-55,30.2890701293945
185,-55,32.6886787414551
186,-55,41.9095153808594
187,-55,46.7549667358399
188,-55,42.8976440429688
189,-55,44.8015365600586
190,-55,49.1856575012207
191,-55,45.4976577758789
192,-55,44.3973808288574
193,-55,38.921573638916
194,-55,39.1558418273926
195,-55,39.9464721679688
196,-55,37.5269317626953
197,-55,37.272819519043
198,-55,42.7155609130859
199,-55,51.2986869812012
200,-55,48.2242431640625
201,-55,45.6179122924805
202,-55,47.3248062133789
203,-55,50.2813949584961
204,-55,56.7411003112793
205,-55,54.5139656066895
206,-55,45.8823890686035
207,-55,42.3062705993652
208,-55,42.7021102905273
209,-55,35.228645324707
210,-55,35.795223236084
211,-55,41.8380317687988
212,-55,53.1437377929688
213,-55,65.4159393310547
214,-55,69.1939697265625
215,-55,74.3733749389649
216,-55,85.3550872802734
217,-55,79.0380096435547
218,-55,73.4134292602539
219,-55,68.6326751708984
220,-55,65.235969543457
221,-55,74.6645202636719
222,-55,93.8439025878906
223,-55,103.897735595703
224,-55,108.453079223633
225,-55,137.114639282227
226,-55,176.566131591797
227,-55,213.855285644531
228,-55,254.770645141602
229,-55,265.019836425781
230,-55,339.388885498047
231,-55,449.164245605469
232,-55,687.568481445313
233,-55,1014.38116455078
234,-55,1046.49609375
235,-55,903.888671875
236,-55,1261.52221679688
237,-55,1048.34826660156
238,-55,718.28662109375
239,-55,216.885116577148
240,-55,199.42204284668
241,-55,168.345291137695
242,-55,118.888885498047
243,-55,85.0291595458984
244,-55,70.8956604003906
245,-55,58.0374565124512
246,-55,52.464599609375
247,-55,54.7014198303223
248,-55,52.0102767944336
249,-55,45.6008224487305
250,-55,35.7853813171387
251,-55,31.7824802398682
252,-55,31.6543579101563
253,-55,30.5890655517578
254,-55,26.5229473114014
255,-55,23.9299964904785
256,-55,25.0870475769043
257,-55,23.0111083984375
258,-55,19.7094688415527
259,-55,19.4955997467041
260,-55,17.9667415618897
261,-55,16.8682632446289
262,-55,16.0074005126953
263,-55,14.9109001159668
264,-55,15.9504909515381
265,-55,13.9957151412964
266,-55,12.2440767288208
267,-55,12.3064613342285
268,-55,11.8152751922607
269,-55,10.8537883758545
270,-55,10.6639318466187
271,-55,10.8192672729492
272,-55,11.8616886138916
273,-55,12.6651992797852
274,-55,12.0888671875
275,-55,11.5077629089355
276,-55,11.0180816650391
277,-55,11.4557695388794
278,-55,10.2564401626587
279,-55,8.03807926177979
280,-55,7.14870595932007
281,-55,7.63644647598267
282,-55,7.70326995849609
283,-55,8.98205757141113
284,-55,8.27270412445068
285,-55,7.3248233795166
286,-55,7.60938262939453
287,-55,7.18286037445068
288,-55,6.10800361633301
84,-54,6.46024990081787
85,-54,6.79810905456543
86,-54,8.95940589904785
87,-54,10.6201953887939
88,-54,10.7275056838989
89,-54,10.1730270385742
90,-54,8.02603054046631
91,-54,7.35097408294678
94,-54,8.24618053436279
95,-54,10.1841678619385
96,-54,9.68641757965088
97,-54,9.49259567260742
98,-54,10.0550556182861
99,-54,9.89745330810547
100,-54,9.39260864257812
101,-54,9.90321350097656
102,-54,10.638466835022
103,-54,9.78332710266113
104,-54,9.53728199005127
105,-54,10.2576818466187
106,-54,12.7654008865356
107,-54,13.0552825927734
108,-54,14.0414123535156
109,-54,14.5345478057861
110,-54,15.5265350341797
111,-54,16.9271106719971
112,-54,16.883731842041
113,-54,16.4065418243408
114,-54,17.2311611175537
115,-54,16.8572330474854
116,-54,18.0188255310059
117,-54,23.6824436187744
118,-54,28.3621139526367
119,-54,33.6514854431152
120,-54,35.0306701660156
121,-54,37.8086929321289
122,-54,34.4018745422363
123,-54,33.0873489379883
124,-54,34.7533264160156
125,-54,36.5350875854492
126,-54,34.2980079650879
127,-54,31.0672912597656
128,-54,38.5240745544434
129,-54,46.0328483581543
130,-54,47.5678634643555
131,-54,40.7925796508789
132,-54,35.7667770385742
133,-54,35.2255439758301
134,-54,40.7390327453613
135,-54,49.8787269592285
136,-54,51.5956153869629
137,-54,70.6396331787109
138,-54,92.4627685546875
139,-54,88.1298217773438
140,-54,109.368858337402
141,-54,197.311309814453
142,-54,244.148986816406
143,-54,289.93359375
144,-54,249.750183105469
145,-54,223.579650878906
146,-54,215.042388916016
147,-54,190.046585083008
148,-54,173.624908447266
149,-54,139.355041503906
150,-54,135.28581237793
151,-54,139.643859863281
152,-54,136.269668579102
153,-54,111.549140930176
154,-54,93.2239608764649
155,-54,78.9887313842774
156,-54,64.264892578125
157,-54,60.2360801696777
158,-54,62.0533599853516
159,-54,53.0336303710938
160,-54,60.2128944396973
161,-54,44.3561210632324
162,-54,72.5197296142578
163,-54,44.8810348510742
164,-54,36.4583129882813
165,-54,26.5023593902588
166,-54,25.0021934509277
167,-54,35.4385375976563
168,-54,26.9746608734131
169,-54,25.8187236785889
170,-54,25.5632743835449
171,-54,31.3528480529785
172,-54,31.1091079711914
173,-54,25.051778793335
174,-54,25.7163753509522
175,-54,28.7516193389893
176,-54,30.2354888916016
177,-54,29.3758354187012
178,-54,26.587926864624
179,-54,23.854663848877
180,-54,22.3710823059082
181,-54,21.4539318084717
182,-54,21.2532043457031
183,-54,23.5846366882324
184,-54,21.4948577880859
185,-54,22.4444789886475
186,-54,23.3856296539307
187,-54,25.4802112579346
188,-54,26.209508895874
189,-54,29.0991363525391
190,-54,31.3995971679688
191,-54,32.3170166015625
192,-54,39.6155242919922
193,-54,42.7782211303711
194,-54,35.7701797485352
195,-54,36.4550628662109
196,-54,39.3012428283691
197,-54,43.3244400024414
198,-54,46.2939987182617
199,-54,47.283878326416
200,-54,38.2719993591309
201,-54,39.5827102661133
202,-54,42.8811111450195
203,-54,51.2842483520508
204,-54,55.7689514160156
205,-54,53.9937362670899
206,-54,51.9071197509766
207,-54,48.6592826843262
208,-54,43.661922454834
209,-54,39.8066749572754
210,-54,43.1984176635742
211,-54,56.6527404785156
212,-54,55.03515625
213,-54,61.0441207885742
214,-54,69.3113174438477
215,-54,76.0427856445313
216,-54,74.2914428710938
217,-54,78.7515716552734
218,-54,75.0596923828125
219,-54,79.4496536254883
220,-54,70.4840698242188
221,-54,76.8524322509766
222,-54,90.3009185791016
223,-54,86.7547302246094
224,-54,87.1161422729492
225,-54,90.3153839111328
226,-54,109.213386535645
227,-54,118.776489257813
228,-54,134.762634277344
229,-54,152.258636474609
230,-54,175.803802490234
231,-54,251.993347167969
232,-54,356.982208251953
233,-54,475.2509765625
234,-54,766.367553710938
235,-54,1927.958984375
236,-54,1497.20263671875
237,-54,1511.80834960938
238,-54,1910.37573242188
239,-54,1554.29626464844
240,-54,508.329040527344
241,-54,305.973571777344
242,-54,204.641296386719
243,-54,124.085182189941
244,-54,94.2616729736328
245,-54,82.3193817138672
246,-54,70.3517227172852
247,-54,57.3898391723633
248,-54,49.7093505859375
249,-54,43.6698379516602
250,-54,39.6055335998535
251,-54,39.3126182556152
252,-54,34.5537452697754
253,-54,28.9110260009766
254,-54,27.9157752990723
255,-54,27.9727287292481
256,-54,25.3680286407471
257,-54,23.4256477355957
258,-54,21.4200630187988
259,-54,21.7604217529297
260,-54,22.7487297058106
261,-54,23.8266315460205
262,-54,20.091495513916
263,-54,18.3950023651123
264,-54,17.4657192230225
265,-54,15.6943168640137
266,-54,15.2756462097168
267,-54,13.1751890182495
268,-54,12.890604019165
269,-54,13.3382158279419
270,-54,12.1492033004761
271,-54,11.7011089324951
272,-54,11.9768829345703
273,-54,11.2479858398438
274,-54,10.7536697387695
275,-54,9.44278430938721
276,-54,9.50755500793457
277,-54,9.28668975830078
278,-54,8.18677997589111
279,-54,6.5645956993103
281,-54,6.13881683349609
282,-54,6.89263868331909
283,-54,7.46482658386231
284,-54,6.82608366012573
285,-54,7.04363393783569
286,-54,7.39440202713013
287,-54,6.44510698318481
293,-54,6.05496311187744
86,-53,6.2119779586792
87,-53,7.43070507049561
88,-53,8.04370975494385
89,-53,7.64058113098145
90,-53,6.20969009399414
91,-53,6.34908962249756
92,-53,6.50388336181641
93,-53,6.77335739135742
94,-53,8.00998020172119
95,-53,8.09530639648438
96,-53,8.4441089630127
97,-53,8.01812839508057
98,-53,7.14103364944458
99,-53,7.45161437988281
100,-53,6.85092067718506
101,-53,7.67263793945313
102,-53,7.70753955841065
103,-53,8.8903226852417
104,-53,9.54628944396973
105,-53,12.4428377151489
106,-53,15.5731182098389
107,-53,16.125696182251
108,-53,15.2728710174561
109,-53,15.678017616272
110,-53,15.9512586593628
111,-53,17.5141258239746
112,-53,18.2609748840332
113,-53,19.9076137542725
114,-53,21.0925464630127
115,-53,21.8787536621094
116,-53,24.255916595459
117,-53,25.9551200866699
118,-53,31.825345993042
119,-53,37.1116485595703
120,-53,46.2862663269043
121,-53,47.6172714233398
122,-53,50.0227470397949
123,-53,48.4302520751953
124,-53,51.0857543945313
125,-53,46.7949180603027
126,-53,47.8859367370606
127,-53,48.2504577636719
128,-53,55.4606246948242
129,-53,57.3918762207031
130,-53,64.3134765625
131,-53,65.3648452758789
132,-53,64.3939819335938
133,-53,61.9785575866699
134,-53,83.0551834106445
135,-53,114.504837036133
136,-53,124.012359619141
137,-53,102.230880737305
138,-53,105.040451049805
139,-53,95.6602401733399
140,-53,111.441390991211
141,-53,177.950271606445
142,-53,187.211700439453
143,-53,193.069122314453
144,-53,200.984390258789
145,-53,196.545196533203
146,-53,217.310028076172
147,-53,225.221313476563
148,-53,177.14387512207
149,-53,133.363250732422
150,-53,97.8451080322266
151,-53,93.1550369262695
152,-53,93.9357528686523
153,-53,74.5516815185547
154,-53,63.4106025695801
155,-53,63.1308479309082
156,-53,51.8074951171875
157,-53,45.9363632202148
158,-53,44.9882965087891
159,-53,42.2224998474121
160,-53,54.4028167724609
161,-53,44.2196578979492
162,-53,48.3027801513672
163,-53,51.4059677124024
164,-53,51.6677017211914
165,-53,39.9348258972168
166,-53,32.3236236572266
167,-53,28.8236560821533
168,-53,27.4529685974121
169,-53,23.6871776580811
170,-53,19.474702835083
171,-53,26.9298095703125
172,-53,32.1364212036133
173,-53,25.120246887207
174,-53,20.3543014526367
175,-53,22.1490802764893
176,-53,20.3858470916748
177,-53,20.0097751617432
178,-53,20.0156517028809
179,-53,18.4308204650879
180,-53,18.4341278076172
181,-53,16.8529090881348
182,-53,16.8724327087402
183,-53,17.2230396270752
184,-53,17.5574893951416
185,-53,17.0831165313721
186,-53,17.2190093994141
187,-53,16.4524974822998
188,-53,17.137264251709
189,-53,18.8120918273926
190,-53,18.4084796905518
191,-53,19.1124076843262
192,-53,26.3795261383057
193,-53,35.2307395935059
194,-53,38.6810607910156
195,-53,40.5727577209473
196,-53,46.0351181030273
197,-53,49.0702056884766
198,-53,48.8366279602051
199,-53,46.13037109375
200,-53,39.5235939025879
201,-53,37.5648307800293
202,-53,37.8609924316406
203,-53,30.6178436279297
204,-53,36.0623893737793
205,-53,42.2077560424805
206,-53,47.8382568359375
207,-53,44.6042022705078
208,-53,43.2157592773438
209,-53,45.9346542358399
210,-53,47.5404930114746
211,-53,49.3545799255371
212,-53,49.8866271972656
213,-53,55.5335350036621
214,-53,57.4190444946289
215,-53,55.0269927978516
216,-53,64.5593795776367
217,-53,71.8925399780274
218,-53,69.8207778930664
219,-53,68.3982391357422
220,-53,59.8545227050781
221,-53,68.2647705078125
222,-53,80.09228515625
223,-53,74.10986328125
224,-53,68.819580078125
225,-53,75.9554214477539
226,-53,80.7270736694336
227,-53,87.8034973144531
228,-53,95.9103698730469
229,-53,105.397666931152
230,-53,126.905235290527
231,-53,158.940093994141
232,-53,188.18017578125
233,-53,221.418365478516
234,-53,262.969940185547
235,-53,458.768981933594
236,-53,930.909362792969
237,-53,1915.45178222656
238,-53,2043.06958007813
239,-53,1642.81811523438
240,-53,1478.58374023438
241,-53,517.482604980469
242,-53,386.535339355469
243,-53,256.300659179688
244,-53,194.99690246582
245,-53,143.012878417969
246,-53,106.032020568848
247,-53,96.6450729370117
248,-53,65.1157302856445
249,-53,58.1609840393066
250,-53,49.2882270812988
251,-53,42.8143997192383
252,-53,37.9522323608398
253,-53,34.4955673217773
254,-53,34.7545967102051
255,-53,34.919548034668
256,-53,30.1462097167969
257,-53,25.9626522064209
258,-53,26.611213684082
259,-53,24.5447864532471
260,-53,22.3056945800781
261,-53,20.5216064453125
262,-53,20.0325260162354
263,-53,22.0481433868408
264,-53,24.4786357879639
265,-53,21.9914493560791
266,-53,18.206901550293
267,-53,14.9021329879761
268,-53,13.5718383789063
269,-53,14.1988706588745
270,-53,12.7964363098145
271,-53,12.7871751785278
272,-53,12.0268707275391
273,-53,10.1865634918213
274,-53,10.5690641403198
275,-53,8.99682235717773
276,-53,7.79115390777588
277,-53,7.08856630325317
278,-53,6.87121629714966
279,-53,8.65500736236572
280,-53,6.419358253479
281,-53,6.10554552078247
282,-53,6.56049394607544
283,-53,6.7957763671875
284,-53,7.50244569778442
285,-53,7.45124959945679
286,-53,8.0659875869751
287,-53,8.37184906005859
288,-53,7.36047840118408
289,-53,7.60549545288086
302,-53,6.53458786010742
87,-52,6.34359502792358
88,-52,6.41819763183594
94,-52,6.58820629119873
96,-52,6.64374876022339
97,-52,6.46452379226685
100,-52,6.06350994110107
102,-52,6.90361595153809
103,-52,7.80985403060913
104,-52,7.7977237701416
105,-52,9.55989360809326
106,-52,11.396312713623
107,-52,13.8642768859863
108,-52,16.0434284210205
109,-52,18.5415344238281
110,-52,16.0082778930664
111,-52,16.518669128418
112,-52,18.1851272583008
113,-52,22.3948802947998
114,-52,25.966796875
115,-52,26.4638576507568
116,-52,26.2192077636719
117,-52,30.2809886932373
118,-52,39.691951751709
119,-52,51.9366836547852
120,-52,57.6917266845703
121,-52,65.9497528076172
122,-52,66.1684494018555
123,-52,60.9065628051758
124,-52,62.4780082702637
125,-52,62.7538986206055
126,-52,86.1300659179688
127,-52,85.3984909057617
128,-52,83.8223266601563
129,-52,71.808723449707
130,-52,74.4783554077149
131,-52,88.4625854492188
132,-52,125.587348937988
133,-52,159.353012084961
134,-52,140.637557983398
135,-52,139.770324707031
136,-52,191.596237182617
137,-52,176.491760253906
138,-52,187.899917602539
139,-52,183.15217590332
140,-52,344.515960693359
141,-52,209.637664794922
142,-52,137.016036987305
143,-52,180.530990600586
144,-52,178.918380737305
145,-52,195.757171630859
146,-52,172.556091308594
147,-52,112.541397094727
148,-52,99.5142593383789
149,-52,82.1542129516602
150,-52,84.8932876586914
151,-52,83.8038177490235
152,-52,78.2079544067383
153,-52,57.9028015136719
154,-52,49.4079322814941
155,-52,57.1736221313477
156,-52,50.2111663818359
157,-52,43.8922843933106
158,-52,38.0008659362793
159,-52,42.5764579772949
160,-52,48.700553894043
161,-52,47.6692123413086
162,-52,46.0240707397461
163,-52,41.9261322021484
164,-52,46.523853302002
165,-52,44.0135726928711
166,-52,34.578426361084
167,-52,32.8483352661133
168,-52,28.3939056396484
169,-52,22.4388618469238
170,-52,19.7583389282227
171,-52,24.6385688781738
172,-52,23.1335830688477
173,-52,23.5697746276855
174,-52,19.5845069885254
175,-52,19.4847106933594
176,-52,20.4441986083984
177,-52,17.2646102905273
178,-52,16.4871807098389
179,-52,15.7756576538086
180,-52,15.479868888855
181,-52,14.5534362792969
182,-52,15.0228157043457
183,-52,14.6313705444336
184,-52,15.878059387207
185,-52,18.8573265075684
186,-52,18.1536998748779
187,-52,18.6400451660156
188,-52,17.6743144989014
189,-52,18.4065341949463
190,-52,16.0291595458984
191,-52,18.4182929992676
192,-52,22.7779502868652
193,-52,25.615873336792
194,-52,30.4047317504883
195,-52,36.9396324157715
196,-52,39.8961410522461
197,-52,34.8046607971191
198,-52,29.8699626922607
199,-52,28.9905376434326
200,-52,29.6733436584473
201,-52,30.6653900146484
202,-52,32.7513084411621
203,-52,31.9637298583984
204,-52,40.8160400390625
205,-52,43.5692291259766
206,-52,40.5306205749512
207,-52,36.1493606567383
208,-52,38.0750541687012
209,-52,43.0493812561035
210,-52,48.0311889648438
211,-52,50.7368507385254
212,-52,49.9172897338867
213,-52,46.0398635864258
214,-52,49.0789947509766
215,-52,44.5223236083984
216,-52,45.4206237792969
217,-52,48.756233215332
218,-52,48.263126373291
219,-52,59.3991851806641
220,-52,62.8454666137695
221,-52,61.4866714477539
222,-52,60.3101654052734
223,-52,60.5388565063477
224,-52,70.9127197265625
225,-52,73.5245742797852
226,-52,70.6746826171875
227,-52,76.2537536621094
228,-52,72.403694152832
229,-52,83.5452346801758
230,-52,89.1510314941406
231,-52,101.072677612305
232,-52,109.25407409668
233,-52,131.676849365234
234,-52,180.497467041016
235,-52,280.280120849609
236,-52,475.157348632813
237,-52,778.5068359375
238,-52,1242.85205078125
239,-52,1783.25952148438
240,-52,1775.54711914063
241,-52,1677.34973144531
242,-52,2569.3916015625
243,-52,685.051452636719
244,-52,355.555633544922
245,-52,225.432281494141
246,-52,148.837814331055
247,-52,131.836639404297
248,-52,116.053047180176
249,-52,79.5380020141602
250,-52,68.9503402709961
251,-52,58.3617744445801
252,-52,44.5040512084961
253,-52,42.005989074707
254,-52,42.6752052307129
255,-52,46.3436508178711
256,-52,41.1142730712891
257,-52,35.4802284240723
258,-52,28.7851295471191
259,-52,26.8899631500244
260,-52,23.4294528961182
261,-52,21.9493751525879
262,-52,20.7609405517578
263,-52,21.9667301177979
264,-52,23.6777248382568
265,-52,22.6664123535156
266,-52,19.8422317504883
267,-52,17.1086673736572
268,-52,15.806604385376
269,-52,15.3243598937988
270,-52,15.4955596923828
271,-52,13.3208541870117
272,-52,11.3369760513306
273,-52,11.1842174530029
274,-52,10.9646272659302
275,-52,8.98862075805664
276,-52,7.75307369232178
277,-52,6.57941150665283
278,-52,7.25825691223145
279,-52,8.22083854675293
280,-52,6.9302978515625
282,-52,6.38519477844238
283,-52,6.56541061401367
284,-52,6.52726173400879
285,-52,7.07726526260376
286,-52,8.03524303436279
287,-52,7.89086103439331
288,-52,8.04117774963379
289,-52,8.3096981048584
290,-52,6.17780160903931
291,-52,6.07877349853516
92,-51,6.06288528442383
93,-51,7.47086381912231
95,-51,7.9735689163208
100,-51,6.11003732681274
101,-51,8.44912433624268
102,-51,7.09291982650757
103,-51,6.39167499542236
104,-51,7.89041709899902
105,-51,9.92480564117432
106,-51,11.376615524292
107,-51,13.9134378433228
108,-51,15.1096887588501
109,-51,17.2920169830322
110,-51,17.0961494445801
111,-51,17.6744956970215
112,-51,17.5651969909668
113,-51,20.5797958374023
114,-51,23.6597099304199
115,-51,26.4756469726563
116,-51,31.1604251861572
117,-51,39.659553527832
118,-51,33.8430519104004
119,-51,40.2484817504883
120,-51,56.4827003479004
121,-51,64.3043899536133
122,-51,72.2824020385742
123,-51,69.7868728637695
124,-51,71.2406387329102
125,-51,71.3729934692383
126,-51,89.7962036132813
127,-51,95.7850646972656
128,-51,92.0540313720703
129,-51,90.7226943969727
130,-51,94.4836349487305
131,-51,115.270385742188
132,-51,122.165145874023
133,-51,137.203063964844
134,-51,147.244384765625
135,-51,190.608734130859
136,-51,251.020538330078
137,-51,363.699249267578
138,-51,348.200653076172
139,-51,272.184997558594
140,-51,165.563888549805
141,-51,141.614898681641
142,-51,191.036712646484
143,-51,190.730697631836
144,-51,198.763885498047
145,-51,157.233856201172
146,-51,111.31404876709
147,-51,83.8847198486328
148,-51,69.3200149536133
149,-51,70.0112762451172
150,-51,75.8810958862305
151,-51,58.7024688720703
152,-51,58.1296157836914
153,-51,41.692756652832
154,-51,31.1189422607422
155,-51,36.6790809631348
156,-51,36.7307968139648
157,-51,38.4899101257324
158,-51,37.7218589782715
159,-51,49.0318222045899
160,-51,48.692798614502
161,-51,44.2905883789063
162,-51,48.4112091064453
163,-51,50.8040313720703
164,-51,40.098518371582
165,-51,35.9959869384766
166,-51,34.5057144165039
167,-51,35.2978553771973
168,-51,33.0738372802734
169,-51,26.05055809021
170,-51,23.5034866333008
171,-51,25.726921081543
172,-51,20.3291912078857
173,-51,19.1253604888916
174,-51,16.2974281311035
175,-51,16.6123104095459
176,-51,16.7367267608643
177,-51,15.8133888244629
178,-51,16.0708885192871
179,-51,16.033296585083
180,-51,16.5277729034424
181,-51,14.0324926376343
182,-51,15.1944303512573
183,-51,16.2925777435303
184,-51,16.6699905395508
185,-51,18.5982418060303
186,-51,21.0575885772705
187,-51,18.2751045227051
188,-51,17.8663234710693
189,-51,18.3338871002197
190,-51,18.7258548736572
191,-51,19.8403549194336
192,-51,19.4629173278809
193,-51,20.5654582977295
194,-51,22.6158485412598
195,-51,26.3900604248047
196,-51,27.6122703552246
197,-51,25.0576686859131
198,-51,22.1386108398438
199,-51,22.5990676879883
200,-51,22.8089599609375
201,-51,25.4091815948486
202,-51,25.5241203308105
203,-51,24.0135173797607
204,-51,24.0971069335938
205,-51,29.1688194274902
206,-51,32.4315605163574
207,-51,30.7568130493164
208,-51,33.0327873229981
209,-51,40.941707611084
210,-51,41.160774230957
211,-51,41.9043083190918
212,-51,43.5459861755371
213,-51,37.4832954406738
214,-51,36.1063652038574
215,-51,43.4316329956055
216,-51,37.2196617126465
217,-51,37.4737777709961
218,-51,42.0224761962891
219,-51,42.9904022216797
220,-51,46.3616065979004
221,-51,53.1683959960938
222,-51,57.8951873779297
223,-51,62.9147644042969
224,-51,55.9548492431641
225,-51,54.7045402526856
226,-51,64.0381622314453
227,-51,71.8585357666016
228,-51,67.0981903076172
229,-51,72.5149765014649
230,-51,71.0412521362305
231,-51,62.1372718811035
232,-51,73.5234756469727
233,-51,78.1109390258789
234,-51,89.4313125610352
235,-51,154.530700683594
236,-51,288.800506591797
237,-51,370.60009765625
238,-51,477.047760009766
239,-51,670.742309570313
240,-51,661.525695800781
241,-51,1129.23840332031
242,-51,2711.267578125
243,-51,1612.056640625
244,-51,1591.19494628906
245,-51,851.495544433594
246,-51,249.590957641602
247,-51,244.521057128906
248,-51,182.646987915039
249,-51,136.489990234375
250,-51,122.443389892578
251,-51,96.860221862793
252,-51,71.8596267700195
253,-51,61.4407768249512
254,-51,51.5610618591309
255,-51,58.6580963134766
256,-51,46.9156799316406
257,-51,41.5410614013672
258,-51,30.9538288116455
259,-51,23.8200588226318
260,-51,20.4178333282471
261,-51,19.0663375854492
262,-51,20.995491027832
263,-51,19.0861473083496
264,-51,17.33962059021
265,-51,19.1338558197022
266,-51,19.4927520751953
267,-51,16.7770652770996
268,-51,16.9208297729492
269,-51,15.807201385498
270,-51,15.322304725647
271,-51,12.6933078765869
272,-51,11.2904472351074
273,-51,11.5274562835693
274,-51,9.35173225402832
275,-51,8.20133972167969
276,-51,7.22653007507324
277,-51,6.68659496307373
278,-51,7.87863922119141
279,-51,7.75457668304443
280,-51,6.85348224639893
281,-51,6.16376447677612
282,-51,6.37513637542725
285,-51,6.60089874267578
286,-51,7.21241283416748
287,-51,7.33677005767822
288,-51,7.1060643196106
289,-51,7.99358987808228
290,-51,7.48064136505127
291,-51,6.22135543823242
93,-50,7.09911060333252
96,-50,7.24957895278931
100,-50,6.08073568344116
101,-50,6.64949941635132
102,-50,7.31353092193604
103,-50,6.69136428833008
104,-50,7.3008623123169
105,-50,8.03086185455322
106,-50,10.7208023071289
107,-50,12.2383041381836
108,-50,15.4379281997681
109,-50,16.0126781463623
110,-50,17.0817451477051
111,-50,19.4918880462647
112,-50,18.9502639770508
113,-50,25.6170749664307
114,-50,23.6592025756836
115,-50,25.679313659668
116,-50,31.391658782959
117,-50,25.5043678283691
118,-50,23.9057865142822
119,-50,26.5903797149658
120,-50,35.1180114746094
121,-50,38.0298652648926
122,-50,39.5178871154785
123,-50,53.6336555480957
124,-50,93.5068969726563
125,-50,96.0872955322266
126,-50,83.3821334838867
127,-50,87.5437164306641
128,-50,94.8210525512695
129,-50,94.0140762329102
130,-50,114.196533203125
131,-50,168.204696655273
132,-50,169.651138305664
133,-50,165.399230957031
134,-50,162.359741210938
135,-50,226.839111328125
136,-50,315.256469726563
137,-50,440.079681396484
138,-50,342.221923828125
139,-50,236.795318603516
140,-50,165.239776611328
141,-50,183.189910888672
142,-50,198.419708251953
143,-50,130.43766784668
144,-50,119.552688598633
145,-50,102.81005859375
146,-50,83.7837677001953
147,-50,65.2734375
148,-50,48.9902648925781
149,-50,53.3384513854981
150,-50,55.5684089660645
151,-50,44.2412261962891
152,-50,37.7594947814941
153,-50,32.7620544433594
154,-50,29.6535911560059
155,-50,29.8815097808838
156,-50,31.6319103240967
157,-50,27.5195922851563
158,-50,32.4422645568848
159,-50,51.2936973571777
160,-50,50.320426940918
161,-50,41.3531723022461
162,-50,37.9964103698731
163,-50,35.4399604797363
164,-50,29.1602115631104
165,-50,32.3386039733887
166,-50,29.4252490997314
167,-50,31.1802177429199
168,-50,22.7563705444336
169,-50,18.9895515441895
170,-50,19.8962345123291
171,-50,16.1238632202148
172,-50,18.647590637207
173,-50,17.2738800048828
174,-50,14.2373352050781
175,-50,12.0865659713745
176,-50,12.2809534072876
177,-50,12.681001663208
178,-50,12.7208309173584
179,-50,12.2640914916992
180,-50,12.3774461746216
181,-50,16.3184070587158
182,-50,16.2709522247314
183,-50,14.7353763580322
184,-50,14.5211534500122
185,-50,17.2878532409668
186,-50,20.0329437255859
187,-50,16.8589782714844
188,-50,14.5806970596313
189,-50,15.0484809875488
190,-50,18.0623817443848
191,-50,18.3298225402832
192,-50,19.1194286346436
193,-50,19.6160888671875
194,-50,21.6156044006348
195,-50,20.2486190795898
196,-50,21.2594146728516
197,-50,20.7085285186768
198,-50,19.699634552002
199,-50,18.0579357147217
200,-50,17.6353797912598
201,-50,17.7157001495361
202,-50,17.8657913208008
203,-50,17.0089263916016
204,-50,18.5042839050293
205,-50,20.627893447876
206,-50,21.939323425293
207,-50,22.6818046569824
208,-50,26.0806999206543
209,-50,25.468900680542
210,-50,24.6188125610352
211,-50,24.6186981201172
212,-50,24.5748100280762
213,-50,25.0911712646484
214,-50,29.5561561584473
215,-50,39.5893440246582
216,-50,33.8779754638672
217,-50,32.6389846801758
218,-50,32.6251792907715
219,-50,29.1773910522461
220,-50,35.311767578125
221,-50,37.2858772277832
222,-50,37.1514701843262
223,-50,40.6663818359375
224,-50,39.724796295166
225,-50,41.3106689453125
226,-50,41.3263626098633
227,-50,45.6380615234375
228,-50,56.0939636230469
229,-50,61.2223892211914
230,-50,55.8498077392578
231,-50,56.1195983886719
232,-50,53.174072265625
233,-50,62.7675170898438
234,-50,71.7086715698242
235,-50,106.980690002441
236,-50,140.431365966797
237,-50,165.465454101563
238,-50,200.267623901367
239,-50,297.50634765625
240,-50,383.340026855469
241,-50,560.153503417969
242,-50,849.484924316406
243,-50,1382.0380859375
244,-50,2834.7294921875
245,-50,2350.66235351563
246,-50,775.848510742188
247,-50,391.307556152344
248,-50,286.906097412109
249,-50,209.295364379883
250,-50,196.005813598633
251,-50,128.416641235352
252,-50,93.2441711425781
253,-50,79.2349090576172
254,-50,65.8025894165039
255,-50,64.0236282348633
256,-50,57.4558868408203
257,-50,47.2137985229492
258,-50,38.2118721008301
259,-50,32.193904876709
260,-50,25.2850570678711
261,-50,20.8376331329346
262,-50,21.6400108337402
263,-50,19.3385581970215
264,-50,16.0164699554443
265,-50,16.157112121582
266,-50,14.6820545196533
267,-50,16.1080722808838
268,-50,17.0044898986816
269,-50,15.8445081710815
270,-50,14.0290803909302
271,-50,13.6208477020264
272,-50,11.3094348907471
273,-50,10.0945472717285
274,-50,9.82697677612305
275,-50,8.50150680541992
276,-50,8.07301330566406
277,-50,6.93979263305664
278,-50,7.42591333389282
279,-50,7.06643390655518
280,-50,6.89146566390991
281,-50,6.53801107406616
285,-50,6.2371973991394
286,-50,6.94137096405029
287,-50,7.38254070281982
288,-50,6.19009351730347
289,-50,7.50167274475098
290,-50,7.22509050369263
291,-50,7.03707265853882
294,-50,6.0874605178833
87,-49,6.30888652801514
88,-49,6.73235702514648
93,-49,7.04079437255859
94,-49,6.52125883102417
97,-49,6.79990482330322
98,-49,6.07663249969482
100,-49,7.8926477432251
101,-49,7.48029613494873
102,-49,7.06780385971069
103,-49,6.95316123962402
104,-49,7.59601783752441
105,-49,8.04064846038818
106,-49,9.07043647766113
107,-49,11.3753366470337
108,-49,15.0453033447266
109,-49,15.8128414154053
110,-49,17.6739692687988
111,-49,22.0192604064941
112,-49,25.0692481994629
113,-49,26.9023399353027
114,-49,26.5311183929443
115,-49,33.442497253418
116,-49,26.6297931671143
117,-49,22.0212841033936
118,-49,23.2379875183106
119,-49,22.9756526947022
120,-49,25.0875644683838
121,-49,27.3665428161621
122,-49,34.078971862793
123,-49,53.7757072448731
124,-49,76.202751159668
125,-49,99.0537033081055
126,-49,117.554420471191
127,-49,96.5793228149414
128,-49,111.736755371094
129,-49,110.326347351074
130,-49,146.640884399414
131,-49,172.898635864258
132,-49,180.72265625
133,-49,154.305358886719
134,-49,180.620147705078
135,-49,353.309204101563
136,-49,402.087646484375
137,-49,457.798065185547
138,-49,309.119018554688
139,-49,298.770477294922
140,-49,262.447723388672
141,-49,248.106719970703
142,-49,222.115783691406
143,-49,157.439468383789
144,-49,116.982238769531
145,-49,83.9735946655273
146,-49,63.5735778808594
147,-49,54.0570297241211
148,-49,45.9214096069336
149,-49,49.5822143554688
150,-49,50.5114212036133
151,-49,45.5827255249024
152,-49,28.358039855957
153,-49,23.5230674743652
154,-49,22.9784984588623
155,-49,25.4843864440918
156,-49,31.8083534240723
157,-49,35.2017402648926
158,-49,37.0239486694336
159,-49,42.892505645752
160,-49,37.3113708496094
161,-49,34.1750526428223
162,-49,33.6510848999023
163,-49,33.7223968505859
164,-49,29.7066650390625
165,-49,29.1008720397949
166,-49,19.8999557495117
167,-49,26.1036491394043
168,-49,17.7324676513672
169,-49,16.2475757598877
170,-49,12.3891868591309
171,-49,13.5328416824341
172,-49,14.4446420669556
173,-49,15.3922805786133
174,-49,17.2127933502197
175,-49,14.0043115615845
176,-49,11.7568397521973
177,-49,11.0012674331665
178,-49,10.1800594329834
179,-49,10.5890598297119
180,-49,10.5028553009033
181,-49,14.5870571136475
182,-49,15.323844909668
183,-49,12.9470891952515
184,-49,13.5760059356689
185,-49,14.6902532577515
186,-49,16.5376987457275
187,-49,13.8738174438477
188,-49,12.6940860748291
189,-49,12.5486965179443
190,-49,13.35728931427
191,-49,13.4630136489868
192,-49,13.3305778503418
193,-49,16.5530567169189
194,-49,20.4648342132568
195,-49,19.7841300964355
196,-49,17.7175636291504
197,-49,18.5924530029297
198,-49,19.1551322937012
199,-49,18.5879173278809
200,-49,19.31374168396
201,-49,16.6026973724365
202,-49,14.1131763458252
203,-49,13.7380867004395
204,-49,14.7927913665772
205,-49,13.08860206604
206,-49,13.584547996521
207,-49,17.236328125
208,-49,19.4119873046875
209,-49,19.2346687316895
210,-49,19.9116020202637
211,-49,19.1228675842285
212,-49,20.190113067627
213,-49,21.9574642181396
214,-49,22.5820426940918
215,-49,26.7084865570068
216,-49,28.4150199890137
217,-49,25.4345207214356
218,-49,23.146146774292
219,-49,21.7910919189453
220,-49,22.2125053405762
221,-49,27.5847282409668
222,-49,28.3716239929199
223,-49,32.9661331176758
224,-49,32.130313873291
225,-49,35.8830299377441
226,-49,32.1685600280762
227,-49,36.178150177002
228,-49,42.8901481628418
229,-49,50.0543212890625
230,-49,53.2947463989258
231,-49,50.4748611450195
232,-49,48.5220527648926
233,-49,57.9503021240234
234,-49,66.7832946777344
235,-49,79.4128952026367
236,-49,99.534164428711
237,-49,124.390975952148
238,-49,153.037384033203
239,-49,217.321243286133
240,-49,285.758422851563
241,-49,394.070343017578
242,-49,504.966461181641
243,-49,555.606872558594
244,-49,808.994079589844
245,-49,1573.34777832031
246,-49,2057.95141601563
247,-49,1161.21740722656
248,-49,501.049194335938
249,-49,574.262451171875
250,-49,419.312164306641
251,-49,188.796340942383
252,-49,132.29850769043
253,-49,107.504081726074
254,-49,92.8764953613281
255,-49,88.0299530029297
256,-49,74.2369384765625
257,-49,65.1627807617188
258,-49,54.7291603088379
259,-49,44.4724731445313
260,-49,32.9517974853516
261,-49,30.0462951660156
262,-49,29.0042190551758
263,-49,22.8205738067627
264,-49,19.3510570526123
265,-49,17.0019245147705
266,-49,15.9545593261719
267,-49,14.7104616165161
268,-49,14.5634136199951
269,-49,15.6996269226074
270,-49,17.1975994110107
271,-49,13.6778764724731
272,-49,10.466682434082
273,-49,12.8542385101318
274,-49,10.8449354171753
275,-49,9.1169605255127
276,-49,7.29953861236572
277,-49,6.49260997772217
279,-49,6.7488489151001
280,-49,6.06107425689697
282,-49,6.6278600692749
283,-49,6.43881893157959
284,-49,6.48884582519531
285,-49,6.8892617225647
286,-49,6.95599222183228
287,-49,8.04377937316895
288,-49,7.35843944549561
289,-49,7.25207328796387
290,-49,7.51043272018433
291,-49,6.36670255661011
293,-49,6.21858501434326
87,-48,7.48244142532349
88,-48,8.77824687957764
89,-48,6.67410564422607
90,-48,6.05603313446045
92,-48,6.04005908966065
93,-48,7.16803216934204
97,-48,6.04979515075684
98,-48,8.54955768585205
99,-48,10.1507959365845
100,-48,9.10835933685303
101,-48,8.7700366973877
102,-48,7.58051204681397
103,-48,7.38346195220947
104,-48,8.1842794418335
105,-48,8.96105480194092
106,-48,9.24949836730957
107,-48,9.79334735870361
108,-48,11.268030166626
109,-48,13.9831924438477
110,-48,17.7348308563232
111,-48,30.7436790466309
112,-48,31.8881797790527
113,-48,22.1769638061523
114,-48,18.4645671844482
115,-48,21.3608512878418
116,-48,20.549560546875
117,-48,22.6500263214111
118,-48,24.5528659820557
119,-48,24.4284286499023
120,-48,28.8210315704346
121,-48,35.3459701538086
122,-48,45.3344917297363
123,-48,59.086597442627
124,-48,71.3118591308594
125,-48,89.4476470947266
126,-48,89.2464447021484
127,-48,71.7661209106445
128,-48,73.5597381591797
129,-48,82.6016464233399
130,-48,104.778869628906
131,-48,110.150367736816
132,-48,90.6988525390625
133,-48,61.5699729919434
134,-48,124.518539428711
135,-48,233.738433837891
136,-48,277.459625244141
137,-48,376.989990234375
138,-48,345.781311035156
139,-48,411.709014892578
140,-48,313.329833984375
141,-48,247.982788085938
142,-48,165.960250854492
143,-48,103.802490234375
144,-48,77.7262649536133
145,-48,83.1853179931641
146,-48,57.891487121582
147,-48,41.8135375976563
148,-48,49.9342231750488
149,-48,55.5033378601074
150,-48,46.9218444824219
151,-48,35.6545944213867
152,-48,25.3216686248779
153,-48,20.2372264862061
154,-48,16.8292350769043
155,-48,15.8165636062622
156,-48,25.5568428039551
157,-48,31.7732086181641
158,-48,25.694709777832
159,-48,25.6286544799805
160,-48,27.0994415283203
161,-48,22.725887298584
162,-48,23.7505226135254
163,-48,24.4446029663086
164,-48,21.7861061096191
165,-48,18.4968757629395
166,-48,15.1131992340088
167,-48,15.5844612121582
168,-48,14.1222085952759
169,-48,12.9662704467773
170,-48,11.6008758544922
171,-48,12.7419872283936
172,-48,14.4859323501587
173,-48,15.4663496017456
174,-48,15.4280681610107
175,-48,14.1078510284424
176,-48,15.6696043014526
177,-48,11.6250133514404
178,-48,9.59567165374756
179,-48,9.15432071685791
180,-48,9.58942699432373
181,-48,11.9514980316162
182,-48,12.1132659912109
183,-48,10.2634563446045
184,-48,11.8577728271484
185,-48,14.2729768753052
186,-48,12.2447166442871
187,-48,10.5723838806152
188,-48,12.0892562866211
189,-48,13.5844097137451
190,-48,14.1985158920288
191,-48,14.837381362915
192,-48,15.2986326217651
193,-48,18.1337223052979
194,-48,19.1680641174316
195,-48,17.5036754608154
196,-48,14.7084760665894
197,-48,14.273265838623
198,-48,16.0407314300537
199,-48,17.7862091064453
200,-48,15.2559356689453
201,-48,12.3819456100464
202,-48,14.4659938812256
203,-48,12.2195987701416
204,-48,10.8905458450317
205,-48,9.88087368011475
206,-48,11.3289813995361
207,-48,13.4889144897461
208,-48,13.7795515060425
209,-48,14.5129871368408
210,-48,16.7938404083252
211,-48,22.837911605835
212,-48,18.0589580535889
213,-48,19.7306175231934
214,-48,18.5741863250732
215,-48,19.3833713531494
216,-48,18.7896690368652
217,-48,18.5434074401855
218,-48,18.7468795776367
219,-48,21.6455345153809
220,-48,20.1841850280762
221,-48,20.5900096893311
222,-48,19.0383224487305
223,-48,24.172046661377
224,-48,25.8109035491943
225,-48,25.2254619598389
226,-48,28.6757736206055
227,-48,34.9427528381348
228,-48,39.4433898925781
229,-48,35.4016952514648
230,-48,37.934326171875
231,-48,38.7525901794434
232,-48,41.3749504089355
233,-48,43.4270095825195
234,-48,57.2226028442383
235,-48,73.9403991699219
236,-48,96.4925842285156
237,-48,119.406311035156
238,-48,151.787170410156
239,-48,166.791259765625
240,-48,173.549224853516
241,-48,243.401916503906
242,-48,254.597076416016
243,-48,312.982299804688
244,-48,363.759368896484
245,-48,513.974548339844
246,-48,1247.04858398438
247,-48,1531.7177734375
248,-48,1612.32543945313
249,-48,763.851318359375
250,-48,570.325439453125
251,-48,296.649353027344
252,-48,247.411926269531
253,-48,179.806549072266
254,-48,171.175109863281
255,-48,117.483901977539
256,-48,104.830177307129
257,-48,78.6735916137695
258,-48,59.0647583007813
259,-48,55.034049987793
260,-48,46.2720108032227
261,-48,54.4228286743164
262,-48,41.6065711975098
263,-48,33.0737342834473
264,-48,24.0063228607178
265,-48,19.6902465820313
266,-48,15.7265224456787
267,-48,13.9630250930786
268,-48,14.8700351715088
269,-48,16.7597713470459
270,-48,16.3079566955566
271,-48,12.965350151062
272,-48,11.2635145187378
273,-48,11.3619174957275
274,-48,10.1961784362793
275,-48,8.13721942901611
276,-48,6.0901198387146
277,-48,6.14856147766113
280,-48,6.98955869674683
281,-48,7.61873388290405
285,-48,6.66848278045654
286,-48,7.50858497619629
287,-48,7.5475664138794
288,-48,7.76719093322754
289,-48,7.09559392929077
290,-48,7.57380723953247
291,-48,6.65273666381836
292,-48,6.92843198776245
293,-48,6.86038684844971
87,-47,6.64693737030029
88,-47,6.12574625015259
90,-47,6.85148191452026
91,-47,6.83749341964722
92,-47,6.55068016052246
94,-47,6.23787689208984
95,-47,6.26434516906738
98,-47,6.09066247940064
99,-47,8.96788787841797
100,-47,10.9473342895508
101,-47,9.42617893218994
102,-47,8.78948783874512
103,-47,8.92536163330078
104,-47,9.39632987976074
105,-47,9.41818523406982
106,-47,9.35417652130127
107,-47,12.1483325958252
108,-47,16.8544769287109
109,-47,17.9568328857422
110,-47,19.5986328125
111,-47,32.6294937133789
112,-47,43.2234344482422
113,-47,26.6307678222656
114,-47,22.0813121795654
115,-47,20.52659034729
116,-47,23.114559173584
117,-47,29.0285053253174
118,-47,29.3468704223633
119,-47,29.4572429656982
120,-47,33.5492172241211
121,-47,43.0765991210938
122,-47,56.3458099365234
123,-47,65.5628814697266
124,-47,82.8793487548828
125,-47,76.3912734985352
126,-47,86.4290771484375
127,-47,72.1871032714844
128,-47,81.1289443969727
129,-47,104.082244873047
130,-47,121.300094604492
131,-47,108.912338256836
132,-47,115.748062133789
133,-47,122.803436279297
134,-47,192.573593139648
135,-47,167.041351318359
137,-47,290.364044189453
138,-47,334.108642578125
139,-47,245.210586547852
140,-47,185.625427246094
141,-47,184.679565429688
142,-47,141.405471801758
143,-47,75.3196640014649
144,-47,59.7634735107422
145,-47,66.2693023681641
146,-47,53.6345367431641
147,-47,45.5283889770508
148,-47,43.6043853759766
149,-47,30.3993072509766
150,-47,26.5628414154053
151,-47,22.8426074981689
152,-47,16.2043991088867
153,-47,20.8637962341309
154,-47,22.3786201477051
155,-47,20.5423278808594
156,-47,19.7380199432373
157,-47,22.5896816253662
158,-47,22.0239372253418
159,-47,19.7590465545654
160,-47,17.5323600769043
161,-47,16.9228134155273
162,-47,19.7304973602295
163,-47,21.1079578399658
164,-47,16.7252349853516
165,-47,16.2581634521484
166,-47,14.3034896850586
167,-47,13.9421758651733
168,-47,14.2952270507813
169,-47,14.2565431594849
170,-47,13.7774295806885
171,-47,16.0287799835205
172,-47,16.6477279663086
173,-47,16.7606372833252
174,-47,14.7691822052002
175,-47,13.3578586578369
176,-47,13.0679550170898
177,-47,10.6128215789795
178,-47,10.3497524261475
179,-47,10.6939535140991
180,-47,10.6816902160645
181,-47,10.2120685577393
182,-47,9.59125709533691
183,-47,9.06519317626953
184,-47,9.47384929656982
185,-47,12.3145141601563
186,-47,11.4291820526123
187,-47,11.7763452529907
188,-47,11.1742248535156
189,-47,10.3809661865234
190,-47,10.7052459716797
191,-47,11.9983930587769
192,-47,12.6917390823364
193,-47,13.5657920837402
194,-47,14.3856258392334
195,-47,13.5073900222778
196,-47,12.3068599700928
197,-47,12.9223213195801
198,-47,13.9346160888672
199,-47,14.4342212677002
200,-47,12.9242324829102
201,-47,12.9930791854858
202,-47,13.9205780029297
203,-47,12.7290935516357
204,-47,11.9466819763184
205,-47,13.2365274429321
206,-47,14.3041191101074
207,-47,14.9322690963745
208,-47,15.0531330108643
209,-47,14.5025405883789
210,-47,12.3119916915894
211,-47,12.059910774231
212,-47,11.9709215164185
213,-47,15.4206209182739
214,-47,12.9558897018433
215,-47,14.2080230712891
216,-47,14.6714534759521
217,-47,16.3443126678467
218,-47,19.0146656036377
219,-47,19.3270797729492
220,-47,18.3065147399902
221,-47,17.1939277648926
222,-47,20.2828330993652
223,-47,22.6103649139404
224,-47,30.7220993041992
225,-47,26.7462005615234
226,-47,25.9526348114014
227,-47,26.9545803070068
228,-47,27.993444442749
229,-47,26.315975189209
230,-47,33.2955741882324
231,-47,40.8157577514648
232,-47,44.3368148803711
233,-47,45.9058074951172
234,-47,45.157958984375
235,-47,53.9695892333984
236,-47,65.9689636230469
237,-47,96.2579574584961
238,-47,131.931030273438
239,-47,130.228088378906
240,-47,135.516540527344
241,-47,157.408157348633
242,-47,178.96435546875
243,-47,236.163909912109
244,-47,219.704605102539
245,-47,253.62956237793
246,-47,322.561004638672
247,-47,624.730712890625
248,-47,1909.85119628906
249,-47,2842.21557617188
250,-47,1080.38598632813
251,-47,464.006439208984
252,-47,371.022644042969
253,-47,330.999969482422
254,-47,281.807891845703
255,-47,203.622741699219
256,-47,156.290740966797
257,-47,122.847496032715
258,-47,90.3798828125
259,-47,57.4373245239258
260,-47,52.9960098266602
261,-47,51.0710067749024
262,-47,41.3295783996582
263,-47,30.5603446960449
264,-47,27.939058303833
265,-47,21.9224090576172
266,-47,18.4211730957031
267,-47,14.2292060852051
268,-47,11.5918312072754
269,-47,13.7413921356201
270,-47,16.6505737304688
271,-47,13.8120098114014
272,-47,13.0627975463867
273,-47,10.154125213623
274,-47,9.02503871917725
275,-47,9.73866653442383
276,-47,6.83570766448975
277,-47,7.02420330047607
279,-47,6.93530559539795
280,-47,6.14552783966065
281,-47,6.17151784896851
282,-47,6.10167646408081
283,-47,6.49933767318726
285,-47,6.45010662078857
286,-47,8.03026103973389
287,-47,8.06190395355225
288,-47,6.90496349334717
289,-47,7.32980728149414
290,-47,8.15913963317871
291,-47,6.90106201171875
292,-47,7.31218862533569
293,-47,6.52504873275757
91,-46,6.84760904312134
100,-46,6.96168088912964
101,-46,9.1640739440918
102,-46,8.900559425354
103,-46,10.3342123031616
104,-46,8.63943195343018
105,-46,8.91491508483887
106,-46,10.342113494873
107,-46,13.3956527709961
108,-46,13.766863822937
109,-46,14.1824045181274
110,-46,14.5409288406372
111,-46,16.9423599243164
112,-46,18.2458400726318
113,-46,20.5346622467041
114,-46,22.9600086212158
115,-46,26.1771945953369
116,-46,28.218936920166
117,-46,27.0223159790039
118,-46,24.0155506134033
119,-46,27.8019485473633
120,-46,37.8542327880859
121,-46,45.5190773010254
122,-46,62.894962310791
123,-46,87.6492767333984
124,-46,80.8173522949219
125,-46,91.442024230957
126,-46,125.215599060059
127,-46,133.504089355469
128,-46,151.408172607422
129,-46,140.302398681641
130,-46,181.780151367188
131,-46,196.094055175781
132,-46,213.32746887207
133,-46,224.198043823242
134,-46,248.830810546875
135,-46,165.817169189453
136,-46,149.091949462891
137,-46,181.173187255859
138,-46,201.921417236328
139,-46,208.351333618164
140,-46,154.934234619141
141,-46,169.728118896484
142,-46,131.680297851563
143,-46,90.6543655395508
144,-46,83.4172973632813
145,-46,61.2151260375977
146,-46,43.137565612793
147,-46,35.7543258666992
148,-46,29.3144779205322
149,-46,25.0264663696289
150,-46,23.2195510864258
151,-46,22.9522285461426
152,-46,25.3260288238525
153,-46,21.7679557800293
154,-46,24.4898738861084
155,-46,23.2375183105469
156,-46,20.6931858062744
157,-46,18.8418388366699
158,-46,20.9987392425537
159,-46,18.3679637908936
160,-46,16.3878612518311
161,-46,19.7456302642822
162,-46,19.8404521942139
163,-46,16.2281246185303
164,-46,12.1254405975342
165,-46,11.7568597793579
166,-46,15.6242618560791
167,-46,13.4831800460815
168,-46,16.7962532043457
169,-46,16.0507678985596
170,-46,14.0026226043701
171,-46,15.1797008514404
172,-46,13.9270067214966
173,-46,10.0399532318115
174,-46,9.81099605560303
175,-46,11.3120450973511
176,-46,11.6052579879761
177,-46,10.5428714752197
178,-46,10.5526857376099
179,-46,9.26979446411133
180,-46,9.70248413085938
181,-46,9.42941188812256
182,-46,10.9082746505737
183,-46,12.9287118911743
184,-46,11.3269786834717
185,-46,10.5295276641846
186,-46,9.4191198348999
187,-46,9.58465766906738
188,-46,11.2359619140625
189,-46,12.4962882995605
190,-46,11.1821842193604
191,-46,9.14487266540527
192,-46,10.3347539901733
193,-46,10.4155178070068
194,-46,10.1538257598877
195,-46,11.1263380050659
196,-46,10.5574970245361
197,-46,10.2756080627441
198,-46,12.3619928359985
199,-46,11.344181060791
200,-46,9.69190216064453
201,-46,10.1632308959961
202,-46,11.4456510543823
203,-46,11.5475015640259
204,-46,11.6040153503418
205,-46,10.5903463363647
206,-46,11.9353713989258
207,-46,12.0649843215942
208,-46,10.6683311462402
209,-46,11.3210783004761
210,-46,10.7025423049927
211,-46,9.39123725891113
212,-46,11.3879127502441
213,-46,10.9951572418213
214,-46,11.0212926864624
215,-46,12.1902656555176
216,-46,12.6454582214355
217,-46,16.9021072387695
218,-46,19.5218391418457
219,-46,18.1425037384033
220,-46,15.6535577774048
221,-46,16.1932029724121
222,-46,17.9446220397949
223,-46,21.415111541748
224,-46,24.7132530212402
225,-46,22.714469909668
226,-46,24.1803245544434
227,-46,25.7232398986816
228,-46,27.0205345153809
229,-46,31.8332786560059
230,-46,33.1923141479492
231,-46,36.9887847900391
232,-46,34.6194496154785
233,-46,33.2074127197266
234,-46,38.2869415283203
235,-46,44.6370468139649
236,-46,52.2158126831055
237,-46,67.9033203125
238,-46,111.888931274414
239,-46,135.982666015625
240,-46,121.814842224121
241,-46,131.187438964844
242,-46,159.075485229492
243,-46,206.054489135742
244,-46,197.634765625
245,-46,193.661804199219
246,-46,191.738876342773
247,-46,301.908447265625
248,-46,488.067932128906
249,-46,2294.46606445313
250,-46,1808.95727539063
251,-46,1339.42150878906
252,-46,929.326110839844
253,-46,490.226959228516
254,-46,368.082824707031
255,-46,303.334838867188
256,-46,254.259780883789
257,-46,229.835891723633
258,-46,105.439346313477
259,-46,64.4236373901367
260,-46,52.6535453796387
261,-46,42.4489555358887
262,-46,32.3704490661621
263,-46,30.0992088317871
264,-46,33.9530906677246
265,-46,26.8366279602051
266,-46,19.7024459838867
267,-46,17.8892154693604
268,-46,12.9709577560425
269,-46,14.1639108657837
270,-46,20.0521087646484
271,-46,16.5168037414551
272,-46,14.3811492919922
273,-46,12.4079847335815
274,-46,8.86254405975342
275,-46,8.38288688659668
276,-46,7.29968881607056
277,-46,6.24386692047119
278,-46,7.56450748443604
279,-46,6.61094379425049
280,-46,7.20872259140015
281,-46,6.65728664398193
284,-46,6.24747180938721
285,-46,7.47649955749512
286,-46,8.64266777038574
287,-46,7.16283845901489
288,-46,7.48649263381958
289,-46,7.58813190460205
290,-46,8.27573585510254
291,-46,7.65657997131348
292,-46,6.6088981628418
293,-46,6.03840017318726
91,-45,8.1643009185791
92,-45,7.76596069335938
94,-45,6.17848968505859
100,-45,8.10133457183838
101,-45,8.0380973815918
102,-45,7.43631505966187
103,-45,8.1000280380249
104,-45,9.11707401275635
105,-45,9.84539222717285
106,-45,9.58764839172363
107,-45,12.0819101333618
108,-45,14.3349494934082
109,-45,11.6905994415283
110,-45,13.4640474319458
111,-45,18.3046112060547
112,-45,19.6006813049316
113,-45,19.6704902648926
114,-45,23.7467861175537
115,-45,34.0432586669922
116,-45,32.2062759399414
117,-45,21.2724647521973
118,-45,22.665096282959
119,-45,26.798921585083
120,-45,40.2759017944336
121,-45,60.0066986083984
122,-45,67.465202331543
123,-45,83.4239959716797
124,-45,103.583862304688
125,-45,127.635765075684
126,-45,180.709228515625
127,-45,175.01806640625
128,-45,139.837631225586
129,-45,182.73762512207
130,-45,174.598663330078
131,-45,196.726760864258
132,-45,186.294998168945
133,-45,203.418380737305
134,-45,305.527923583984
135,-45,346.022399902344
136,-45,212.524597167969
137,-45,175.675628662109
138,-45,158.514419555664
139,-45,123.628273010254
140,-45,112.089256286621
141,-45,132.247131347656
142,-45,121.01139831543
143,-45,79.2941360473633
144,-45,57.8341217041016
145,-45,42.1504783630371
146,-45,25.7282485961914
147,-45,19.4868125915527
148,-45,21.9851837158203
149,-45,25.032808303833
150,-45,18.7751235961914
151,-45,17.8531646728516
152,-45,19.9419403076172
153,-45,18.4187183380127
154,-45,19.696834564209
155,-45,17.2847232818604
156,-45,17.2734508514404
157,-45,19.9608173370361
158,-45,22.6185455322266
159,-45,16.3674640655518
160,-45,19.063720703125
161,-45,21.0677490234375
162,-45,16.9383144378662
163,-45,16.4911193847656
164,-45,15.1619558334351
165,-45,13.4124383926392
166,-45,16.0292816162109
167,-45,19.1739158630371
168,-45,18.1369285583496
169,-45,14.277193069458
170,-45,11.2223453521729
171,-45,11.3581647872925
172,-45,13.6454362869263
173,-45,10.2507238388062
174,-45,7.9888505935669
175,-45,8.24318695068359
176,-45,9.37358474731445
177,-45,12.5015506744385
178,-45,12.3222494125366
179,-45,13.0686016082764
180,-45,12.9208602905273
181,-45,9.72082328796387
182,-45,11.0480613708496
183,-45,13.2688026428223
184,-45,12.7206926345825
185,-45,9.76622772216797
186,-45,8.56418228149414
187,-45,9.33980178833008
188,-45,9.96798229217529
189,-45,10.0227546691895
190,-45,9.4169979095459
191,-45,9.93457317352295
192,-45,9.8967924118042
193,-45,10.1892833709717
194,-45,10.0467567443848
195,-45,8.24038696289063
196,-45,9.41404628753662
197,-45,10.8149394989014
198,-45,10.7070894241333
199,-45,9.85386371612549
200,-45,9.02635288238525
201,-45,9.7346134185791
202,-45,10.5217695236206
203,-45,10.4240598678589
204,-45,9.00979423522949
205,-45,10.0891780853271
206,-45,10.1227264404297
207,-45,8.70588111877441
208,-45,7.24925518035889
209,-45,9.14093017578125
210,-45,9.26168727874756
211,-45,9.72979259490967
212,-45,10.6530332565308
213,-45,12.1482887268066
214,-45,10.801155090332
215,-45,12.0610446929932
216,-45,14.6367254257202
217,-45,16.5763664245605
218,-45,17.6120700836182
219,-45,15.8101205825806
220,-45,16.350378036499
221,-45,18.1428165435791
222,-45,20.3076229095459
223,-45,23.4354095458984
224,-45,17.7671203613281
225,-45,18.918664932251
226,-45,22.4619197845459
227,-45,23.1388721466064
228,-45,26.80126953125
229,-45,24.5326652526856
230,-45,25.7440605163574
231,-45,31.2728996276856
232,-45,35.3146476745606
233,-45,31.3490524291992
234,-45,31.5843200683594
235,-45,36.9975891113281
236,-45,42.1233177185059
237,-45,45.5995178222656
238,-45,72.9586486816406
239,-45,93.7210540771484
240,-45,110.564949035645
241,-45,102.231735229492
242,-45,126.419006347656
243,-45,166.258880615234
244,-45,160.453247070313
245,-45,155.823547363281
246,-45,150.502593994141
247,-45,172.159027099609
248,-45,180.764724731445
249,-45,500.356597900391
250,-45,1173.7099609375
251,-45,2185.54467773438
252,-45,1748.42126464844
253,-45,1043.31384277344
254,-45,347.702209472656
255,-45,193.423889160156
256,-45,200.896697998047
257,-45,173.941467285156
258,-45,135.638137817383
259,-45,88.4539566040039
260,-45,64.2459259033203
261,-45,48.4165840148926
262,-45,40.6568908691406
263,-45,36.9721755981445
264,-45,38.6594543457031
265,-45,30.4794082641602
266,-45,27.8872318267822
267,-45,25.5607280731201
268,-45,21.8869094848633
269,-45,16.4954872131348
270,-45,16.1911582946777
271,-45,19.7587718963623
272,-45,14.8424615859985
273,-45,8.91985702514648
274,-45,8.98929309844971
275,-45,8.27657985687256
276,-45,7.43265962600708
277,-45,6.82322502136231
279,-45,6.30266952514648
280,-45,6.88329219818115
281,-45,6.25610065460205
282,-45,7.11084651947022
283,-45,6.88004398345947
284,-45,6.20649766921997
286,-45,7.42132997512817
287,-45,8.85120677947998
288,-45,8.55490875244141
289,-45,9.19015121459961
290,-45,8.85678100585938
291,-45,6.76331853866577
292,-45,7.67860984802246
293,-45,6.07154083251953
294,-45,6.68080043792725
295,-45,6.74054527282715
297,-45,6.46772146224976
90,-44,7.58186674118042
91,-44,7.91421890258789
92,-44,8.81886196136475
96,-44,6.12844562530518
97,-44,7.02356672286987
98,-44,6.70772504806519
100,-44,7.95680332183838
101,-44,8.78083992004395
102,-44,8.56877613067627
103,-44,8.9762134552002
104,-44,9.63452625274658
105,-44,11.9351758956909
106,-44,10.3800525665283
107,-44,11.8679981231689
108,-44,13.4440679550171
109,-44,11.0416412353516
110,-44,13.4916210174561
111,-44,29.488899230957
112,-44,21.7429237365723
113,-44,23.9369106292725
114,-44,25.8807201385498
115,-44,27.7992839813232
116,-44,32.4572410583496
117,-44,29.3182792663574
118,-44,27.7353439331055
119,-44,31.4060363769531
120,-44,40.0909156799316
121,-44,43.4510879516602
122,-44,72.6582183837891
123,-44,106.13599395752
124,-44,123.07698059082
125,-44,163.973754882813
126,-44,182.458770751953
127,-44,247.784851074219
128,-44,195.44873046875
129,-44,177.889953613281
130,-44,221.138824462891
131,-44,320.363891601563
132,-44,288.932373046875
133,-44,297.203033447266
134,-44,228.036712646484
135,-44,260.938049316406
136,-44,196.691268920898
137,-44,129.615234375
138,-44,110.206588745117
139,-44,103.522972106934
140,-44,149.84196472168
141,-44,122.856422424316
142,-44,102.878082275391
143,-44,72.841667175293
144,-44,48.5251884460449
145,-44,35.2991714477539
146,-44,28.8159217834473
147,-44,26.5244789123535
148,-44,29.7011604309082
149,-44,24.2443771362305
150,-44,17.8569202423096
151,-44,14.4744863510132
152,-44,15.1107215881348
153,-44,14.1531372070313
154,-44,15.0765771865845
155,-44,14.5570907592773
156,-44,12.9235286712646
157,-44,12.6984491348267
158,-44,14.513729095459
159,-44,13.6502122879028
160,-44,18.6555004119873
161,-44,26.9826068878174
162,-44,29.7529373168945
163,-44,24.6992835998535
164,-44,20.6799926757813
165,-44,18.878547668457
166,-44,13.9204196929932
167,-44,12.5667104721069
168,-44,11.5732536315918
169,-44,10.8551998138428
170,-44,8.79478168487549
171,-44,8.01965522766113
172,-44,8.09547710418701
173,-44,8.45157432556152
174,-44,8.42420673370361
175,-44,10.3715257644653
176,-44,12.0793256759644
177,-44,14.8745403289795
178,-44,16.9300765991211
179,-44,18.7277374267578
180,-44,15.1631298065186
181,-44,14.6928663253784
182,-44,13.298098564148
183,-44,11.8437557220459
184,-44,13.9292001724243
185,-44,10.11940574646
186,-44,8.62027549743652
187,-44,8.09302806854248
188,-44,8.65271663665772
189,-44,10.9976654052734
190,-44,10.0089569091797
191,-44,9.4488639831543
192,-44,9.59865379333496
193,-44,8.72378444671631
194,-44,8.70495223999023
195,-44,10.0217370986938
196,-44,12.9230842590332
197,-44,13.8762149810791
198,-44,12.3681354522705
199,-44,10.9495534896851
200,-44,10.0322952270508
201,-44,10.950984954834
202,-44,11.5221548080444
203,-44,11.3143882751465
204,-44,10.0908393859863
205,-44,9.50641441345215
206,-44,9.61577987670898
207,-44,8.31407165527344
208,-44,8.03192234039307
209,-44,9.02815628051758
210,-44,8.77432537078857
211,-44,9.13181591033936
212,-44,10.1809663772583
213,-44,11.2937240600586
214,-44,12.291015625
215,-44,11.6957368850708
216,-44,15.1301527023315
217,-44,17.4676971435547
218,-44,14.3996315002441
219,-44,14.4305648803711
220,-44,15.6311902999878
221,-44,19.519021987915
222,-44,18.6511287689209
223,-44,16.1619300842285
224,-44,14.1080503463745
225,-44,15.9077959060669
226,-44,17.6851997375488
227,-44,17.0998306274414
228,-44,20.576099395752
229,-44,20.2040710449219
230,-44,22.9998664855957
231,-44,25.0342655181885
232,-44,27.7151622772217
233,-44,31.7166690826416
234,-44,29.0260219573975
235,-44,26.9399261474609
236,-44,28.4337673187256
237,-44,37.0089111328125
238,-44,52.4482955932617
239,-44,77.4929580688477
240,-44,84.2654266357422
241,-44,97.1471099853516
242,-44,110.148872375488
243,-44,141.536285400391
244,-44,126.584167480469
245,-44,126.211540222168
246,-44,125.461059570313
247,-44,138.360885620117
248,-44,203.784912109375
249,-44,288.348266601563
250,-44,558.644165039063
251,-44,1131.24694824219
252,-44,1972.96630859375
253,-44,1623.8779296875
254,-44,659.082641601563
255,-44,374.690307617188
256,-44,272.873382568359
257,-44,256.631958007813
258,-44,192.851974487305
259,-44,165.848068237305
260,-44,98.3657913208008
261,-44,53.1068687438965
262,-44,62.881893157959
263,-44,60.1323547363281
264,-44,51.1928749084473
265,-44,35.9851112365723
266,-44,35.9245491027832
267,-44,31.845666885376
268,-44,27.1097450256348
269,-44,20.4176025390625
270,-44,13.9199666976929
271,-44,13.0510807037354
272,-44,14.8505659103394
273,-44,11.8531818389893
274,-44,9.36060523986816
275,-44,7.83454561233521
276,-44,10.6501321792603
277,-44,7.86253786087036
278,-44,7.16230487823486
279,-44,7.48876810073853
280,-44,7.21227693557739
281,-44,7.9312047958374
284,-44,6.86157608032227
285,-44,7.60264253616333
286,-44,6.5239725112915
287,-44,8.22741889953613
288,-44,8.39067268371582
289,-44,7.42131090164185
290,-44,8.58278274536133
291,-44,8.7380952835083
292,-44,8.42681789398193
293,-44,8.11371231079102
294,-44,6.43834114074707
295,-44,6.66528034210205
296,-44,7.17793083190918
297,-44,7.08281564712524
298,-44,6.88359022140503
91,-43,6.0666880607605
92,-43,7.73234605789185
97,-43,6.83910274505615
98,-43,6.95341777801514
99,-43,7.29338693618774
100,-43,8.74791049957275
101,-43,10.154146194458
102,-43,10.9186334609985
103,-43,10.8330383300781
104,-43,9.65282249450684
105,-43,10.4708766937256
106,-43,11.7340812683105
107,-43,13.4633121490479
108,-43,12.7907953262329
109,-43,11.7509822845459
110,-43,14.9671745300293
111,-43,20.4124927520752
112,-43,28.5474243164063
113,-43,47.4828300476074
114,-43,56.8656616210938
115,-43,33.825008392334
116,-43,32.4800300598145
117,-43,31.7168083190918
118,-43,39.390266418457
119,-43,46.2203063964844
120,-43,43.8294334411621
121,-43,49.8775329589844
122,-43,72.2574234008789
123,-43,102.077613830566
124,-43,135.446655273438
125,-43,196.809921264648
126,-43,242.548248291016
127,-43,257.923553466797
128,-43,351.221343994141
129,-43,288.868286132813
130,-43,298.862030029297
131,-43,231.027923583984
132,-43,388.972778320313
133,-43,244.28108215332
134,-43,326.934143066406
135,-43,170.6953125
136,-43,105.281875610352
137,-43,118.16357421875
138,-43,138.873413085938
139,-43,138.867889404297
140,-43,130.742202758789
141,-43,95.6162643432617
142,-43,74.0151748657227
143,-43,61.6294021606445
144,-43,63.1757469177246
145,-43,46.9255142211914
146,-43,36.3046722412109
147,-43,29.5898780822754
148,-43,26.8905124664307
149,-43,23.3410415649414
150,-43,19.9199924468994
151,-43,15.7184658050537
152,-43,15.0916910171509
153,-43,14.3244457244873
154,-43,12.0935344696045
155,-43,9.78271389007568
156,-43,12.3751220703125
157,-43,11.5527849197388
158,-43,10.1000480651855
159,-43,13.5843381881714
160,-43,14.0018920898438
161,-43,15.1937885284424
162,-43,23.431224822998
163,-43,24.796516418457
164,-43,24.2980670928955
165,-43,19.5263385772705
166,-43,13.0024099349976
167,-43,11.7314014434814
168,-43,11.77405834198
169,-43,10.9461088180542
170,-43,8.92813396453857
171,-43,8.60872077941895
172,-43,7.73785257339478
173,-43,7.93628406524658
174,-43,9.61611557006836
175,-43,10.7306594848633
176,-43,13.5630512237549
177,-43,20.2836227416992
178,-43,16.1335372924805
179,-43,12.9419546127319
180,-43,12.7001323699951
181,-43,16.215238571167
182,-43,16.0924034118652
183,-43,14.61012840271
184,-43,11.2096586227417
185,-43,11.0197534561157
186,-43,8.77962303161621
187,-43,7.68331384658814
188,-43,7.77500009536743
189,-43,9.26899909973145
190,-43,9.35021495819092
191,-43,8.7537784576416
192,-43,9.57991981506348
193,-43,9.83263397216797
194,-43,9.4086217880249
195,-43,10.6889629364014
196,-43,11.2752809524536
197,-43,12.9212837219238
198,-43,14.7152690887451
199,-43,14.7165498733521
200,-43,14.2673406600952
201,-43,11.5015916824341
202,-43,12.626745223999
203,-43,12.2813549041748
204,-43,11.2861108779907
205,-43,8.36003494262695
206,-43,8.24650096893311
207,-43,8.49751377105713
208,-43,8.40853309631348
209,-43,8.48995590209961
210,-43,8.56979942321777
211,-43,8.40509700775147
212,-43,8.27391624450684
213,-43,11.3824796676636
214,-43,10.6083498001099
215,-43,10.4054393768311
216,-43,15.8069400787354
217,-43,16.3802757263184
218,-43,15.5457353591919
219,-43,14.3658828735352
220,-43,14.4381742477417
221,-43,18.6173553466797
222,-43,18.0804252624512
223,-43,15.4422588348389
224,-43,14.3202610015869
225,-43,12.6183576583862
226,-43,15.4947071075439
227,-43,14.9832229614258
228,-43,13.59494972229
229,-43,13.3485975265503
230,-43,15.0313158035278
231,-43,18.8558101654053
232,-43,20.1803340911865
233,-43,24.7002639770508
234,-43,25.02858543396
235,-43,27.4081592559815
236,-43,29.4121475219727
237,-43,39.7013740539551
238,-43,57.4077224731445
239,-43,70.6039581298828
240,-43,65.6147537231445
241,-43,65.770637512207
242,-43,78.9247894287109
243,-43,86.3553085327149
244,-43,101.375686645508
245,-43,132.264999389648
246,-43,150.623413085938
247,-43,156.840484619141
248,-43,198.558319091797
249,-43,281.178924560547
250,-43,322.883087158203
251,-43,474.310760498047
252,-43,1308.61486816406
253,-43,1837.36352539063
254,-43,1619.04504394531
255,-43,1029.3037109375
256,-43,422.90673828125
257,-43,265.02001953125
258,-43,243.617584228516
259,-43,169.276794433594
260,-43,115.959197998047
261,-43,70.1867446899414
262,-43,66.0135879516602
263,-43,62.2369499206543
264,-43,55.3582458496094
265,-43,44.3624877929688
266,-43,33.1311988830566
267,-43,23.4756088256836
268,-43,18.8714427947998
269,-43,16.3291893005371
270,-43,14.223217010498
271,-43,12.2961940765381
272,-43,12.8746013641357
273,-43,13.4275875091553
274,-43,9.98116397857666
275,-43,7.74265766143799
276,-43,8.19905948638916
277,-43,7.50025749206543
278,-43,7.09011268615723
279,-43,7.82137441635132
280,-43,8.45330238342285
281,-43,8.4448823928833
282,-43,7.85401630401611
283,-43,7.91816568374634
284,-43,8.48128890991211
285,-43,8.31148719787598
286,-43,8.24825859069824
287,-43,7.59513759613037
288,-43,8.09223175048828
289,-43,7.95670127868652
290,-43,7.05541086196899
291,-43,8.33206558227539
292,-43,9.59705924987793
293,-43,8.39575386047363
294,-43,7.34292793273926
295,-43,7.29869556427002
296,-43,6.4529333114624
297,-43,7.59759521484375
298,-43,7.34865856170654
299,-43,7.01611375808716
300,-43,6.43176651000977
91,-42,6.15499067306519
92,-42,8.36130046844482
93,-42,7.17457818984985
94,-42,6.32127618789673
95,-42,6.07671642303467
96,-42,6.34044933319092
97,-42,6.67398548126221
98,-42,6.52568292617798
99,-42,8.34322834014893
100,-42,11.3895053863525
101,-42,11.530481338501
102,-42,11.9381580352783
103,-42,11.3150463104248
104,-42,10.7567558288574
105,-42,9.4463062286377
106,-42,12.4871063232422
107,-42,14.2676429748535
108,-42,12.2284898757935
109,-42,15.0414810180664
110,-42,18.5149440765381
111,-42,25.2527980804443
112,-42,33.322380065918
113,-42,45.3302993774414
114,-42,41.0631561279297
115,-42,41.4527626037598
116,-42,34.2684860229492
117,-42,38.9964904785156
118,-42,53.900089263916
119,-42,83.4462432861328
120,-42,87.9762802124023
121,-42,83.2632598876953
122,-42,116.997161865234
123,-42,176.41276550293
124,-42,220.484237670898
125,-42,432.517700195313
126,-42,236.576690673828
127,-42,215.33447265625
128,-42,259.400604248047
129,-42,247.70849609375
130,-42,227.022399902344
131,-42,307.956176757813
132,-42,272.448150634766
133,-42,254.254791259766
134,-42,187.194137573242
135,-42,167.555480957031
136,-42,108.282859802246
137,-42,86.2872467041016
138,-42,64.4317779541016
139,-42,66.4890975952149
140,-42,62.3186721801758
141,-42,47.1190795898438
142,-42,52.0726051330566
143,-42,64.7071990966797
144,-42,56.2624359130859
145,-42,50.9070243835449
146,-42,50.1676635742188
147,-42,49.8756828308106
148,-42,40.7293128967285
149,-42,26.7501106262207
150,-42,20.6969985961914
151,-42,16.6907863616943
152,-42,15.1952276229858
153,-42,13.9579830169678
154,-42,12.9807443618774
155,-42,11.4384269714355
156,-42,11.2189702987671
157,-42,12.3076887130737
158,-42,9.99075508117676
159,-42,9.66787147521973
160,-42,10.6800374984741
161,-42,11.4883880615234
162,-42,14.5960111618042
163,-42,14.4634704589844
164,-42,18.7374877929688
165,-42,15.1073665618896
166,-42,10.9926719665527
167,-42,12.5129489898682
168,-42,12.6964273452759
169,-42,10.5017471313477
170,-42,11.6403570175171
171,-42,10.5237951278687
172,-42,9.21919536590576
173,-42,8.17831039428711
174,-42,7.60766458511353
175,-42,11.5311613082886
176,-42,13.9826974868774
177,-42,17.5959167480469
178,-42,15.8797740936279
179,-42,14.6615152359009
180,-42,16.4747753143311
181,-42,20.1927757263184
182,-42,19.6364440917969
183,-42,14.6162328720093
184,-42,13.528205871582
185,-42,10.8682708740234
186,-42,11.1235790252686
187,-42,9.62010765075684
188,-42,10.8209180831909
189,-42,11.2767200469971
190,-42,10.8448867797852
191,-42,9.87132549285889
192,-42,11.1586875915527
193,-42,11.3590965270996
194,-42,11.9860410690308
195,-42,10.3328828811646
196,-42,10.0613946914673
197,-42,9.89608478546143
198,-42,10.478253364563
199,-42,12.7427225112915
200,-42,13.7332954406738
201,-42,11.7790231704712
202,-42,10.6088304519653
203,-42,9.51589679718018
204,-42,10.3083620071411
205,-42,9.05049705505371
206,-42,9.1006908416748
207,-42,9.21088218688965
208,-42,8.35959911346436
209,-42,8.49827480316162
210,-42,7.3394889831543
211,-42,7.07413959503174
212,-42,7.83065605163574
213,-42,9.5143928527832
214,-42,9.82875633239746
215,-42,11.9821643829346
216,-42,12.9393119812012
217,-42,14.4452972412109
218,-42,12.4105520248413
219,-42,9.92109680175781
220,-42,11.819673538208
221,-42,14.3917675018311
222,-42,12.6640167236328
223,-42,10.4816827774048
224,-42,9.97818374633789
225,-42,10.6913585662842
226,-42,10.6627159118652
227,-42,9.81866073608398
228,-42,13.0906105041504
229,-42,16.8507461547852
230,-42,14.307409286499
231,-42,14.6187705993652
232,-42,15.7173910140991
233,-42,21.0645008087158
234,-42,29.7357158660889
235,-42,34.9451522827148
236,-42,37.140567779541
237,-42,37.8794479370117
238,-42,65.9187088012695
239,-42,80.2030487060547
240,-42,82.2734527587891
241,-42,72.226921081543
242,-42,81.4383544921875
243,-42,84.7135543823242
244,-42,95.6143341064453
245,-42,110.042610168457
246,-42,141.83137512207
247,-42,156.230804443359
248,-42,182.429870605469
249,-42,197.710830688477
250,-42,232.108551025391
251,-42,292.783325195313
252,-42,544.528991699219
253,-42,882.796752929688
254,-42,1454.50830078125
255,-42,1605.74194335938
256,-42,1053.16857910156
257,-42,500.366851806641
258,-42,185.116455078125
259,-42,165.757171630859
260,-42,135.410018920898
261,-42,99.9168167114258
262,-42,86.4903182983399
263,-42,64.2967758178711
264,-42,61.372241973877
265,-42,44.8528861999512
266,-42,33.8765335083008
267,-42,23.7643013000488
268,-42,20.1525611877441
269,-42,17.3294792175293
270,-42,16.4770088195801
271,-42,13.8406829833984
272,-42,11.6021137237549
273,-42,11.9477119445801
274,-42,10.6532325744629
275,-42,9.24478054046631
276,-42,9.14347076416016
277,-42,9.65608310699463
278,-42,7.42072153091431
279,-42,7.52032852172852
280,-42,9.13995361328125
281,-42,9.51639270782471
282,-42,9.8257999420166
283,-42,8.60710716247559
284,-42,9.81070041656494
285,-42,9.27930068969727
286,-42,8.85660171508789
287,-42,7.76026821136475
288,-42,9.07322216033936
289,-42,8.44241619110107
290,-42,8.17476844787598
291,-42,8.52577781677246
292,-42,9.14418697357178
293,-42,9.61663055419922
294,-42,8.99040508270264
295,-42,8.00804138183594
296,-42,6.48494243621826
297,-42,6.36619520187378
298,-42,6.66189098358154
299,-42,7.20852899551392
300,-42,7.58035230636597
301,-42,6.73417901992798
91,-41,6.99942827224731
92,-41,8.81734371185303
93,-41,7.7392635345459
94,-41,6.81876134872437
95,-41,6.04252481460571
96,-41,6.30853271484375
97,-41,6.79503726959229
98,-41,7.85499048233032
99,-41,9.43085384368896
100,-41,10.5259742736816
101,-41,11.5046482086182
102,-41,11.5608043670654
103,-41,11.7163772583008
104,-41,13.2322206497192
105,-41,13.0059232711792
106,-41,14.2363948822021
107,-41,16.0193061828613
108,-41,20.2446918487549
109,-41,23.5004901885986
110,-41,30.2858905792236
111,-41,37.1206283569336
112,-41,41.5813674926758
113,-41,54.2505378723145
114,-41,57.4695892333984
115,-41,35.4326629638672
116,-41,39.2248954772949
117,-41,53.5586471557617
118,-41,71.0417938232422
119,-41,94.9102554321289
120,-41,104.795501708984
121,-41,106.393104553223
122,-41,139.364196777344
123,-41,213.931900024414
124,-41,246.365417480469
125,-41,220.1572265625
126,-41,305.514587402344
127,-41,259.943298339844
128,-41,276.265930175781
129,-41,336.924621582031
130,-41,357.05615234375
131,-41,509.196197509766
132,-41,233.494964599609
133,-41,162.28857421875
134,-41,138.746765136719
135,-41,118.650482177734
136,-41,84.0402374267578
137,-41,62.7741050720215
138,-41,51.8215255737305
139,-41,38.9458122253418
140,-41,31.6287040710449
141,-41,35.6262741088867
142,-41,50.0565299987793
143,-41,45.3222122192383
144,-41,48.1154251098633
145,-41,43.228214263916
146,-41,40.9969024658203
147,-41,38.437198638916
148,-41,33.6430892944336
149,-41,26.1589660644531
150,-41,17.9154052734375
151,-41,16.8448295593262
152,-41,18.0965766906738
153,-41,17.3576049804688
154,-41,14.421070098877
155,-41,11.7676153182983
156,-41,12.363748550415
157,-41,12.8359775543213
158,-41,10.8852558135986
159,-41,8.35789966583252
160,-41,8.34180450439453
161,-41,10.624454498291
162,-41,10.8599309921265
163,-41,11.2916259765625
164,-41,12.9432592391968
165,-41,14.0980100631714
166,-41,12.3212614059448
167,-41,12.8433866500855
168,-41,11.0055236816406
169,-41,13.521951675415
170,-41,14.768102645874
171,-41,13.6681079864502
172,-41,12.5157566070557
173,-41,9.1913366317749
174,-41,9.35379028320312
175,-41,13.1211357116699
176,-41,12.5280752182007
177,-41,11.8337392807007
178,-41,16.3810653686523
179,-41,17.6233501434326
180,-41,12.2218523025513
181,-41,14.622428894043
182,-41,14.3268718719482
183,-41,11.6875648498535
184,-41,10.8346633911133
185,-41,10.4369525909424
186,-41,9.13265895843506
187,-41,9.98010730743408
188,-41,9.96288681030273
189,-41,12.5565891265869
190,-41,16.6797676086426
191,-41,12.6148691177368
192,-41,11.950569152832
193,-41,11.0648775100708
194,-41,12.8203554153442
195,-41,11.5018177032471
196,-41,10.1724166870117
197,-41,11.2618808746338
198,-41,9.70192337036133
199,-41,11.7079524993897
200,-41,12.3614044189453
201,-41,10.7891454696655
202,-41,9.39362525939941
203,-41,8.45606994628906
204,-41,8.8026294708252
205,-41,8.46326732635498
206,-41,7.99082756042481
207,-41,8.11296081542969
208,-41,7.58759832382202
209,-41,7.55711650848389
210,-41,7.48530769348145
211,-41,8.75353813171387
212,-41,9.52973556518555
213,-41,9.67670726776123
214,-41,10.6138963699341
215,-41,11.6984100341797
216,-41,13.2911577224731
217,-41,12.734112739563
218,-41,10.4153690338135
219,-41,9.22720241546631
220,-41,10.6444597244263
221,-41,10.3185796737671
222,-41,10.017144203186
223,-41,9.92813301086426
224,-41,9.76091766357422
225,-41,8.85883712768555
226,-41,9.96439743041992
227,-41,9.15469360351562
228,-41,12.0264234542847
229,-41,13.9986791610718
230,-41,15.8208951950073
231,-41,14.59836769104
232,-41,17.3509502410889
233,-41,20.7346897125244
234,-41,34.1358528137207
235,-41,38.976749420166
236,-41,32.6487464904785
237,-41,39.9910697937012
238,-41,46.2997436523438
239,-41,63.2202110290527
240,-41,63.4585609436035
241,-41,69.5699157714844
242,-41,73.3501968383789
243,-41,93.7605743408203
244,-41,121.174461364746
245,-41,132.820785522461
246,-41,118.29874420166
247,-41,117.684196472168
248,-41,125.323623657227
249,-41,108.544769287109
250,-41,169.69189453125
251,-41,207.377151489258
252,-41,225.587524414063
253,-41,475.486206054688
254,-41,708.113037109375
255,-41,1119.96789550781
256,-41,1641.90393066406
257,-41,479.683349609375
258,-41,354.293518066406
259,-41,247.384796142578
260,-41,171.079162597656
261,-41,111.517578125
262,-41,93.8298645019531
263,-41,77.6073532104492
264,-41,54.1142387390137
265,-41,44.660774230957
266,-41,34.6597442626953
267,-41,26.648120880127
268,-41,22.7144966125488
269,-41,18.8005638122559
270,-41,14.8310890197754
271,-41,13.6273059844971
272,-41,10.7829751968384
273,-41,10.7674608230591
274,-41,11.2757291793823
275,-41,8.18343448638916
276,-41,9.00445175170898
277,-41,9.46110153198242
278,-41,8.83248710632324
279,-41,8.04081726074219
280,-41,8.15486240386963
281,-41,7.64195442199707
282,-41,8.32739162445068
283,-41,9.26706409454346
284,-41,9.38499164581299
285,-41,10.3435554504395
286,-41,12.1108961105347
287,-41,12.2771873474121
288,-41,10.834282875061
289,-41,10.254373550415
290,-41,8.8963565826416
291,-41,8.14872360229492
292,-41,9.60632514953613
293,-41,11.4833364486694
294,-41,10.5051050186157
295,-41,7.49423122406006
296,-41,6.73513460159302
298,-41,6.4925708770752
299,-41,7.81461811065674
300,-41,6.88466882705689
301,-41,6.05689716339111
304,-41,6.45814990997315
91,-40,6.70565128326416
92,-40,6.86208343505859
93,-40,7.48167371749878
94,-40,9.58102607727051
95,-40,9.39206123352051
96,-40,9.20346450805664
97,-40,10.7115888595581
98,-40,8.38060665130615
99,-40,8.05435085296631
100,-40,8.69992256164551
101,-40,9.98596572875977
102,-40,10.0485401153564
103,-40,11.102972984314
104,-40,13.8827829360962
105,-40,14.8371105194092
106,-40,17.3438739776611
107,-40,22.0397453308106
108,-40,27.5881767272949
109,-40,32.5193481445313
110,-40,31.1315746307373
111,-40,35.4904937744141
112,-40,40.7485656738281
113,-40,62.7742767333984
114,-40,63.3533020019531
115,-40,61.7879676818848
116,-40,58.9963684082031
117,-40,67.6838226318359
118,-40,63.5248336791992
119,-40,83.7817687988281
120,-40,95.2128753662109
121,-40,112.358924865723
122,-40,147.14697265625
123,-40,219.137298583984
124,-40,304.196716308594
125,-40,315.233459472656
126,-40,231.935836791992
127,-40,209.271087646484
128,-40,184.395568847656
129,-40,288.226593017578
130,-40,256.853637695313
131,-40,188.753341674805
132,-40,146.538055419922
133,-40,127.319259643555
134,-40,99.371696472168
135,-40,75.5595016479492
136,-40,73.2619476318359
137,-40,54.4232711791992
138,-40,50.7197380065918
139,-40,42.5352478027344
140,-40,29.6362075805664
141,-40,31.656888961792
142,-40,43.3133697509766
143,-40,45.8751945495606
144,-40,48.1994857788086
145,-40,38.5239715576172
146,-40,24.1058807373047
147,-40,27.0454406738281
148,-40,29.7045097351074
149,-40,17.9797554016113
150,-40,15.5579929351807
151,-40,16.405481338501
152,-40,17.5813179016113
153,-40,16.4891586303711
154,-40,14.7285709381104
155,-40,12.966082572937
156,-40,12.0840854644775
157,-40,10.1099605560303
158,-40,9.54471683502197
159,-40,8.76356410980225
160,-40,9.35066699981689
161,-40,9.92541122436523
162,-40,10.4720935821533
163,-40,8.72681999206543
164,-40,9.98245239257812
165,-40,13.3351554870605
166,-40,16.0826950073242
167,-40,13.676586151123
168,-40,13.8170833587646
169,-40,12.7953987121582
170,-40,13.8686847686768
171,-40,12.4203252792358
172,-40,10.2202835083008
173,-40,12.5104913711548
174,-40,11.6167230606079
175,-40,12.3781414031982
176,-40,15.7624998092651
177,-40,14.2612209320068
178,-40,14.7685375213623
179,-40,12.2351608276367
180,-40,12.4104709625244
181,-40,10.071044921875
182,-40,10.6998052597046
183,-40,10.0896215438843
184,-40,9.23058700561523
185,-40,9.05101203918457
186,-40,7.29679441452026
187,-40,8.58337211608887
188,-40,8.87480449676514
189,-40,11.593113899231
190,-40,12.2593507766724
191,-40,10.5480155944824
192,-40,10.9971485137939
193,-40,11.1700439453125
194,-40,10.7322664260864
195,-40,11.6162538528442
196,-40,10.1373672485352
197,-40,11.2092819213867
198,-40,11.0268115997314
199,-40,10.1604270935059
200,-40,10.5682411193848
201,-40,10.3167819976807
202,-40,9.18485069274902
203,-40,6.99144840240479
204,-40,7.41221904754639
205,-40,8.08912563323975
206,-40,8.68054866790772
207,-40,8.20610046386719
208,-40,7.52105951309204
209,-40,10.2667484283447
210,-40,8.21241760253906
211,-40,7.31623220443726
212,-40,8.7314043045044
213,-40,9.57349681854248
214,-40,11.0888423919678
215,-40,12.2536487579346
216,-40,12.5308685302734
217,-40,11.844877243042
218,-40,10.868613243103
219,-40,9.34499263763428
220,-40,9.40115547180176
221,-40,9.49771976470947
222,-40,11.3161897659302
223,-40,9.64100551605225
224,-40,8.85690116882324
225,-40,8.99855995178223
226,-40,9.48806190490723
227,-40,9.89877223968506
228,-40,10.856273651123
229,-40,14.5251159667969
230,-40,17.3470191955566
231,-40,15.9099655151367
232,-40,18.9156532287598
233,-40,20.106424331665
234,-40,31.6930503845215
235,-40,40.9124374389648
236,-40,50.1790809631348
237,-40,48.6826324462891
238,-40,45.627815246582
239,-40,53.1874809265137
240,-40,57.8283233642578
241,-40,59.0715522766113
242,-40,81.5001907348633
243,-40,89.7509231567383
244,-40,90.8562850952148
245,-40,117.722122192383
246,-40,132.903106689453
247,-40,139.229446411133
248,-40,119.781600952148
249,-40,97.5135192871094
250,-40,104.624160766602
251,-40,105.43864440918
252,-40,125.514083862305
253,-40,615.68603515625
254,-40,1073.396484375
255,-40,712.639404296875
256,-40,1459.11083984375
257,-40,1279.7041015625
258,-40,374.036651611328
259,-40,278.314788818359
260,-40,187.528793334961
261,-40,122.747421264648
262,-40,110.288345336914
263,-40,119.289543151855
264,-40,70.2611846923828
265,-40,52.9847106933594
266,-40,46.4228210449219
267,-40,35.1691207885742
268,-40,26.0303268432617
269,-40,20.6707305908203
270,-40,14.2765007019043
271,-40,14.8919124603271
272,-40,13.3311643600464
273,-40,11.2229347229004
274,-40,11.8088989257813
275,-40,8.6949405670166
276,-40,10.8935918807983
277,-40,10.2864465713501
278,-40,9.24307632446289
279,-40,10.0929222106934
280,-40,9.53966426849365
281,-40,9.61806678771973
282,-40,7.50837516784668
283,-40,8.38369941711426
284,-40,9.22309303283691
285,-40,11.7627105712891
286,-40,12.3744888305664
287,-40,11.8131647109985
288,-40,10.8690042495728
289,-40,10.9140625
290,-40,10.9623003005981
291,-40,10.3403301239014
292,-40,11.6609687805176
293,-40,14.2747926712036
294,-40,11.9230852127075
295,-40,10.0800762176514
296,-40,7.63725566864014
297,-40,6.93898344039917
298,-40,7.63058423995972
299,-40,8.77606868743897
300,-40,8.53106689453125
301,-40,7.6442232131958
302,-40,6.17528629302979
91,-39,6.40363597869873
92,-39,7.73645687103272
93,-39,8.09150218963623
94,-39,8.2672643661499
95,-39,10.2839660644531
96,-39,11.0112161636353
97,-39,8.81307983398438
98,-39,8.52349090576172
99,-39,8.03290271759033
100,-39,7.80363368988037
101,-39,10.2340450286865
102,-39,11.4205093383789
103,-39,11.7796726226807
104,-39,13.5158195495605
105,-39,14.3324251174927
106,-39,13.8429088592529
107,-39,17.7720203399658
108,-39,31.9245948791504
109,-39,34.531379699707
110,-39,36.4161796569824
111,-39,42.7154769897461
112,-39,39.6429443359375
113,-39,41.2099075317383
114,-39,45.415210723877
115,-39,53.883487701416
116,-39,72.3694000244141
117,-39,78.4978866577148
118,-39,78.2796783447266
119,-39,83.6426162719727
120,-39,103.650886535645
121,-39,136.891784667969
122,-39,184.556381225586
123,-39,202.286285400391
124,-39,206.399139404297
125,-39,197.369369506836
126,-39,204.771362304688
127,-39,153.098602294922
128,-39,197.491622924805
129,-39,231.248199462891
130,-39,139.156265258789
131,-39,125.664360046387
132,-39,100.212356567383
133,-39,81.6860504150391
134,-39,68.4263153076172
135,-39,56.8031616210938
136,-39,52.7037925720215
137,-39,39.8245468139648
138,-39,33.6594085693359
139,-39,31.9406757354736
140,-39,28.1164302825928
141,-39,28.2369480133057
142,-39,38.4247131347656
143,-39,46.5801544189453
144,-39,32.8793869018555
145,-39,26.0153770446777
146,-39,18.9447784423828
147,-39,20.8700714111328
148,-39,22.3299903869629
149,-39,14.0330467224121
150,-39,12.0522346496582
151,-39,11.0249004364014
152,-39,12.6691465377808
153,-39,14.6673526763916
154,-39,14.1286926269531
155,-39,11.3534812927246
156,-39,9.47863388061523
157,-39,8.89946460723877
158,-39,7.75689363479614
159,-39,6.97111511230469
160,-39,7.50146293640137
161,-39,8.29467868804932
162,-39,9.00840282440186
163,-39,10.0186176300049
164,-39,10.5578746795654
165,-39,13.8579082489014
166,-39,12.9924068450928
167,-39,13.7641572952271
168,-39,14.5828151702881
169,-39,12.5408000946045
170,-39,10.4456043243408
171,-39,9.20261192321777
172,-39,10.315616607666
173,-39,11.6432456970215
174,-39,13.6667814254761
175,-39,13.7713136672974
176,-39,10.99582862854
177,-39,12.2708234786987
178,-39,12.5575361251831
179,-39,14.9385471343994
180,-39,11.1392183303833
181,-39,9.4319372177124
182,-39,7.6886682510376
183,-39,8.27067279815674
184,-39,9.03718566894531
185,-39,9.1157808303833
186,-39,8.3640604019165
187,-39,8.82041072845459
188,-39,9.22064876556396
189,-39,9.20498657226562
190,-39,8.96373653411865
191,-39,8.55315971374512
192,-39,9.77134990692139
193,-39,9.90066528320312
194,-39,10.3488025665283
195,-39,10.529634475708
196,-39,10.502516746521
197,-39,11.1678199768066
198,-39,9.64688968658447
199,-39,8.63549709320068
200,-39,7.79685688018799
201,-39,9.08197212219238
202,-39,8.83710861206055
203,-39,6.7626953125
204,-39,7.40875673294067
205,-39,7.71502923965454
206,-39,6.89068841934204
207,-39,7.00917148590088
208,-39,6.71003818511963
209,-39,8.63003158569336
210,-39,8.45150852203369
211,-39,8.42538261413574
212,-39,7.66119194030762
213,-39,8.24651050567627
214,-39,11.4791994094849
215,-39,11.5048780441284
216,-39,10.5300807952881
217,-39,11.9940204620361
218,-39,11.9061708450317
219,-39,10.5546617507935
220,-39,10.9504556655884
221,-39,12.1794242858887
222,-39,11.6314468383789
223,-39,9.97129249572754
224,-39,9.60804653167725
225,-39,8.0112476348877
226,-39,7.60434770584106
227,-39,9.4419116973877
228,-39,10.2439603805542
229,-39,11.3477411270142
230,-39,14.830379486084
231,-39,20.0373878479004
232,-39,19.6258029937744
233,-39,18.8684616088867
234,-39,18.9625682830811
235,-39,33.0828742980957
236,-39,40.2722663879395
237,-39,43.2232208251953
238,-39,46.7695655822754
239,-39,55.0960426330567
240,-39,55.8982009887695
241,-39,93.4079360961914
242,-39,105.847236633301
243,-39,94.4361267089844
244,-39,86.1864624023438
245,-39,92.5042343139648
246,-39,101.643943786621
247,-39,107.213188171387
248,-39,106.598388671875
249,-39,93.8813400268555
250,-39,86.4506454467774
251,-39,95.0839462280273
252,-39,116.365608215332
253,-39,204.889068603516
254,-39,288.450286865234
255,-39,444.819580078125
256,-39,527.12060546875
257,-39,1328.43774414063
258,-39,926.940368652344
259,-39,1253.37255859375
260,-39,288.131469726563
261,-39,158.379516601563
262,-39,173.537414550781
263,-39,157.638244628906
264,-39,120.7529296875
265,-39,81.0030975341797
266,-39,52.6910247802734
267,-39,40.7656707763672
268,-39,32.8526039123535
269,-39,26.0387363433838
270,-39,16.6377964019775
271,-39,14.4294242858887
272,-39,11.8784646987915
273,-39,11.0511569976807
274,-39,11.2703399658203
275,-39,12.8155422210693
276,-39,9.98387718200684
277,-39,9.78079795837402
278,-39,10.7422189712524
279,-39,9.67231750488281
280,-39,9.38896751403809
281,-39,10.4709024429321
282,-39,9.92439556121826
283,-39,9.34199142456055
284,-39,11.009464263916
285,-39,11.3236999511719
286,-39,13.7773237228394
287,-39,15.3914108276367
288,-39,24.1049308776856
289,-39,24.1291236877441
290,-39,18.1968154907227
291,-39,12.7746887207031
292,-39,15.1997852325439
293,-39,16.70973777771
294,-39,17.3915748596191
295,-39,11.6717081069946
296,-39,8.31457328796387
297,-39,7.99298572540283
298,-39,9.20730018615723
299,-39,7.50226354598999
300,-39,9.11044979095459
301,-39,9.63941287994385
302,-39,9.53890895843506
303,-39,6.23019504547119
319,-39,7.06522655487061
320,-39,7.49699306488037
92,-38,8.01445293426514
93,-38,9.37661075592041
94,-38,8.64705944061279
95,-38,8.73824119567871
96,-38,10.0219535827637
97,-38,8.73446559906006
98,-38,8.41065311431885
99,-38,9.13187599182129
100,-38,9.44060611724854
101,-38,10.5243740081787
102,-38,15.3934488296509
103,-38,15.126392364502
104,-38,19.0495109558105
105,-38,20.9233856201172
106,-38,16.6622295379639
107,-38,34.2304840087891
108,-38,28.0547428131104
109,-38,27.9616451263428
110,-38,35.3965301513672
111,-38,37.1797256469727
112,-38,42.3907356262207
113,-38,42.232536315918
114,-38,42.3365707397461
115,-38,59.5922546386719
116,-38,74.3104858398438
117,-38,77.4982147216797
118,-38,103.804130554199
119,-38,95.8163833618164
120,-38,112.123840332031
121,-38,143.35807800293
122,-38,128.007934570313
123,-38,150.277267456055
124,-38,154.995819091797
125,-38,123.565467834473
126,-38,143.016082763672
127,-38,185.257064819336
128,-38,137.865447998047
129,-38,100.440101623535
130,-38,68.519401550293
131,-38,74.3707504272461
132,-38,66.2274780273438
133,-38,50.5073089599609
134,-38,49.5358047485352
135,-38,48.6195259094238
136,-38,44.506664276123
137,-38,38.4498672485352
138,-38,32.3610534667969
139,-38,23.1052303314209
140,-38,21.9959163665771
141,-38,21.9799690246582
142,-38,25.9410572052002
143,-38,30.7046222686768
144,-38,27.6339492797852
145,-38,19.2775688171387
146,-38,15.5218353271484
147,-38,18.0067806243897
148,-38,17.6140365600586
149,-38,12.7870626449585
150,-38,10.5567169189453
151,-38,9.01955699920654
152,-38,9.10279750823975
153,-38,9.34025382995605
154,-38,9.21018600463867
155,-38,8.0716552734375
156,-38,8.3199405670166
157,-38,7.42972373962402
158,-38,7.17618370056152
159,-38,6.125563621521
160,-38,6.66736841201782
162,-38,7.87850379943848
163,-38,10.0615100860596
164,-38,11.0114965438843
165,-38,12.4809284210205
166,-38,11.8407001495361
167,-38,14.0205202102661
168,-38,16.0004177093506
169,-38,14.1482095718384
170,-38,11.4356498718262
171,-38,9.8691577911377
172,-38,9.59569835662842
173,-38,11.9891033172607
174,-38,12.4218664169312
175,-38,10.6379461288452
176,-38,9.63552665710449
177,-38,10.8780117034912
178,-38,12.5597324371338
179,-38,13.329345703125
180,-38,7.8120059967041
181,-38,7.37699747085571
182,-38,7.64462518692017
183,-38,8.76456451416016
184,-38,8.8704080581665
185,-38,8.37620735168457
186,-38,7.56047439575195
187,-38,7.47804403305054
188,-38,7.21584701538086
189,-38,7.16015481948853
190,-38,7.56446027755737
191,-38,6.16052055358887
192,-38,6.69999504089356
193,-38,7.62046623229981
194,-38,7.35878276824951
195,-38,7.05575656890869
196,-38,6.98459577560425
197,-38,7.20583057403565
198,-38,6.85368633270264
199,-38,7.06073427200317
200,-38,6.8581018447876
201,-38,7.10886955261231
202,-38,6.86999416351318
204,-38,6.37827587127686
206,-38,7.38689136505127
207,-38,7.55804300308228
208,-38,8.22072219848633
209,-38,8.51136589050293
210,-38,9.26434421539307
211,-38,7.08119773864746
212,-38,6.55142307281494
213,-38,7.04888105392456
214,-38,7.22455215454102
215,-38,7.77959728240967
216,-38,9.66150760650635
217,-38,9.72604370117188
218,-38,10.2942743301392
219,-38,8.90956783294678
220,-38,8.59014320373535
221,-38,8.9063720703125
222,-38,7.70137119293213
223,-38,8.78686141967773
224,-38,8.84490966796875
225,-38,8.14797401428223
226,-38,8.41558170318604
227,-38,9.55278587341309
228,-38,10.6109714508057
229,-38,10.5719776153564
230,-38,12.3843574523926
231,-38,16.2271556854248
232,-38,21.5440368652344
233,-38,27.5455188751221
234,-38,29.5316619873047
235,-38,27.0643482208252
236,-38,32.8120803833008
237,-38,35.993465423584
238,-38,48.132209777832
239,-38,43.080623626709
240,-38,42.626594543457
241,-38,59.712646484375
242,-38,94.124641418457
243,-38,95.0322723388672
244,-38,103.81867980957
245,-38,112.249015808105
246,-38,89.1255874633789
247,-38,83.1180114746094
248,-38,70.4777679443359
249,-38,72.0298614501953
250,-38,80.4791717529297
251,-38,91.2005157470703
252,-38,131.605667114258
253,-38,132.435028076172
254,-38,168.172271728516
255,-38,238.757537841797
256,-38,383.825561523438
257,-38,675.457641601563
258,-38,1276.55944824219
259,-38,1084.66979980469
260,-38,905.627746582031
261,-38,370.985168457031
262,-38,241.980072021484
263,-38,149.528762817383
264,-38,146.869049072266
265,-38,96.6486740112305
266,-38,70.6349182128906
267,-38,48.1905326843262
268,-38,36.374439239502
269,-38,29.560432434082
270,-38,19.6648750305176
271,-38,14.8018407821655
272,-38,14.4362735748291
273,-38,13.6064434051514
274,-38,12.4030685424805
275,-38,12.749888420105
276,-38,10.2665138244629
277,-38,11.0037479400635
278,-38,11.8148393630981
279,-38,11.3764371871948
280,-38,10.5546798706055
281,-38,10.0616550445557
282,-38,10.1047563552856
283,-38,14.305027961731
284,-38,15.8365058898926
285,-38,27.6401615142822
286,-38,38.3771553039551
287,-38,32.2397308349609
288,-38,41.0462608337402
289,-38,31.3872795104981
290,-38,28.3725872039795
291,-38,27.7940292358398
292,-38,19.1229801177979
293,-38,15.7356224060059
294,-38,17.1877765655518
295,-38,15.12024974823
296,-38,11.4441614151001
297,-38,10.1568794250488
298,-38,9.5427417755127
299,-38,9.60275840759277
300,-38,8.7031774520874
301,-38,8.50392246246338
302,-38,8.3208532333374
303,-38,6.36731052398682
319,-38,6.74589157104492
320,-38,10.1823492050171
321,-38,8.90027618408203
322,-38,6.39325952529907
91,-37,8.29098224639893
92,-37,9.06639575958252
93,-37,7.162428855896
94,-37,7.45643949508667
95,-37,6.81110334396362
96,-37,8.56790351867676
97,-37,8.53421115875244
98,-37,10.735333442688
99,-37,11.0417613983154
100,-37,13.3394374847412
101,-37,14.7843446731567
102,-37,17.9444370269775
103,-37,19.1609764099121
104,-37,22.3741188049316
105,-37,24.8076171875
106,-37,35.6300888061523
107,-37,29.4914569854736
108,-37,19.0543746948242
109,-37,28.4404182434082
110,-37,33.0472030639648
111,-37,36.0929336547852
112,-37,41.3442268371582
113,-37,47.3979225158691
114,-37,49.6188659667969
115,-37,55.2742042541504
116,-37,63.6050834655762
117,-37,93.0186080932617
118,-37,126.165336608887
119,-37,128.239868164063
120,-37,111.200706481934
121,-37,108.691673278809
122,-37,103.140678405762
123,-37,117.511657714844
124,-37,104.547714233398
125,-37,84.6352767944336
126,-37,91.5145721435547
127,-37,92.4487762451172
128,-37,82.2044830322266
129,-37,65.7694244384766
130,-37,56.3239364624024
131,-37,65.4665374755859
132,-37,55.2530670166016
133,-37,48.8515129089356
134,-37,54.0065841674805
135,-37,54.9874954223633
136,-37,48.1694450378418
137,-37,33.6219673156738
138,-37,24.7024765014648
139,-37,20.6925811767578
140,-37,17.986873626709
141,-37,16.6745071411133
142,-37,17.0820560455322
143,-37,17.4353904724121
144,-37,18.8238143920898
145,-37,16.9106845855713
146,-37,16.8746910095215
147,-37,16.0041999816895
148,-37,12.024754524231
149,-37,12.2065601348877
150,-37,11.4306287765503
151,-37,9.83789825439453
152,-37,10.1242218017578
153,-37,8.89767169952393
154,-37,6.72626161575317
155,-37,6.25476837158203
157,-37,7.15348529815674
158,-37,8.33831024169922
159,-37,7.23622274398804
162,-37,6.18210792541504
163,-37,7.48433971405029
164,-37,8.88407611846924
165,-37,10.1799745559692
166,-37,11.0803718566895
167,-37,10.8384647369385
168,-37,11.2800712585449
169,-37,13.2203588485718
170,-37,11.165864944458
171,-37,13.7957420349121
172,-37,10.5862722396851
173,-37,11.2484884262085
174,-37,12.027853012085
175,-37,10.9167823791504
176,-37,9.82839488983154
177,-37,9.19472599029541
178,-37,8.73543453216553
179,-37,9.47831344604492
180,-37,8.14673042297363
181,-37,7.21986389160156
182,-37,8.17517375946045
183,-37,9.57296085357666
184,-37,10.1657066345215
185,-37,8.92826271057129
186,-37,8.37270259857178
187,-37,6.87533807754517
188,-37,6.57468271255493
189,-37,7.11374235153198
190,-37,7.39958143234253
191,-37,6.85540676116943
192,-37,6.38474941253662
195,-37,6.14521884918213
196,-37,6.36403751373291
200,-37,6.20794010162354
201,-37,7.36528873443604
202,-37,6.79311513900757
203,-37,6.79708385467529
206,-37,6.74314022064209
207,-37,7.46893358230591
208,-37,7.25142526626587
209,-37,7.95426750183106
210,-37,7.9444580078125
211,-37,8.31647300720215
212,-37,6.97845506668091
213,-37,6.49584627151489
215,-37,6.97153043746948
216,-37,7.64875936508179
217,-37,8.02868747711182
218,-37,9.41880226135254
219,-37,8.14764785766602
220,-37,8.04136753082275
221,-37,7.98583316802979
222,-37,7.88045787811279
223,-37,7.66732931137085
224,-37,8.03886795043945
225,-37,8.18726539611816
226,-37,8.40871238708496
227,-37,10.7792177200317
228,-37,10.9425830841064
229,-37,10.7390727996826
230,-37,13.7156448364258
231,-37,18.7724933624268
232,-37,27.2811412811279
233,-37,38.3435134887695
234,-37,51.8557052612305
235,-37,31.933780670166
236,-37,33.2879486083984
237,-37,32.6632385253906
238,-37,44.1168785095215
239,-37,48.2290191650391
240,-37,47.1973075866699
241,-37,64.1626205444336
242,-37,83.8222427368164
243,-37,106.809432983398
244,-37,123.394760131836
245,-37,120.772071838379
246,-37,80.7785949707031
247,-37,81.4084777832031
248,-37,76.1174163818359
249,-37,88.9364624023438
250,-37,98.1436996459961
251,-37,95.9580230712891
252,-37,75.2426605224609
253,-37,95.1301727294922
254,-37,154.107467651367
255,-37,162.552047729492
256,-37,292.642822265625
257,-37,403.071594238281
258,-37,764.149536132813
259,-37,1400.20520019531
260,-37,1171.37060546875
261,-37,631.216552734375
262,-37,568.69384765625
263,-37,173.839569091797
264,-37,158.505828857422
265,-37,122.563262939453
266,-37,81.1991577148438
267,-37,61.8110771179199
268,-37,44.5346069335938
269,-37,37.0443878173828
270,-37,24.7014007568359
271,-37,17.3104209899902
272,-37,14.9789323806763
273,-37,12.3080768585205
274,-37,12.7624473571777
275,-37,13.1257934570313
276,-37,11.7381038665771
277,-37,11.5839805603027
278,-37,11.5551300048828
279,-37,12.4036045074463
280,-37,9.60664367675781
281,-37,8.76022052764893
282,-37,10.8844680786133
283,-37,11.8001375198364
284,-37,54.4924201965332
285,-37,109.247367858887
286,-37,45.6978569030762
287,-37,41.6242218017578
288,-37,43.8585510253906
289,-37,46.9900245666504
290,-37,40.6769523620606
291,-37,25.3304023742676
292,-37,21.4047508239746
293,-37,16.3962478637695
294,-37,20.5081157684326
295,-37,20.1695671081543
296,-37,19.1224880218506
297,-37,12.9578342437744
298,-37,9.59369564056396
299,-37,10.9940242767334
300,-37,9.12533283233643
301,-37,7.30508136749268
302,-37,7.50357723236084
303,-37,6.17814826965332
304,-37,6.55366849899292
314,-37,6.90883016586304
315,-37,7.38593530654907
316,-37,6.53636407852173
317,-37,6.34696674346924
320,-37,7.84389305114746
321,-37,7.2031569480896
322,-37,6.52595281600952
91,-36,7.11621809005737
92,-36,8.20772171020508
96,-36,6.54425382614136
97,-36,7.76712703704834
98,-36,8.69641876220703
99,-36,10.2074823379517
100,-36,12.277286529541
101,-36,14.7101144790649
102,-36,18.4496040344238
103,-36,20.3073463439941
104,-36,29.5483589172363
105,-36,20.8971309661865
106,-36,33.6414794921875
107,-36,55.6162605285645
108,-36,24.5904884338379
109,-36,27.4167022705078
110,-36,29.4526863098145
111,-36,39.333667755127
112,-36,40.7835388183594
113,-36,43.1551170349121
114,-36,56.1642150878906
115,-36,77.081916809082
116,-36,107.889457702637
117,-36,125.50675201416
118,-36,162.974670410156
119,-36,225.829391479492
120,-36,163.392303466797
121,-36,157.548370361328
122,-36,146.867126464844
123,-36,209.869674682617
124,-36,171.606307983398
125,-36,200.850311279297
126,-36,89.5652923583984
127,-36,87.1639556884766
128,-36,64.9538421630859
129,-36,45.8977813720703
130,-36,46.6714859008789
131,-36,50.6759643554688
132,-36,46.9957542419434
133,-36,47.9938163757324
134,-36,44.3294296264649
135,-36,45.8405494689941
136,-36,42.3327102661133
137,-36,30.3014259338379
138,-36,22.0356254577637
139,-36,19.4180908203125
140,-36,18.2754497528076
141,-36,16.8148365020752
142,-36,18.3839817047119
143,-36,15.3164281845093
144,-36,15.641508102417
145,-36,18.3771457672119
146,-36,18.252010345459
147,-36,15.1502199172974
148,-36,12.4205799102783
149,-36,13.4197444915771
150,-36,12.6711549758911
151,-36,11.2382488250732
152,-36,11.1750450134277
153,-36,11.0997076034546
154,-36,10.2825517654419
155,-36,6.99263334274292
156,-36,6.88796806335449
157,-36,7.40228271484375
158,-36,7.86438369750977
159,-36,8.64008903503418
162,-36,6.04056930541992
163,-36,6.40349388122559
164,-36,7.40249061584473
165,-36,8.5728874206543
166,-36,10.5726861953735
167,-36,10.5561800003052
168,-36,10.8030490875244
169,-36,9.37917232513428
170,-36,9.65828895568848
171,-36,10.5986566543579
172,-36,9.87052536010742
173,-36,10.4101638793945
174,-36,10.9909744262695
175,-36,11.4445533752441
176,-36,9.93954849243164
177,-36,9.41284847259521
178,-36,7.96271133422852
179,-36,8.70007133483887
180,-36,7.18725299835205
181,-36,7.47129344940186
182,-36,8.29056835174561
183,-36,7.5468339920044
184,-36,7.71790552139282
185,-36,7.84002828598023
186,-36,7.42886018753052
187,-36,6.0600175857544
188,-36,6.71363019943237
189,-36,7.16434192657471
190,-36,6.80946922302246
191,-36,6.67853307723999
192,-36,6.74272155761719
201,-36,6.50788402557373
202,-36,6.69003963470459
206,-36,6.73674488067627
207,-36,7.3879337310791
208,-36,7.00360918045044
209,-36,6.3325366973877
210,-36,7.92615795135498
211,-36,7.67635345458984
212,-36,6.26848793029785
213,-36,6.8696174621582
214,-36,6.81848382949829
215,-36,7.35307264328003
216,-36,6.62258529663086
217,-36,6.65156269073486
218,-36,7.4287896156311
219,-36,8.05062580108643
220,-36,8.78824615478516
221,-36,8.90762329101563
222,-36,7.95676517486572
223,-36,8.88675308227539
224,-36,8.64922046661377
225,-36,10.6864242553711
226,-36,10.1788177490234
227,-36,11.9459686279297
228,-36,13.5468883514404
229,-36,19.4211311340332
230,-36,23.886962890625
231,-36,27.0371036529541
232,-36,48.1686401367188
233,-36,63.8466606140137
234,-36,42.3657531738281
235,-36,48.1697807312012
236,-36,41.8854293823242
237,-36,43.7073554992676
238,-36,42.8530197143555
239,-36,36.4094696044922
240,-36,44.2902069091797
241,-36,52.1291427612305
242,-36,58.0628509521484
243,-36,73.465217590332
244,-36,71.4800491333008
245,-36,81.5719223022461
246,-36,75.0483932495117
247,-36,77.9773712158203
248,-36,79.0514678955078
249,-36,94.6734085083008
250,-36,103.880874633789
251,-36,106.566093444824
252,-36,103.009033203125
253,-36,98.1899490356445
254,-36,127.488998413086
255,-36,147.494338989258
256,-36,199.291976928711
257,-36,295.533264160156
258,-36,671.43505859375
259,-36,2273.05200195313
260,-36,1177.08117675781
261,-36,1426.25842285156
262,-36,684.978637695313
263,-36,271.581848144531
264,-36,159.884490966797
265,-36,131.978820800781
266,-36,83.8521499633789
267,-36,57.7720222473145
268,-36,54.5550804138184
269,-36,44.5163116455078
270,-36,30.4868221282959
271,-36,22.2182064056397
272,-36,18.8292808532715
273,-36,17.598991394043
274,-36,14.3648567199707
275,-36,12.7883949279785
276,-36,10.2543983459473
277,-36,10.5810461044312
278,-36,13.1815996170044
279,-36,12.8331918716431
280,-36,11.0459699630737
281,-36,9.59426307678223
282,-36,10.722053527832
283,-36,10.6879940032959
284,-36,10.1089839935303
285,-36,11.5807962417603
286,-36,11.0570011138916
287,-36,11.5029716491699
288,-36,10.1583614349365
289,-36,14.4464359283447
290,-36,17.1945457458496
291,-36,24.7802486419678
292,-36,19.1384468078613
293,-36,18.0095901489258
294,-36,28.7549686431885
295,-36,25.0375308990479
296,-36,22.9120330810547
297,-36,15.575023651123
298,-36,9.85329914093018
299,-36,9.99317169189453
300,-36,9.34072113037109
301,-36,8.99977970123291
302,-36,8.09755706787109
303,-36,10.0336122512817
304,-36,6.94576787948608
311,-36,6.10259246826172
312,-36,6.57421350479126
313,-36,6.94900560379028
314,-36,7.1501841545105
315,-36,7.5322413444519
316,-36,8.82096004486084
317,-36,9.98527526855469
318,-36,7.18956184387207
319,-36,7.62026309967041
320,-36,8.94613456726074
321,-36,10.693751335144
322,-36,10.4152994155884
323,-36,7.28077602386475
95,-35,6.60736274719238
96,-35,6.37009143829346
97,-35,8.54222011566162
98,-35,10.0536613464355
99,-35,10.5979137420654
100,-35,9.49959564208984
101,-35,12.8962497711182
102,-35,18.5794448852539
103,-35,23.0788116455078
104,-35,27.3085651397705
105,-35,17.2882804870605
106,-35,19.40452003479
107,-35,24.076078414917
108,-35,23.4787292480469
109,-35,26.039306640625
110,-35,30.1884078979492
111,-35,32.1650047302246
112,-35,33.5371398925781
113,-35,45.8933792114258
114,-35,70.1904296875
115,-35,90.1102905273438
116,-35,103.367538452148
117,-35,158.301727294922
118,-35,168.446060180664
119,-35,147.240325927734
120,-35,133.001373291016
121,-35,139.445983886719
122,-35,95.2766723632813
123,-35,97.4910430908203
124,-35,187.128936767578
125,-35,77.8636245727539
126,-35,69.6938705444336
127,-35,75.6337356567383
128,-35,54.0812950134277
129,-35,40.963077545166
130,-35,41.6454315185547
131,-35,44.6584777832031
132,-35,40.3636627197266
133,-35,45.3847618103027
134,-35,45.6592292785645
135,-35,38.7481842041016
136,-35,39.6551475524902
137,-35,37.4389801025391
138,-35,29.3878440856934
139,-35,24.5914497375488
140,-35,22.5062503814697
141,-35,18.6218090057373
142,-35,18.8258857727051
143,-35,16.7155914306641
144,-35,16.2222061157227
145,-35,17.6140899658203
146,-35,16.7086753845215
147,-35,14.4014282226563
148,-35,13.6750965118408
149,-35,13.6315784454346
150,-35,13.0728063583374
151,-35,10.2208671569824
152,-35,11.6099309921265
153,-35,11.1471214294434
154,-35,11.1483068466187
155,-35,9.70973777770996
156,-35,8.46031188964844
157,-35,9.38195991516113
158,-35,9.21289348602295
159,-35,9.67634868621826
160,-35,7.78624391555786
161,-35,7.24215793609619
162,-35,6.71238517761231
163,-35,7.41752195358276
164,-35,6.61953353881836
165,-35,7.63100385665894
166,-35,7.96993255615234
167,-35,7.04069185256958
168,-35,7.81444787979126
169,-35,8.27327537536621
170,-35,8.78134727478027
171,-35,7.9040117263794
172,-35,7.5168023109436
173,-35,7.71873188018799
174,-35,9.60407257080078
175,-35,9.97274684906006
176,-35,10.5103816986084
177,-35,8.67587375640869
178,-35,8.07095527648926
179,-35,8.94132518768311
180,-35,7.84069967269898
181,-35,8.29559421539307
182,-35,8.24822235107422
183,-35,7.20235967636108
184,-35,7.02203607559204
185,-35,6.95161962509155
186,-35,6.49448251724243
187,-35,6.05216407775879
188,-35,6.44614887237549
189,-35,7.11786699295044
190,-35,7.70342445373535
191,-35,6.68045711517334
192,-35,6.38949108123779
200,-35,6.53523778915405
201,-35,6.60512638092041
206,-35,6.86773061752319
207,-35,6.92573022842407
208,-35,7.14046239852905
209,-35,6.73781251907349
210,-35,7.44249534606934
211,-35,7.19379186630249
212,-35,6.95691013336182
213,-35,6.20088911056519
214,-35,6.86304235458374
215,-35,7.58068466186523
216,-35,7.95138168334961
217,-35,6.60898923873901
218,-35,6.7501163482666
219,-35,8.83755397796631
220,-35,10.3151721954346
221,-35,9.57024383544922
222,-35,9.14890098571777
223,-35,9.96379852294922
224,-35,10.9333038330078
225,-35,12.2348365783691
226,-35,15.7002792358398
227,-35,17.2583141326904
228,-35,26.8235836029053
229,-35,45.0578880310059
230,-35,46.6979904174805
231,-35,40.3603591918945
232,-35,39.6780738830566
233,-35,52.915828704834
234,-35,67.5586242675781
235,-35,64.1117706298828
236,-35,77.0603942871094
237,-35,46.403564453125
238,-35,38.9787559509277
239,-35,35.796989440918
240,-35,36.8324851989746
241,-35,34.7185440063477
242,-35,34.3082962036133
243,-35,52.1141319274902
244,-35,72.4027481079102
245,-35,64.7435302734375
246,-35,67.3500442504883
247,-35,58.149959564209
248,-35,60.4607238769531
249,-35,77.0417861938477
250,-35,86.7732086181641
251,-35,86.0090255737305
252,-35,88.5037078857422
253,-35,90.4822998046875
254,-35,84.203498840332
255,-35,83.1283264160156
256,-35,119.703094482422
257,-35,150.802093505859
258,-35,140.264190673828
259,-35,480.565155029297
260,-35,1202.72937011719
261,-35,1502.45788574219
262,-35,666.447875976563
263,-35,334.622772216797
264,-35,192.232986450195
265,-35,118.488693237305
266,-35,87.0482635498047
267,-35,61.1365585327149
268,-35,54.8217163085938
269,-35,43.1837577819824
270,-35,35.2739181518555
271,-35,29.4761257171631
272,-35,28.3333892822266
273,-35,19.9103755950928
274,-35,16.4760932922363
275,-35,13.0349340438843
276,-35,11.1445846557617
277,-35,11.2879886627197
278,-35,12.0503482818604
279,-35,12.5333385467529
280,-35,11.6422414779663
281,-35,10.3179779052734
282,-35,11.2210969924927
283,-35,11.3459205627441
284,-35,10.4662637710571
285,-35,10.0286378860474
286,-35,9.29240989685059
287,-35,7.86681938171387
288,-35,9.12698936462402
289,-35,10.8983507156372
290,-35,13.7359552383423
291,-35,13.2370805740356
292,-35,14.5487909317017
293,-35,16.2867736816406
294,-35,19.8984851837158
295,-35,21.9077568054199
296,-35,18.3482398986816
297,-35,16.0410499572754
298,-35,11.248254776001
299,-35,10.3712368011475
300,-35,9.43983840942383
301,-35,11.6187496185303
302,-35,10.0368404388428
303,-35,8.96775627136231
304,-35,7.8937201499939
311,-35,6.37714385986328
312,-35,6.50428009033203
313,-35,7.42085361480713
314,-35,7.63280200958252
315,-35,8.26306533813477
316,-35,8.36487197875977
317,-35,10.9811115264893
318,-35,9.72891139984131
319,-35,10.2882270812988
320,-35,9.97730445861816
321,-35,9.1228551864624
322,-35,7.42693710327148
96,-34,6.6688175201416
97,-34,9.10011291503906
98,-34,9.32593631744385
99,-34,9.6027946472168
100,-34,8.90579414367676
101,-34,12.3103656768799
102,-34,17.0290908813477
103,-34,20.116735458374
104,-34,20.6186389923096
105,-34,17.1982173919678
106,-34,14.1370143890381
107,-34,16.1372509002686
108,-34,15.8012924194336
109,-34,18.9348754882813
110,-34,24.3772201538086
111,-34,27.0278644561768
112,-34,40.3254928588867
113,-34,54.1445693969727
114,-34,80.1033172607422
115,-34,140.257949829102
116,-34,158.524566650391
117,-34,177.449356079102
118,-34,149.603439331055
119,-34,112.040512084961
120,-34,99.1519012451172
121,-34,92.1459121704102
122,-34,74.993782043457
123,-34,61.0753631591797
124,-34,50.6657562255859
125,-34,62.4898338317871
126,-34,60.3660469055176
127,-34,53.699275970459
128,-34,42.6016845703125
129,-34,36.7428512573242
130,-34,35.0789184570313
131,-34,36.7378425598145
132,-34,35.9433784484863
133,-34,35.7039031982422
134,-34,40.9271354675293
135,-34,41.9810409545898
136,-34,36.5046310424805
137,-34,32.8411750793457
138,-34,27.4594573974609
139,-34,24.7319412231445
140,-34,24.5869274139404
141,-34,21.4402313232422
142,-34,17.3033676147461
143,-34,15.7394342422485
144,-34,14.2857112884521
145,-34,14.8314189910889
146,-34,13.7767753601074
147,-34,11.8719053268433
148,-34,10.931941986084
149,-34,10.6088066101074
150,-34,9.94196128845215
151,-34,10.3626079559326
152,-34,10.671760559082
153,-34,10.459734916687
154,-34,10.8799676895142
155,-34,11.3806629180908
156,-34,10.5517511367798
157,-34,8.83594417572022
158,-34,7.80796957015991
159,-34,8.58550834655762
160,-34,6.9835352897644
161,-34,7.18221807479858
162,-34,7.72983169555664
163,-34,7.49200487136841
164,-34,7.41829204559326
165,-34,6.98466444015503
166,-34,7.28579378128052
167,-34,9.67778968811035
168,-34,9.96508407592773
169,-34,7.58588647842407
170,-34,7.10049629211426
171,-34,6.45001268386841
172,-34,7.05493879318237
173,-34,6.91880369186401
174,-34,8.94670963287354
175,-34,8.86287307739258
176,-34,8.7078857421875
177,-34,9.54127216339111
178,-34,8.71604251861572
179,-34,7.87084674835205
180,-34,8.55025005340576
181,-34,7.63197898864746
182,-34,7.1664252281189
183,-34,6.40880632400513
184,-34,6.65191507339478
185,-34,7.18228626251221
186,-34,6.75449466705322
187,-34,7.25615310668945
188,-34,7.32916355133057
189,-34,7.03457927703857
190,-34,6.96981906890869
191,-34,6.86028051376343
192,-34,6.57394647598267
193,-34,6.40476131439209
194,-34,6.29850149154663
197,-34,6.17222929000855
198,-34,6.17125844955444
200,-34,6.61221027374268
201,-34,6.15325880050659
207,-34,6.66318607330322
208,-34,7.24997091293335
209,-34,8.12644386291504
210,-34,6.91730976104736
211,-34,6.8938193321228
212,-34,7.00271511077881
213,-34,7.29019594192505
214,-34,8.03417778015137
215,-34,9.8164701461792
216,-34,8.74503517150879
217,-34,7.58070278167725
218,-34,7.65127468109131
219,-34,7.62190532684326
220,-34,8.1517391204834
221,-34,8.7835578918457
222,-34,9.71427726745605
223,-34,9.88773155212402
224,-34,10.0449228286743
225,-34,12.8012027740479
226,-34,18.2125148773193
227,-34,28.4601383209229
228,-34,45.0832710266113
229,-34,41.1033096313477
230,-34,45.3953132629395
231,-34,49.5746078491211
232,-34,31.283332824707
233,-34,47.5266456604004
234,-34,75.4939041137695
235,-34,78.8153686523438
236,-34,43.8268737792969
237,-34,44.1304931640625
238,-34,44.6466674804688
239,-34,36.7581634521484
240,-34,30.0831489562988
241,-34,28.7025814056397
242,-34,32.7291870117188
243,-34,34.2526550292969
244,-34,50.8411903381348
245,-34,64.2215805053711
246,-34,59.0191192626953
247,-34,47.3387298583984
248,-34,45.0786323547363
249,-34,52.6444244384766
250,-34,65.5452041625977
251,-34,72.1627960205078
252,-34,66.9455261230469
253,-34,65.1327438354492
254,-34,55.2262878417969
255,-34,60.2540512084961
256,-34,88.2943420410156
257,-34,122.239410400391
258,-34,198.033554077148
259,-34,285.7431640625
260,-34,1518.04699707031
261,-34,1117.25122070313
262,-34,1205.87292480469
263,-34,611.418090820313
264,-34,287.385620117188
265,-34,161.488815307617
266,-34,138.095001220703
267,-34,115.696212768555
268,-34,75.1250152587891
269,-34,62.6723213195801
270,-34,51.1633148193359
271,-34,38.0357627868652
272,-34,29.8610439300537
273,-34,19.2931213378906
274,-34,16.0705184936523
275,-34,14.8256387710571
276,-34,15.8497486114502
277,-34,15.2937412261963
278,-34,13.211874961853
279,-34,13.229606628418
280,-34,13.7080774307251
281,-34,12.2258148193359
282,-34,8.20904064178467
283,-34,8.56553745269775
284,-34,8.67579650878906
285,-34,10.4704885482788
286,-34,9.23575592041016
287,-34,8.87996673583984
288,-34,7.86086082458496
289,-34,9.28090381622314
290,-34,11.1044101715088
291,-34,11.7388782501221
292,-34,12.3910913467407
293,-34,11.6794853210449
294,-34,13.1566715240479
295,-34,16.0902671813965
296,-34,18.4054775238037
297,-34,16.7601127624512
298,-34,13.9908828735352
299,-34,12.6643323898315
300,-34,10.3858966827393
301,-34,11.3475494384766
302,-34,12.0842723846436
303,-34,13.1957244873047
304,-34,8.29355907440186
305,-34,6.98967361450195
312,-34,7.15357971191406
313,-34,8.36327266693115
314,-34,10.4329824447632
315,-34,8.91725921630859
316,-34,8.0615119934082
317,-34,8.89507102966309
318,-34,10.6922826766968
319,-34,10.1253318786621
320,-34,8.36270618438721
321,-34,9.34534358978271
322,-34,6.50150585174561
96,-33,6.240553855896
97,-33,9.39035987854004
98,-33,10.0426254272461
99,-33,8.2611026763916
100,-33,9.15348529815674
101,-33,10.433219909668
102,-33,16.8274364471436
103,-33,20.4347267150879
104,-33,18.5814247131348
105,-33,18.8872585296631
106,-33,13.0955247879028
107,-33,13.2224559783936
108,-33,13.806134223938
109,-33,15.7470588684082
110,-33,17.7265472412109
111,-33,30.6620674133301
112,-33,36.8830947875977
113,-33,47.2315139770508
114,-33,75.0497817993164
115,-33,124.286460876465
116,-33,173.840362548828
117,-33,195.77197265625
118,-33,128.658950805664
119,-33,100.051742553711
120,-33,96.1041412353516
121,-33,107.981483459473
122,-33,84.4182205200195
123,-33,69.7390441894531
124,-33,56.1083145141602
125,-33,48.9029312133789
126,-33,40.8596611022949
127,-33,47.2772102355957
128,-33,31.6704654693604
129,-33,28.6076240539551
130,-33,32.1473999023438
131,-33,36.8812255859375
132,-33,36.0985488891602
133,-33,33.3077812194824
134,-33,31.0952167510986
135,-33,27.1596260070801
136,-33,28.7751579284668
137,-33,28.1670589447022
138,-33,26.1100578308105
139,-33,23.1155853271484
140,-33,20.4815330505371
141,-33,17.1038475036621
142,-33,14.7170400619507
143,-33,13.2651348114014
144,-33,12.7625484466553
145,-33,13.4147453308105
146,-33,13.7576141357422
147,-33,10.7292280197144
148,-33,9.50885772705078
149,-33,9.58261966705322
150,-33,9.99841117858887
151,-33,8.16790866851807
152,-33,7.62176132202148
153,-33,8.0770845413208
154,-33,8.6424150466919
155,-33,8.34182167053223
156,-33,9.0080509185791
157,-33,8.66412925720215
158,-33,7.84115791320801
159,-33,9.33694171905518
160,-33,7.91416788101196
161,-33,8.13444137573242
162,-33,7.22158813476563
163,-33,8.053053855896
164,-33,8.66390514373779
165,-33,8.48203372955322
166,-33,7.41563701629639
167,-33,7.1965274810791
168,-33,6.9988489151001
169,-33,7.14864158630371
170,-33,7.4046802520752
174,-33,6.98137903213501
175,-33,7.07132720947266
176,-33,7.76173210144043
177,-33,7.84551811218262
178,-33,7.97569084167481
179,-33,8.7503662109375
180,-33,8.65832328796387
181,-33,9.24808216094971
182,-33,7.31041526794434
183,-33,7.21096706390381
184,-33,6.55127382278442
185,-33,7.13221788406372
186,-33,7.8584794998169
187,-33,8.23950958251953
188,-33,8.46971988677979
189,-33,8.74815559387207
190,-33,7.99468612670898
191,-33,7.45245456695557
192,-33,7.08240556716919
193,-33,7.47261667251587
194,-33,7.51324129104614
195,-33,6.7784481048584
196,-33,6.37765884399414
197,-33,6.7594108581543
198,-33,6.64950513839722
199,-33,6.31105995178223
207,-33,6.53064346313477
208,-33,6.74870538711548
209,-33,6.78095436096191
210,-33,6.93454647064209
211,-33,7.05198383331299
212,-33,7.16940307617188
213,-33,6.77796077728272
214,-33,8.21224689483643
215,-33,7.68214273452759
216,-33,6.83645153045654
217,-33,7.37788772583008
218,-33,7.47275543212891
219,-33,7.86369228363037
220,-33,8.0445499420166
221,-33,7.18000984191895
222,-33,8.53543472290039
223,-33,11.2025938034058
224,-33,13.0114336013794
225,-33,17.5966053009033
226,-33,21.7306594848633
227,-33,26.2218112945557
228,-33,38.0034255981445
229,-33,34.8695411682129
230,-33,49.9811668395996
231,-33,37.8440856933594
232,-33,27.7034454345703
233,-33,43.0306549072266
234,-33,69.8534622192383
235,-33,29.5800666809082
236,-33,19.2020797729492
237,-33,18.7346115112305
238,-33,23.0787410736084
239,-33,32.0071411132813
240,-33,31.1336612701416
241,-33,26.1666793823242
242,-33,25.4391021728516
243,-33,29.1183204650879
244,-33,40.3391990661621
245,-33,46.929988861084
246,-33,53.1379432678223
247,-33,52.4555778503418
248,-33,49.550178527832
249,-33,55.4697074890137
250,-33,54.6379280090332
251,-33,61.7022972106934
252,-33,57.4481239318848
253,-33,56.4225730895996
254,-33,54.1470184326172
255,-33,55.2021980285645
256,-33,65.7301177978516
257,-33,92.0623168945312
258,-33,147.441864013672
259,-33,273.730316162109
260,-33,438.088409423828
261,-33,701.161499023438
262,-33,1594.40197753906
263,-33,1725.09313964844
264,-33,637.593872070313
265,-33,278.791564941406
266,-33,213.365982055664
267,-33,147.308685302734
268,-33,90.7601623535156
269,-33,90.1081848144531
270,-33,72.0359191894531
271,-33,49.1985740661621
272,-33,35.0615539550781
273,-33,31.3501358032227
274,-33,21.15087890625
275,-33,18.7439289093018
276,-33,20.4277458190918
277,-33,16.8005542755127
278,-33,12.3440580368042
279,-33,11.2623195648193
280,-33,10.6860828399658
281,-33,11.1866874694824
282,-33,10.4108772277832
283,-33,9.90586471557617
284,-33,11.6068592071533
285,-33,10.101583480835
286,-33,9.46554374694824
287,-33,9.10123062133789
288,-33,9.11689949035645
289,-33,9.56422138214111
290,-33,10.0936841964722
291,-33,10.1259984970093
292,-33,9.38038063049316
293,-33,11.1465702056885
294,-33,15.4491920471191
295,-33,16.6889801025391
296,-33,20.4186363220215
297,-33,15.967059135437
298,-33,18.5427761077881
299,-33,13.6644315719605
300,-33,13.0932149887085
301,-33,14.2638549804688
302,-33,19.8139877319336
303,-33,20.9386978149414
304,-33,12.1578330993652
305,-33,8.65161609649658
306,-33,7.05388641357422
307,-33,6.95446491241455
312,-33,8.84278964996338
313,-33,9.77002716064453
314,-33,8.67831993103027
315,-33,9.39802360534668
316,-33,9.92354774475098
317,-33,10.2988767623901
318,-33,9.30983257293701
319,-33,11.8606910705566
320,-33,12.1020174026489
321,-33,11.1591815948486
322,-33,6.30731725692749
97,-32,7.48121929168701
98,-32,9.83058929443359
99,-32,8.46105766296387
100,-32,7.99023056030273
101,-32,9.84716510772705
102,-32,14.5769147872925
103,-32,14.5838823318481
104,-32,14.9874038696289
105,-32,16.8455600738525
106,-32,16.2482719421387
107,-32,16.1793460845947
108,-32,15.9179039001465
109,-32,14.2996349334717
110,-32,15.8413705825806
111,-32,24.5612297058106
112,-32,40.798225402832
113,-32,52.4361038208008
114,-32,63.2430572509766
115,-32,86.3299407958984
116,-32,114.41805267334
117,-32,128.280212402344
118,-32,112.432998657227
119,-32,89.6029205322266
120,-32,80.9062728881836
121,-32,90.2356491088867
122,-32,95.9832077026367
123,-32,64.6573944091797
124,-32,52.8198509216309
125,-32,37.0580177307129
126,-32,34.448600769043
127,-32,33.0706748962402
128,-32,24.2416114807129
129,-32,26.2004890441895
130,-32,30.1763648986816
131,-32,30.9912853240967
132,-32,32.1059684753418
133,-32,33.3474044799805
134,-32,28.8028163909912
135,-32,27.0674114227295
136,-32,24.6889839172363
137,-32,23.6819477081299
138,-32,19.2837924957275
139,-32,20.474292755127
140,-32,14.8209533691406
141,-32,12.6957492828369
142,-32,12.3683376312256
143,-32,11.6377964019775
144,-32,12.2029438018799
145,-32,12.1232833862305
146,-32,12.5509672164917
147,-32,11.3096733093262
148,-32,9.92930221557617
149,-32,9.45322322845459
150,-32,11.2855625152588
151,-32,10.4231748580933
152,-32,8.82591438293457
153,-32,9.28205299377441
154,-32,7.66957998275757
155,-32,6.45926427841187
156,-32,8.01603126525879
157,-32,7.11832857131958
158,-32,8.06528282165527
159,-32,7.7033953666687
160,-32,7.20446920394898
161,-32,7.96646404266357
162,-32,8.46324157714844
163,-32,8.44686031341553
164,-32,8.17713451385498
165,-32,9.67111396789551
166,-32,8.23162651062012
167,-32,9.82796382904053
168,-32,8.00351333618164
169,-32,6.89069747924805
170,-32,6.64326763153076
174,-32,6.16057538986206
175,-32,6.62752532958984
176,-32,6.26901769638062
177,-32,6.97906541824341
178,-32,9.05417442321777
179,-32,7.97118186950684
180,-32,7.73183584213257
181,-32,8.82149696350098
182,-32,7.1310338973999
183,-32,7.58736515045166
184,-32,7.98429870605469
185,-32,7.59359121322632
186,-32,9.05199909210205
187,-32,9.21614551544189
188,-32,8.87608146667481
189,-32,8.45032596588135
190,-32,8.02578067779541
191,-32,8.10179424285889
192,-32,7.1849102973938
193,-32,8.17590618133545
194,-32,9.11787605285645
195,-32,8.55235290527344
196,-32,7.3429765701294
197,-32,7.23173570632935
198,-32,6.82648372650147
199,-32,6.12020540237427
208,-32,6.51520776748657
209,-32,6.92400598526001
210,-32,7.26362371444702
211,-32,7.94049501419067
212,-32,6.96099710464478
213,-32,6.90993022918701
214,-32,7.47411251068115
215,-32,7.25664186477661
216,-32,7.76441192626953
217,-32,7.42277336120606
218,-32,7.69020318984985
219,-32,8.61807441711426
220,-32,8.54564476013184
221,-32,9.3575325012207
222,-32,10.981782913208
223,-32,13.0065727233887
224,-32,14.9337520599365
225,-32,17.1611213684082
226,-32,20.2204818725586
227,-32,28.6177082061768
228,-32,34.903491973877
229,-32,33.2442359924316
230,-32,24.3597068786621
231,-32,25.0212306976318
232,-32,16.1479396820068
233,-32,15.6949892044067
234,-32,11.9968032836914
235,-32,10.0041160583496
236,-32,11.3417797088623
237,-32,13.4749450683594
238,-32,17.6975116729736
239,-32,24.3543853759766
240,-32,20.3222351074219
241,-32,21.3600406646729
242,-32,23.4329986572266
243,-32,27.9139137268066
244,-32,31.0102310180664
245,-32,38.4715347290039
246,-32,42.3172645568848
247,-32,37.874568939209
248,-32,37.5402297973633
249,-32,36.8524055480957
250,-32,38.7415466308594
251,-32,52.8813972473145
252,-32,59.6725997924805
253,-32,42.6867637634277
254,-32,46.7390518188477
255,-32,50.4048728942871
256,-32,61.2557258605957
257,-32,82.0491714477539
258,-32,118.662658691406
259,-32,191.839233398438
260,-32,283.593597412109
261,-32,566.541564941406
262,-32,1303.57946777344
263,-32,2013.63562011719
264,-32,1357.08642578125
265,-32,664.228088378906
266,-32,409.926391601563
267,-32,251.11799621582
268,-32,119.741477966309
269,-32,98.2362518310547
270,-32,77.8010711669922
271,-32,59.6450271606445
272,-32,44.7315406799316
273,-32,39.3981857299805
274,-32,26.1094856262207
275,-32,24.4246063232422
276,-32,25.0675354003906
277,-32,18.4711093902588
278,-32,14.8458528518677
279,-32,13.8204622268677
280,-32,14.4065761566162
281,-32,15.656569480896
282,-32,13.2366247177124
283,-32,15.1196556091309
284,-32,13.1385011672974
285,-32,11.6904487609863
286,-32,10.2257862091064
287,-32,9.43155670166016
288,-32,11.8765201568604
289,-32,11.0724010467529
290,-32,11.1918754577637
291,-32,7.27884387969971
292,-32,8.30009269714356
293,-32,11.0998134613037
294,-32,12.864089012146
295,-32,16.2074604034424
296,-32,18.8066997528076
297,-32,18.5671329498291
298,-32,19.2988319396973
299,-32,19.0403423309326
300,-32,20.7167205810547
301,-32,19.1452465057373
302,-32,12.5681219100952
303,-32,13.0593128204346
304,-32,10.9828405380249
305,-32,10.2667589187622
306,-32,8.94895172119141
307,-32,8.37486457824707
308,-32,6.45068502426148
311,-32,6.18022394180298
312,-32,8.31071662902832
313,-32,10.9911441802979
314,-32,9.70352554321289
315,-32,9.45326232910156
316,-32,11.7612857818604
317,-32,10.0322294235229
318,-32,10.7466268539429
319,-32,12.5461902618408
320,-32,17.557861328125
321,-32,7.78042316436768
97,-31,8.72077465057373
98,-31,13.1738224029541
99,-31,9.42987251281738
100,-31,9.53380489349365
101,-31,10.675666809082
102,-31,13.4903736114502
103,-31,14.4251918792725
104,-31,13.6383743286133
105,-31,14.4341373443604
106,-31,17.3090229034424
107,-31,15.7297763824463
108,-31,15.6779193878174
109,-31,17.4488620758057
110,-31,19.3064365386963
111,-31,24.4067535400391
112,-31,28.5897064208984
113,-31,44.449275970459
114,-31,49.4699554443359
115,-31,57.7178039550781
116,-31,90.3470001220703
117,-31,110.793266296387
118,-31,102.988189697266
119,-31,108.185775756836
120,-31,61.6907691955566
121,-31,61.1663818359375
122,-31,61.2796096801758
123,-31,55.5507926940918
124,-31,46.3257675170898
125,-31,40.4009971618652
126,-31,29.5332317352295
127,-31,25.2468852996826
128,-31,20.3127326965332
129,-31,17.4271011352539
130,-31,19.0461730957031
131,-31,23.4352645874023
132,-31,26.9290046691895
133,-31,30.6621074676514
134,-31,30.6202278137207
135,-31,28.8856925964356
136,-31,20.1200065612793
137,-31,19.8922233581543
138,-31,17.872594833374
139,-31,18.3043975830078
140,-31,16.9561977386475
141,-31,13.7165145874023
142,-31,13.3345861434937
143,-31,13.5699710845947
144,-31,11.4470481872559
145,-31,10.4089870452881
146,-31,10.6532878875732
147,-31,9.67669200897217
148,-31,8.71889495849609
149,-31,7.55078411102295
150,-31,7.39657306671143
151,-31,8.06658935546875
152,-31,8.53397369384766
153,-31,6.65196228027344
154,-31,6.40065908432007
155,-31,6.20060920715332
156,-31,6.57929372787476
157,-31,6.11924505233765
158,-31,6.22692203521729
159,-31,7.30366706848145
160,-31,8.34512615203857
161,-31,7.79378175735474
162,-31,7.20492649078369
163,-31,8.61880302429199
164,-31,8.48179244995117
165,-31,6.89427137374878
166,-31,6.66876077651978
167,-31,6.87591934204102
168,-31,7.26454544067383
169,-31,6.34940719604492
172,-31,6.27804946899414
177,-31,6.95342969894409
178,-31,7.46569728851318
179,-31,8.33748435974121
180,-31,6.48717594146729
181,-31,6.49315309524536
182,-31,6.23652982711792
183,-31,6.40780019760132
184,-31,6.28493976593018
185,-31,6.62854814529419
186,-31,7.209547996521
187,-31,8.44836044311523
188,-31,7.51011180877686
189,-31,7.41147327423096
190,-31,7.28240871429443
191,-31,6.70140933990479
192,-31,7.83016014099121
193,-31,8.8032693862915
194,-31,8.45641422271729
195,-31,7.82091808319092
196,-31,7.39875411987305
197,-31,7.10678243637085
198,-31,6.08772611618042
199,-31,6.55142307281494
200,-31,6.79541778564453
210,-31,6.14750957489014
211,-31,6.16879892349243
212,-31,7.13995456695557
213,-31,6.93817138671875
214,-31,7.32330083847046
215,-31,9.21198844909668
216,-31,9.45269203186035
217,-31,8.92673873901367
218,-31,7.90509128570557
219,-31,8.62810897827148
220,-31,8.7539234161377
221,-31,9.66202545166016
222,-31,12.4773902893066
223,-31,13.541654586792
224,-31,14.4250946044922
225,-31,17.0661849975586
226,-31,18.1003379821777
227,-31,21.5695381164551
228,-31,25.0124378204346
229,-31,22.1261711120605
230,-31,23.1669921875
231,-31,31.3912620544434
232,-31,24.724739074707
233,-31,12.5324659347534
234,-31,9.78715419769287
235,-31,10.5303030014038
236,-31,11.6171846389771
237,-31,15.2466220855713
238,-31,18.3325977325439
239,-31,20.808235168457
240,-31,21.7887516021729
241,-31,20.1015510559082
242,-31,26.7593059539795
243,-31,29.0503826141357
244,-31,32.8599243164063
245,-31,29.2818126678467
246,-31,35.1627388000488
247,-31,40.9847297668457
248,-31,38.8837928771973
249,-31,36.4780311584473
250,-31,38.8969116210938
251,-31,43.3973655700684
252,-31,49.8537521362305
253,-31,36.9123344421387
254,-31,41.9066696166992
255,-31,56.2117042541504
256,-31,73.7201614379883
257,-31,87.2826232910156
258,-31,109.920852661133
259,-31,168.069183349609
260,-31,228.059967041016
261,-31,330.718566894531
262,-31,563.636352539063
263,-31,1257.95446777344
264,-31,1769.65319824219
265,-31,1244.85729980469
266,-31,521.762939453125
267,-31,216.680953979492
268,-31,120.88695526123
269,-31,118.336791992188
270,-31,84.7947998046875
271,-31,61.7669677734375
272,-31,46.0604972839356
273,-31,28.3239593505859
274,-31,26.9393119812012
275,-31,23.7792625427246
276,-31,28.1071739196777
277,-31,21.4031105041504
278,-31,18.4003257751465
279,-31,17.6049880981445
280,-31,14.0454559326172
281,-31,14.6035146713257
282,-31,16.6457767486572
283,-31,14.7727365493774
284,-31,13.4745903015137
285,-31,13.0056781768799
286,-31,10.478030204773
287,-31,9.84350299835205
288,-31,10.3037662506104
289,-31,11.3020639419556
290,-31,8.38965606689453
291,-31,9.64921569824219
292,-31,12.2747440338135
293,-31,11.8457546234131
294,-31,13.6904458999634
295,-31,12.3013105392456
296,-31,15.9740905761719
297,-31,14.7801361083984
298,-31,13.0504922866821
299,-31,15.0948972702026
300,-31,16.6281070709229
301,-31,15.5894870758057
302,-31,15.8806524276733
303,-31,11.4299278259277
304,-31,9.58918762207031
305,-31,7.44022941589356
306,-31,8.05294799804688
307,-31,8.4117956161499
308,-31,7.62814950942993
309,-31,7.94811153411865
310,-31,9.16682815551758
311,-31,8.20217418670654
312,-31,8.43088245391846
313,-31,10.0745363235474
314,-31,10.6340017318726
315,-31,8.51179504394531
316,-31,10.9481353759766
317,-31,12.2186212539673
318,-31,11.4542350769043
319,-31,12.1693840026855
320,-31,10.1677856445313
321,-31,7.34237480163574
97,-30,7.4004979133606
98,-30,10.0468759536743
99,-30,9.80651187896729
100,-30,10.4126920700073
101,-30,11.9759817123413
102,-30,14.2115497589111
103,-30,13.4001331329346
104,-30,13.6696996688843
105,-30,12.0824098587036
106,-30,14.0259008407593
107,-30,14.0820865631104
108,-30,16.0718803405762
109,-30,20.8822154998779
110,-30,23.707857131958
111,-30,26.8726463317871
112,-30,34.7009124755859
113,-30,45.9214057922363
114,-30,60.4037551879883
115,-30,58.0910949707031
116,-30,73.3547515869141
117,-30,94.8960418701172
118,-30,93.2038116455078
119,-30,107.003135681152
120,-30,95.292106628418
121,-30,79.880973815918
122,-30,61.0819511413574
123,-30,53.6052055358887
124,-30,40.8399772644043
125,-30,27.0209503173828
126,-30,22.184383392334
127,-30,17.5447673797607
128,-30,16.9749565124512
129,-30,16.2362499237061
130,-30,16.6107158660889
131,-30,16.8084030151367
132,-30,21.1808242797852
133,-30,23.4698600769043
134,-30,24.3730144500732
135,-30,22.1496677398682
136,-30,20.1158828735352
137,-30,18.6567821502686
138,-30,16.5214977264404
139,-30,14.5418262481689
140,-30,15.1429300308228
141,-30,12.7846479415894
142,-30,12.2417316436768
143,-30,10.8128786087036
144,-30,11.5390424728394
145,-30,12.2756185531616
146,-30,11.2281312942505
147,-30,9.91654586791992
148,-30,8.69640922546387
149,-30,7.68131542205811
150,-30,7.91529321670532
151,-30,7.07998943328857
152,-30,8.3909158706665
153,-30,6.32205486297607
154,-30,6.56938457489014
155,-30,6.06190395355225
156,-30,6.3402795791626
157,-30,6.1125168800354
158,-30,6.41491985321045
160,-30,7.13095951080322
161,-30,7.59221935272217
162,-30,6.57629108428955
163,-30,7.21661376953125
164,-30,7.08281993865967
165,-30,6.17841863632202
169,-30,7.18851757049561
171,-30,6.3804931640625
172,-30,6.50498819351196
173,-30,6.70434093475342
179,-30,7.41235160827637
180,-30,7.09604501724243
181,-30,6.47375154495239
184,-30,6.33574295043945
185,-30,6.88363933563232
186,-30,7.22830200195313
187,-30,8.05385112762451
188,-30,7.23405122756958
189,-30,7.15415811538696
190,-30,6.69261932373047
191,-30,6.3733434677124
192,-30,7.37097787857056
193,-30,8.28465747833252
194,-30,8.86837768554688
195,-30,8.11620903015137
196,-30,9.12052536010742
197,-30,7.020676612854
198,-30,6.64017200469971
199,-30,6.24229049682617
200,-30,6.92053318023682
201,-30,6.1695032119751
212,-30,6.74876213073731
213,-30,7.06034231185913
214,-30,7.6356372833252
215,-30,8.99540901184082
216,-30,9.38467788696289
217,-30,8.77794456481934
218,-30,8.12467479705811
219,-30,9.86996269226074
220,-30,9.56811046600342
221,-30,12.4786891937256
222,-30,13.9176177978516
223,-30,14.5548305511475
224,-30,14.0586719512939
225,-30,16.8346729278564
226,-30,18.7046985626221
227,-30,23.9954700469971
228,-30,26.8326988220215
229,-30,35.5018501281738
230,-30,32.7184791564941
231,-30,33.6283683776855
232,-30,20.5383567810059
233,-30,22.2138671875
234,-30,14.4140567779541
235,-30,13.646710395813
236,-30,10.826756477356
237,-30,13.4583225250244
238,-30,14.2781295776367
239,-30,15.6519432067871
240,-30,16.9600830078125
241,-30,22.6218910217285
242,-30,23.4793663024902
243,-30,25.7133388519287
244,-30,34.8071517944336
245,-30,37.3296890258789
246,-30,36.260181427002
247,-30,38.3355979919434
248,-30,45.1241760253906
249,-30,32.6089630126953
250,-30,32.9963645935059
251,-30,32.9064254760742
252,-30,34.797779083252
253,-30,33.8526763916016
254,-30,38.2929801940918
255,-30,45.41259765625
256,-30,65.7505569458008
257,-30,78.1947174072266
258,-30,90.7153167724609
259,-30,115.498626708984
260,-30,144.536895751953
261,-30,187.244171142578
262,-30,258.861724853516
263,-30,409.019317626953
264,-30,1096.15441894531
265,-30,2842.7744140625
266,-30,1239.07397460938
267,-30,164.817855834961
268,-30,103.874000549316
269,-30,108.116088867188
270,-30,72.2419586181641
271,-30,58.1693954467774
272,-30,48.6943206787109
273,-30,31.438009262085
274,-30,27.8616924285889
275,-30,30.6179504394531
276,-30,30.5893936157227
277,-30,22.8428382873535
278,-30,20.8598213195801
279,-30,15.609375
280,-30,15.2729892730713
281,-30,16.5121383666992
282,-30,16.6279048919678
283,-30,15.3163776397705
284,-30,15.6395244598389
285,-30,13.2047367095947
286,-30,13.0201892852783
287,-30,11.9728879928589
288,-30,11.7460136413574
289,-30,12.3523750305176
290,-30,11.7815465927124
291,-30,11.8999347686768
292,-30,12.6980714797974
293,-30,12.4765720367432
294,-30,11.2253379821777
295,-30,12.059549331665
296,-30,14.6895580291748
297,-30,15.0250377655029
298,-30,13.4978828430176
299,-30,10.8827247619629
300,-30,9.87156200408936
301,-30,12.6608695983887
302,-30,11.3454265594482
303,-30,8.40084648132324
304,-30,9.07197570800781
305,-30,7.66994047164917
306,-30,7.42930126190186
307,-30,7.22324419021606
310,-30,7.65406847000122
311,-30,8.66946029663086
312,-30,10.560154914856
313,-30,10.3202724456787
314,-30,9.96575736999512
315,-30,10.4468011856079
316,-30,10.2609558105469
317,-30,10.0742645263672
318,-30,9.9400691986084
319,-30,8.6277322769165
320,-30,9.4090461730957
321,-30,6.83308267593384
99,-29,7.67411088943481
100,-29,9.94804859161377
101,-29,11.3597574234009
102,-29,15.6728849411011
103,-29,15.6930675506592
104,-29,13.324197769165
105,-29,12.0790939331055
106,-29,13.4146146774292
107,-29,16.0181083679199
108,-29,18.7305107116699
109,-29,23.4852523803711
110,-29,26.6239566802979
111,-29,33.909294128418
112,-29,42.2017478942871
113,-29,52.6626777648926
114,-29,70.0112609863281
115,-29,66.4238052368164
116,-29,95.0017471313477
117,-29,79.2582015991211
118,-29,83.3924179077149
119,-29,81.3318939208985
120,-29,88.0556259155273
121,-29,58.8689308166504
122,-29,49.526798248291
123,-29,45.6642646789551
124,-29,40.1185035705566
125,-29,30.1602325439453
126,-29,22.4597587585449
127,-29,17.6152839660645
128,-29,14.0917778015137
129,-29,14.9638519287109
130,-29,17.2520408630371
131,-29,16.5208950042725
132,-29,14.5720348358154
133,-29,15.6956272125244
134,-29,18.6310024261475
135,-29,19.470251083374
136,-29,20.6343097686768
137,-29,20.2295551300049
138,-29,17.2270965576172
139,-29,14.6724586486816
140,-29,13.6900053024292
141,-29,12.2729349136353
142,-29,12.060715675354
143,-29,11.3563594818115
144,-29,11.43918800354
145,-29,12.779673576355
146,-29,10.6664085388184
147,-29,8.5102596282959
148,-29,8.72665786743164
149,-29,8.67466259002686
150,-29,8.82370948791504
151,-29,7.31160402297974
152,-29,6.74154710769653
153,-29,7.2314772605896
154,-29,6.49944925308228
155,-29,6.77600479125977
156,-29,6.91080379486084
161,-29,6.82044124603272
167,-29,6.53003692626953
168,-29,6.18304872512817
169,-29,6.69111251831055
170,-29,6.28957843780518
171,-29,6.18391990661621
172,-29,6.28423309326172
173,-29,6.08472394943237
174,-29,7.31150245666504
175,-29,7.21920251846314
176,-29,6.73647975921631
177,-29,6.76576089859009
178,-29,6.1769495010376
179,-29,6.49409914016724
180,-29,7.83349132537842
181,-29,6.19674873352051
185,-29,7.32165861129761
186,-29,6.79190683364868
187,-29,6.90305614471436
188,-29,7.28695869445801
189,-29,7.48080158233643
190,-29,7.80614280700684
191,-29,7.04316663742065
192,-29,7.51451873779297
193,-29,8.0254487991333
194,-29,8.56551361083984
195,-29,8.44646263122559
196,-29,8.63931083679199
197,-29,7.42616271972656
199,-29,6.58770847320557
200,-29,6.82332134246826
208,-29,6.41036891937256
210,-29,6.08386468887329
214,-29,6.50443553924561
215,-29,7.96376848220825
216,-29,7.76806354522705
217,-29,8.43062973022461
218,-29,8.51133728027344
219,-29,10.2213764190674
220,-29,12.2538204193115
221,-29,13.5127305984497
222,-29,14.1618595123291
223,-29,14.170955657959
224,-29,12.0832767486572
225,-29,13.4477472305298
226,-29,18.8554039001465
227,-29,23.7920875549316
228,-29,31.7163887023926
229,-29,46.5577087402344
230,-29,39.0746002197266
231,-29,30.736722946167
232,-29,26.6388530731201
233,-29,22.6399478912354
234,-29,21.6155605316162
235,-29,14.9988174438477
236,-29,16.8131160736084
237,-29,16.6703147888184
238,-29,13.2579956054688
239,-29,15.4345245361328
240,-29,17.6571884155273
241,-29,20.9798431396484
242,-29,21.1905155181885
243,-29,29.4715824127197
244,-29,42.6873397827148
245,-29,51.6576385498047
246,-29,45.5060081481934
247,-29,47.4157333374023
248,-29,46.8869514465332
249,-29,39.3802719116211
250,-29,35.3826141357422
251,-29,32.9157295227051
252,-29,27.8685111999512
253,-29,21.1678009033203
254,-29,27.5298156738281
255,-29,29.0498447418213
256,-29,40.3424682617188
257,-29,54.420036315918
258,-29,67.0241928100586
259,-29,88.1745376586914
260,-29,116.915046691895
261,-29,136.386383056641
262,-29,169.275970458984
263,-29,222.625091552734
264,-29,412.30615234375
265,-29,2221.23657226563
266,-29,4518.7451171875
267,-29,880.377319335937
268,-29,152.979904174805
269,-29,92.9214859008789
270,-29,77.0644149780274
271,-29,63.3431167602539
272,-29,52.9460525512695
273,-29,41.6358947753906
274,-29,34.2610549926758
275,-29,39.595027923584
276,-29,36.7349624633789
277,-29,32.0532913208008
278,-29,26.3312606811523
279,-29,21.5503692626953
280,-29,17.8999347686768
281,-29,18.2925643920898
282,-29,17.1552810668945
283,-29,17.2023487091064
284,-29,17.9828987121582
285,-29,16.7589855194092
286,-29,16.028923034668
287,-29,14.9971199035645
288,-29,13.2773809432983
289,-29,12.6943759918213
290,-29,10.8405952453613
291,-29,12.298999786377
292,-29,11.933406829834
293,-29,11.3848705291748
294,-29,11.8803405761719
295,-29,14.5381231307983
296,-29,16.2189617156982
297,-29,16.2648677825928
298,-29,14.4314823150635
299,-29,10.5257434844971
300,-29,9.93593215942383
301,-29,9.68460750579834
302,-29,10.7434034347534
303,-29,10.6092262268066
304,-29,10.7851848602295
306,-29,7.22068166732788
310,-29,7.15072441101074
311,-29,7.11473369598389
312,-29,8.80443000793457
313,-29,11.1102600097656
314,-29,11.0000858306885
315,-29,10.561279296875
316,-29,9.90709114074707
317,-29,8.86880302429199
318,-29,8.62241363525391
319,-29,9.19807052612305
320,-29,8.65476131439209
321,-29,7.62228679656982
98,-28,6.79975748062134
99,-28,7.86088705062866
100,-28,8.02695369720459
101,-28,11.1751260757446
102,-28,12.9237833023071
103,-28,16.2935218811035
104,-28,18.7794647216797
105,-28,15.470422744751
106,-28,16.3271789550781
107,-28,18.1010398864746
108,-28,23.5893440246582
109,-28,27.5025444030762
110,-28,34.5637130737305
111,-28,39.6678848266602
112,-28,59.0317916870117
113,-28,76.1794281005859
114,-28,94.8583526611328
115,-28,88.9741821289063
116,-28,94.1426696777344
117,-28,97.201171875
118,-28,79.4957427978516
119,-28,69.117431640625
120,-28,67.7867126464844
121,-28,49.1716842651367
122,-28,44.8691558837891
123,-28,41.1404457092285
124,-28,34.9416465759277
125,-28,30.8076839447022
126,-28,23.5336608886719
127,-28,16.2471199035645
128,-28,13.5613803863525
129,-28,14.319393157959
130,-28,15.1726408004761
131,-28,15.1896362304688
132,-28,12.9797115325928
133,-28,13.2876462936401
134,-28,13.2528600692749
135,-28,15.7689714431763
136,-28,17.3861598968506
137,-28,16.4980964660645
138,-28,16.565746307373
139,-28,13.6252689361572
140,-28,11.8379392623901
141,-28,12.4994354248047
142,-28,10.0532932281494
143,-28,9.63525581359863
144,-28,11.8115768432617
145,-28,10.7493839263916
146,-28,9.95357608795166
147,-28,8.74250793457031
148,-28,8.68748474121094
149,-28,9.10456466674805
150,-28,9.30731582641602
151,-28,7.82778263092041
152,-28,6.11042022705078
153,-28,6.38064765930176
154,-28,6.16207695007324
155,-28,6.90195465087891
156,-28,6.36841201782227
157,-28,6.72409391403198
158,-28,6.77565145492554
159,-28,6.1060209274292
160,-28,6.13018941879273
161,-28,7.38953495025635
162,-28,7.24615621566773
167,-28,6.33769178390503
168,-28,7.17662715911865
169,-28,6.9072151184082
170,-28,6.98950338363648
171,-28,6.8055362701416
172,-28,6.55419158935547
173,-28,6.78489303588867
174,-28,7.18784427642822
175,-28,7.72343635559082
176,-28,8.3093204498291
177,-28,8.38083267211914
178,-28,7.4437427520752
179,-28,7.57300806045532
180,-28,6.84046411514282
181,-28,6.77870416641235
182,-28,6.7786717414856
183,-28,6.10381078720093
184,-28,6.26851606369019
185,-28,6.35436725616455
187,-28,6.3091025352478
188,-28,6.40702342987061
189,-28,7.14948081970215
190,-28,7.93428897857666
191,-28,6.86404323577881
193,-28,6.5388503074646
194,-28,7.26914501190186
195,-28,8.58737373352051
196,-28,7.41500616073608
197,-28,6.87199211120606
198,-28,7.20747995376587
199,-28,6.22538757324219
200,-28,7.12858772277832
203,-28,6.42350244522095
204,-28,6.91024541854858
205,-28,6.28470659255981
206,-28,6.15698337554932
207,-28,6.68478965759277
208,-28,7.00750255584717
209,-28,6.07548904418945
210,-28,6.13138246536255
215,-28,7.45304584503174
216,-28,6.82144117355347
217,-28,8.60603332519531
218,-28,9.24069309234619
219,-28,10.9057693481445
220,-28,10.9768524169922
221,-28,13.8362798690796
222,-28,14.1053419113159
223,-28,13.7910776138306
224,-28,14.0243902206421
225,-28,17.4801921844482
226,-28,16.8649673461914
227,-28,20.1817436218262
228,-28,23.1476726531982
229,-28,26.5900344848633
230,-28,29.3675632476807
231,-28,29.3366622924805
232,-28,29.7965660095215
233,-28,20.0553398132324
234,-28,14.4097156524658
235,-28,18.3006916046143
236,-28,15.6991691589355
237,-28,12.6534109115601
238,-28,12.9779052734375
239,-28,15.5582962036133
240,-28,16.5036754608154
241,-28,20.9359226226807
242,-28,29.7710876464844
243,-28,40.6034965515137
244,-28,66.7475280761719
245,-28,77.554313659668
246,-28,68.0729446411133
247,-28,59.4007301330566
248,-28,58.7002639770508
249,-28,53.1404495239258
250,-28,41.0896186828613
251,-28,29.1087455749512
252,-28,29.2589950561523
253,-28,27.721549987793
254,-28,27.4600791931152
255,-28,34.385124206543
256,-28,47.1231460571289
257,-28,78.3795928955078
258,-28,90.2744674682617
259,-28,109.562522888184
260,-28,119.215148925781
261,-28,128.096450805664
262,-28,155.023834228516
263,-28,168.275482177734
264,-28,170.838043212891
265,-28,467.611572265625
266,-28,3595.46850585938
267,-28,3158.470703125
268,-28,533.200866699219
269,-28,176.863632202148
270,-28,104.181777954102
271,-28,71.4928283691406
272,-28,56.5145263671875
273,-28,40.9089660644531
274,-28,39.749927520752
275,-28,37.8968505859375
276,-28,36.1954078674316
277,-28,39.7763061523438
278,-28,34.1454925537109
279,-28,26.3111705780029
280,-28,22.2831935882568
281,-28,20.3488616943359
282,-28,23.6723022460938
283,-28,24.5280094146729
284,-28,21.9085731506348
285,-28,19.6052265167236
286,-28,18.662654876709
287,-28,14.873966217041
288,-28,12.4465141296387
289,-28,12.1301231384277
290,-28,12.0079860687256
291,-28,9.50860595703125
292,-28,11.8805637359619
293,-28,10.8390293121338
294,-28,13.1744918823242
295,-28,17.0041465759277
296,-28,16.069164276123
297,-28,12.0323514938355
298,-28,12.975772857666
299,-28,11.3706684112549
300,-28,9.9575252532959
301,-28,9.45415115356445
302,-28,9.5568962097168
303,-28,8.28658676147461
304,-28,7.5355396270752
305,-28,6.97896814346314
306,-28,6.97811317443848
311,-28,9.87623500823975
312,-28,12.3179531097412
313,-28,11.0611305236816
314,-28,9.34795379638672
315,-28,9.97696399688721
316,-28,9.55644989013672
317,-28,7.90728092193604
318,-28,7.87665557861328
319,-28,7.62633323669434
320,-28,9.40648174285889
321,-28,8.43064785003662
98,-27,7.5018801689148
99,-27,12.7872829437256
100,-27,11.4940404891968
101,-27,12.0546655654907
102,-27,15.6781444549561
103,-27,21.4737873077393
104,-27,22.1445999145508
105,-27,24.0144920349121
106,-27,20.8936862945557
107,-27,24.2559661865234
108,-27,40.7238845825195
109,-27,40.0748062133789
110,-27,34.2458305358887
111,-27,54.5217132568359
112,-27,73.8021240234375
113,-27,91.3806076049805
114,-27,94.9777374267578
115,-27,81.7881317138672
116,-27,82.1132431030273
117,-27,60.3651351928711
118,-27,64.4917907714844
119,-27,67.989013671875
120,-27,43.6142349243164
121,-27,34.2810592651367
122,-27,31.6245307922363
123,-27,26.5845260620117
124,-27,20.9169006347656
125,-27,24.9691162109375
126,-27,20.0786552429199
127,-27,14.8522825241089
128,-27,11.5654563903809
129,-27,11.0701198577881
130,-27,11.266583442688
131,-27,11.2335758209229
132,-27,10.9258470535278
133,-27,11.3261909484863
134,-27,12.2457342147827
135,-27,13.4465970993042
136,-27,14.5271053314209
137,-27,14.3697872161865
138,-27,14.1817331314087
139,-27,14.0719270706177
140,-27,11.0465440750122
141,-27,10.7899875640869
142,-27,10.0599145889282
143,-27,8.40929794311523
144,-27,8.53106117248535
145,-27,9.758225440979
146,-27,10.8866634368896
147,-27,9.40992832183838
148,-27,7.79058504104614
149,-27,7.83454418182373
150,-27,7.23771858215332
151,-27,7.53997802734375
152,-27,7.5610523223877
153,-27,7.47367238998413
154,-27,7.21988391876221
155,-27,7.04249286651611
156,-27,6.98639249801636
157,-27,7.68159055709839
158,-27,7.53115320205689
159,-27,7.30849456787109
160,-27,6.9704442024231
161,-27,7.02831697463989
162,-27,7.40469455718994
163,-27,7.57292175292969
164,-27,7.25666046142578
168,-27,6.9979829788208
169,-27,6.59839248657227
170,-27,6.29097700119019
171,-27,6.1788911819458
172,-27,6.24255466461182
173,-27,6.10113668441773
174,-27,6.33627128601074
175,-27,7.97725677490234
176,-27,8.70852375030518
177,-27,8.68937301635742
178,-27,7.26578044891357
179,-27,6.94263982772827
180,-27,7.7758321762085
181,-27,7.6256914138794
182,-27,7.41746044158936
183,-27,7.97372436523438
184,-27,6.86061954498291
185,-27,7.15107154846191
186,-27,6.60289573669434
187,-27,6.64383029937744
188,-27,6.5261869430542
189,-27,6.53373384475708
190,-27,8.031081199646
191,-27,7.26056861877441
192,-27,6.70704078674316
193,-27,7.78049230575562
194,-27,7.90435409545898
195,-27,7.76735544204712
196,-27,8.21951484680176
197,-27,7.39312314987183
198,-27,7.5393385887146
199,-27,6.84804058074951
200,-27,7.02872133255005
203,-27,6.39827013015747
204,-27,6.84547090530396
205,-27,6.54391288757324
206,-27,6.65667295455933
207,-27,6.32315158843994
210,-27,6.47157430648804
211,-27,6.0338773727417
213,-27,6.25440359115601
214,-27,7.39622640609741
215,-27,6.93411254882813
216,-27,7.36362648010254
217,-27,8.4095573425293
218,-27,9.55506706237793
219,-27,10.2752838134766
220,-27,11.2273397445679
221,-27,12.60302734375
222,-27,11.9626970291138
223,-27,13.7438230514526
224,-27,14.5747537612915
225,-27,14.7543106079102
226,-27,16.6822071075439
227,-27,22.420352935791
228,-27,17.7437305450439
229,-27,20.5339813232422
230,-27,24.4163055419922
231,-27,19.2711486816406
232,-27,20.061149597168
233,-27,22.7371349334717
234,-27,24.6596336364746
235,-27,21.0206680297852
236,-27,11.9277687072754
237,-27,15.2825832366943
238,-27,17.8008460998535
239,-27,15.0232696533203
240,-27,24.5031585693359
241,-27,29.2498893737793
242,-27,42.6399307250977
243,-27,68.9674530029297
244,-27,91.4386291503906
245,-27,60.1297225952149
246,-27,71.7197570800781
247,-27,57.6860885620117
248,-27,44.5046768188477
249,-27,44.1151924133301
250,-27,34.1427307128906
251,-27,28.1074237823486
252,-27,25.3548049926758
253,-27,23.7430210113525
254,-27,25.1206512451172
255,-27,29.556245803833
256,-27,43.6987915039063
257,-27,99.0650939941406
258,-27,119.006225585938
259,-27,126.41561126709
260,-27,142.229705810547
261,-27,162.312561035156
262,-27,184.754623413086
263,-27,148.173797607422
264,-27,177.015808105469
265,-27,252.028793334961
266,-27,1228.12426757813
267,-27,2874.6318359375
268,-27,1142.47888183594
269,-27,425.580902099609
270,-27,240.939147949219
271,-27,106.398277282715
272,-27,103.419891357422
273,-27,58.083984375
274,-27,45.0547485351563
275,-27,40.1894950866699
276,-27,33.9817352294922
277,-27,33.537467956543
278,-27,34.0246810913086
279,-27,40.3938865661621
280,-27,33.5279388427734
281,-27,28.4005680084229
282,-27,27.2403697967529
283,-27,31.0780830383301
284,-27,28.7504787445068
285,-27,22.0224704742432
286,-27,16.2181396484375
287,-27,12.6320133209229
288,-27,12.2768716812134
289,-27,11.6605291366577
290,-27,10.6005020141602
291,-27,9.2261791229248
292,-27,10.0637454986572
293,-27,12.2363109588623
294,-27,13.1365461349487
295,-27,16.252082824707
296,-27,14.730094909668
297,-27,11.9543361663818
298,-27,14.0394830703735
299,-27,12.3767375946045
300,-27,9.73434734344482
301,-27,11.0676250457764
302,-27,11.2697486877441
303,-27,8.9650411605835
304,-27,7.50039386749268
305,-27,6.68994140625
309,-27,7.87123203277588
310,-27,10.1513557434082
311,-27,8.67846965789795
312,-27,7.68144083023071
313,-27,8.48147773742676
314,-27,8.56997585296631
315,-27,7.55908679962158
316,-27,7.04104328155518
317,-27,6.18904495239258
318,-27,7.01229095458984
319,-27,6.69390916824341
320,-27,6.49122714996338
96,-26,7.13101005554199
97,-26,6.91264867782593
98,-26,7.13038301467896
99,-26,8.18968009948731
100,-26,10.0603466033936
101,-26,13.5588340759277
102,-26,14.4776811599731
103,-26,22.0105361938477
104,-26,24.5465641021729
105,-26,32.8270797729492
106,-26,27.5115966796875
107,-26,38.9379081726074
108,-26,41.8844261169434
109,-26,41.8967399597168
110,-26,80.1717834472656
111,-26,94.98974609375
112,-26,66.5076293945313
113,-26,83.0740661621094
114,-26,85.2290954589844
115,-26,87.9088439941406
116,-26,65.7289581298828
117,-26,50.9491729736328
118,-26,108.990173339844
119,-26,38.8000106811523
120,-26,41.1748161315918
121,-26,26.3326072692871
122,-26,21.064582824707
123,-26,19.4396705627441
124,-26,15.0655822753906
125,-26,15.4233551025391
126,-26,16.9255981445313
127,-26,11.8416128158569
128,-26,9.36757755279541
129,-26,11.3342714309692
130,-26,11.204231262207
131,-26,10.2350997924805
132,-26,10.2998218536377
133,-26,15.6539974212647
134,-26,14.6723785400391
135,-26,15.5561103820801
136,-26,15.668438911438
137,-26,12.6606292724609
138,-26,11.1258029937744
139,-26,11.8726177215576
140,-26,12.8384761810303
141,-26,11.2193164825439
142,-26,9.92070960998535
143,-26,7.67429494857788
144,-26,7.93240165710449
145,-26,7.51380252838135
146,-26,8.00473403930664
147,-26,8.81728744506836
148,-26,7.84183025360107
149,-26,6.88282871246338
150,-26,6.600905418396
151,-26,7.35095024108887
153,-26,6.04347896575928
154,-26,6.38106298446655
155,-26,7.25724697113037
156,-26,6.76070499420166
157,-26,6.92517423629761
158,-26,7.12522745132446
159,-26,6.72043085098267
160,-26,6.34885692596436
161,-26,7.04908132553101
162,-26,8.12522506713867
163,-26,8.70371437072754
164,-26,8.40606498718262
165,-26,6.54913187026978
171,-26,6.20646476745606
172,-26,6.12296867370606
177,-26,6.74750804901123
178,-26,6.30942249298096
179,-26,6.32515144348145
180,-26,7.95794630050659
181,-26,8.39279937744141
182,-26,8.1245584487915
183,-26,7.52692461013794
184,-26,7.71727705001831
185,-26,8.03954029083252
186,-26,8.47361660003662
187,-26,8.49448585510254
188,-26,7.93655490875244
189,-26,6.66130876541138
190,-26,7.94977760314941
191,-26,7.51904773712158
192,-26,7.79600763320923
193,-26,8.14193534851074
194,-26,7.94514179229736
195,-26,8.22009944915772
196,-26,8.58278179168701
197,-26,7.39966058731079
198,-26,7.12364053726196
199,-26,7.0790376663208
200,-26,6.42469358444214
202,-26,6.09214544296265
203,-26,6.66259860992432
204,-26,6.97958707809448
205,-26,6.54018592834473
206,-26,6.13284826278687
207,-26,6.71049976348877
208,-26,6.52856826782227
209,-26,6.67238235473633
210,-26,6.78619003295898
211,-26,6.77227020263672
212,-26,6.04998397827148
213,-26,6.75303363800049
214,-26,7.70296669006348
215,-26,7.02637529373169
216,-26,7.99094200134277
217,-26,9.35004425048828
218,-26,9.15708255767822
219,-26,9.4694356918335
220,-26,11.2209959030151
221,-26,12.050012588501
222,-26,15.2883014678955
223,-26,13.5431394577026
224,-26,15.9358921051025
225,-26,17.2106704711914
226,-26,15.0807018280029
227,-26,14.1921997070313
228,-26,15.7464809417725
229,-26,20.3989448547363
230,-26,20.0450496673584
231,-26,17.1395092010498
232,-26,29.880916595459
233,-26,31.4792785644531
234,-26,25.3079204559326
235,-26,27.3777961730957
236,-26,25.434700012207
237,-26,25.2188816070557
238,-26,35.6983947753906
239,-26,13.6744155883789
240,-26,13.7222919464111
241,-26,19.9812755584717
242,-26,32.4727020263672
243,-26,63.1067657470703
244,-26,101.180328369141
245,-26,49.0368194580078
246,-26,68.0183486938477
247,-26,61.7179336547852
248,-26,53.1653213500977
249,-26,50.043327331543
250,-26,39.0083274841309
251,-26,32.343132019043
252,-26,27.7438888549805
253,-26,25.6249237060547
254,-26,26.1756095886231
255,-26,34.5818405151367
256,-26,44.3439750671387
257,-26,58.8952140808106
258,-26,90.8730087280273
259,-26,91.4776382446289
260,-26,97.4306030273438
261,-26,139.335830688477
262,-26,194.341827392578
263,-26,195.016510009766
264,-26,189.503829956055
265,-26,196.000930786133
266,-26,467.489624023438
267,-26,2019.70263671875
268,-26,2042.17407226563
269,-26,852.558471679688
270,-26,453.263519287109
271,-26,230.483612060547
272,-26,107.102409362793
273,-26,74.5650329589844
274,-26,65.0656204223633
275,-26,51.7105445861817
276,-26,38.4985847473145
277,-26,40.250862121582
278,-26,53.1835632324219
279,-26,56.5273551940918
280,-26,39.1013412475586
281,-26,33.1376571655273
282,-26,33.9360694885254
283,-26,37.7221145629883
284,-26,30.6031036376953
285,-26,23.1323280334473
286,-26,18.4074325561523
287,-26,14.6650886535645
288,-26,14.6272811889648
289,-26,14.7864646911621
290,-26,9.18241214752197
291,-26,11.227388381958
292,-26,13.7246265411377
293,-26,14.2127437591553
294,-26,12.0496320724487
295,-26,11.9888591766357
296,-26,12.5587816238403
297,-26,10.9521856307983
298,-26,9.71067810058594
299,-26,12.5661392211914
300,-26,10.7565202713013
301,-26,10.815938949585
302,-26,13.655122756958
303,-26,10.6358413696289
304,-26,9.27047538757324
305,-26,6.29230213165283
309,-26,6.87241172790527
310,-26,8.30947208404541
311,-26,7.42251396179199
312,-26,8.05514335632324
313,-26,7.22171354293823
314,-26,8.05838966369629
315,-26,7.4902777671814
316,-26,7.15761041641235
317,-26,6.65759563446045
81,-25,7.25608348846436
96,-25,6.05700874328613
97,-25,6.48447179794312
98,-25,7.04868650436401
99,-25,8.76786231994629
100,-25,10.7989473342896
101,-25,11.909143447876
102,-25,17.3758220672607
103,-25,26.7195472717285
104,-25,23.9008255004883
105,-25,23.6433200836182
106,-25,22.6824836730957
107,-25,35.4890594482422
108,-25,40.0252151489258
109,-25,59.4075469970703
110,-25,86.5550537109375
111,-25,121.352188110352
112,-25,104.592636108398
113,-25,93.8912811279297
114,-25,95.6121597290039
115,-25,68.3570175170899
116,-25,53.815788269043
117,-25,52.8310813903809
118,-25,35.8010559082031
119,-25,26.168399810791
120,-25,25.6637516021729
121,-25,21.5463027954102
122,-25,18.9923152923584
123,-25,16.8883304595947
124,-25,16.4882144927979
125,-25,13.0085716247559
126,-25,11.6850280761719
127,-25,9.76127243041992
128,-25,10.4169321060181
129,-25,11.5773630142212
130,-25,11.2946071624756
131,-25,12.0746212005615
132,-25,13.0420503616333
133,-25,15.7958192825317
134,-25,27.9793357849121
135,-25,19.8920059204102
136,-25,16.1745471954346
137,-25,14.7544212341309
138,-25,14.3598537445068
139,-25,12.8667030334473
140,-25,12.6881132125855
141,-25,10.4129962921143
142,-25,8.48498725891113
143,-25,6.77397155761719
144,-25,7.22963619232178
145,-25,6.27743434906006
146,-25,7.0110821723938
147,-25,6.67984628677368
148,-25,6.50787734985352
149,-25,6.56754398345947
154,-25,6.21748876571655
161,-25,7.24509906768799
162,-25,8.49605464935303
163,-25,9.15280342102051
164,-25,8.09149169921875
165,-25,7.02356910705566
166,-25,8.62862682342529
167,-25,7.69741153717041
168,-25,6.28583526611328
178,-25,6.58809757232666
179,-25,6.91947841644287
180,-25,8.2990608215332
181,-25,9.64835453033447
182,-25,8.27802848815918
183,-25,8.70109176635742
184,-25,8.762770652771
185,-25,9.03793048858643
186,-25,9.82229900360107
187,-25,9.84524726867676
188,-25,9.00563049316406
189,-25,9.9356050491333
190,-25,9.12326240539551
191,-25,9.49358940124512
192,-25,8.21475696563721
193,-25,9.31634044647217
194,-25,9.60706615447998
195,-25,11.9864988327026
196,-25,12.1212501525879
197,-25,9.94468688964844
198,-25,8.691481590271
199,-25,9.36421203613281
200,-25,7.02171564102173
201,-25,6.82160425186157
202,-25,6.72487831115723
203,-25,7.38116788864136
204,-25,6.95541763305664
205,-25,6.97668313980103
206,-25,7.50394535064697
207,-25,8.21105289459229
208,-25,7.22386884689331
209,-25,7.40382862091065
210,-25,7.29812240600586
211,-25,6.79403781890869
212,-25,6.86974668502808
213,-25,8.46517181396484
214,-25,8.27951335906982
215,-25,7.80493021011353
216,-25,8.79494476318359
217,-25,9.59775733947754
218,-25,8.51325511932373
219,-25,9.02031135559082
220,-25,10.5097551345825
221,-25,11.4979085922241
222,-25,12.2816495895386
223,-25,13.3250007629395
224,-25,15.8984861373901
225,-25,16.6811695098877
226,-25,14.1172828674316
227,-25,11.3009958267212
228,-25,13.4326877593994
229,-25,17.2493591308594
230,-25,17.2961139678955
231,-25,18.1165237426758
232,-25,24.2132301330566
233,-25,31.6625022888184
234,-25,42.2167663574219
235,-25,31.3617858886719
236,-25,32.7198638916016
237,-25,22.8464813232422
238,-25,15.9881505966187
239,-25,11.7757215499878
240,-25,11.8029346466064
241,-25,13.2960510253906
242,-25,23.1338081359863
243,-25,40.7449188232422
244,-25,106.337112426758
245,-25,115.106140136719
246,-25,122.607223510742
247,-25,240.535827636719
248,-25,73.6637115478516
249,-25,58.968448638916
250,-25,41.9222831726074
251,-25,35.9832916259766
252,-25,33.6671829223633
253,-25,34.4573364257813
254,-25,32.0966377258301
255,-25,31.1141357421875
256,-25,44.8102378845215
257,-25,69.9541168212891
258,-25,82.0082626342773
259,-25,102.325180053711
260,-25,96.4000244140625
261,-25,118.272674560547
262,-25,199.977142333984
263,-25,193.10530090332
264,-25,164.919692993164
265,-25,156.458740234375
266,-25,356.283508300781
267,-25,672.528076171875
268,-25,2050.71606445313
269,-25,1414.70581054688
270,-25,618.402770996094
271,-25,231.080444335938
272,-25,157.968933105469
273,-25,118.946578979492
274,-25,70.3203353881836
275,-25,53.8865203857422
276,-25,42.584602355957
277,-25,36.1104316711426
278,-25,38.7634887695313
279,-25,40.6796569824219
280,-25,34.9216766357422
281,-25,35.9445877075195
282,-25,41.2604637145996
283,-25,33.0041084289551
284,-25,23.1599998474121
285,-25,19.667121887207
286,-25,16.6038646697998
287,-25,17.1436996459961
288,-25,17.3402671813965
289,-25,12.6363840103149
290,-25,10.6667251586914
291,-25,11.0987176895142
292,-25,13.859302520752
293,-25,11.9323244094849
294,-25,11.7282972335815
295,-25,11.3910598754883
296,-25,10.2204904556274
297,-25,11.3882627487183
298,-25,12.09485912323
299,-25,12.5792989730835
300,-25,12.4610118865967
301,-25,13.5711288452148
302,-25,15.2290983200073
303,-25,13.4456577301025
304,-25,8.14865779876709
305,-25,6.50320053100586
306,-25,6.69646883010864
310,-25,7.16974067687988
311,-25,6.86498260498047
312,-25,6.47625494003296
313,-25,6.03805828094482
314,-25,6.28730058670044
315,-25,7.11459922790527
316,-25,6.54122066497803
97,-24,6.2484188079834
98,-24,8.75498485565186
99,-24,9.438551902771
100,-24,12.140869140625
101,-24,11.9918527603149
102,-24,15.4311428070068
103,-24,22.6617126464844
104,-24,20.5906410217285
105,-24,24.1716079711914
106,-24,24.2852916717529
107,-24,28.1480598449707
108,-24,43.6036682128906
109,-24,90.5090103149414
110,-24,109.418807983398
111,-24,113.200637817383
112,-24,111.290451049805
113,-24,126.77791595459
114,-24,82.2095108032227
115,-24,71.088020324707
116,-24,99.9783477783203
117,-24,66.3979263305664
118,-24,47.1334037780762
119,-24,36.8381729125977
120,-24,22.9222049713135
121,-24,19.3264236450195
122,-24,22.9718284606934
123,-24,16.4290199279785
124,-24,12.8829708099365
125,-24,10.7545385360718
126,-24,10.0523872375488
127,-24,10.285231590271
128,-24,9.97599506378174
129,-24,10.4653911590576
130,-24,11.5345935821533
131,-24,12.8291645050049
132,-24,14.7624502182007
133,-24,15.2845420837402
134,-24,16.7548599243164
135,-24,24.0767459869385
136,-24,20.8209190368652
137,-24,18.4760265350342
138,-24,17.6937694549561
139,-24,12.7421684265137
140,-24,9.26649856567383
141,-24,8.9067440032959
142,-24,7.43212842941284
145,-24,6.07496356964111
146,-24,6.08403730392456
154,-24,6.07332706451416
157,-24,7.20312786102295
159,-24,6.15994167327881
160,-24,6.85435199737549
161,-24,6.8689169883728
162,-24,7.1639986038208
163,-24,8.29448127746582
164,-24,8.04409599304199
165,-24,7.29048299789429
166,-24,7.59325456619263
167,-24,10.3885927200317
168,-24,9.68960952758789
178,-24,6.60809373855591
180,-24,6.28672742843628
181,-24,8.05937480926514
182,-24,9.78759384155273
183,-24,8.12255764007568
184,-24,9.04536914825439
185,-24,8.02501106262207
186,-24,9.67603302001953
187,-24,8.97299385070801
188,-24,10.1827144622803
189,-24,9.18391704559326
190,-24,8.67190456390381
191,-24,9.51217174530029
192,-24,9.57080841064453
193,-24,10.2119750976563
194,-24,13.0155143737793
195,-24,13.3586883544922
196,-24,13.2885589599609
197,-24,12.7698192596436
198,-24,12.6264352798462
199,-24,10.1275310516357
200,-24,10.075608253479
201,-24,8.71523857116699
202,-24,6.84067487716675
203,-24,8.38864040374756
204,-24,7.95816278457642
205,-24,6.75588989257813
206,-24,7.77215433120728
207,-24,7.75243663787842
208,-24,7.29110240936279
209,-24,6.79927396774292
210,-24,6.51951503753662
211,-24,7.16304302215576
212,-24,8.12451553344727
213,-24,8.27779388427734
214,-24,8.79316806793213
215,-24,8.7267951965332
216,-24,8.15268898010254
217,-24,9.59347629547119
218,-24,9.60247993469238
219,-24,11.0749406814575
220,-24,11.7029733657837
221,-24,11.4294605255127
222,-24,12.3958292007446
223,-24,14.502685546875
224,-24,14.4881725311279
225,-24,14.2150983810425
226,-24,13.6343259811401
227,-24,12.069164276123
228,-24,13.7358684539795
229,-24,13.827220916748
230,-24,14.0704288482666
231,-24,12.6320877075195
232,-24,18.2318592071533
233,-24,23.2856864929199
234,-24,26.891357421875
235,-24,33.1478385925293
236,-24,24.2385673522949
237,-24,15.4308080673218
238,-24,22.0534229278564
239,-24,19.4519786834717
240,-24,14.2727365493774
241,-24,14.4308948516846
242,-24,23.5432472229004
243,-24,27.6726016998291
244,-24,67.248405456543
245,-24,287.219146728516
246,-24,321.3310546875
247,-24,175.651138305664
248,-24,145.274276733398
249,-24,190.726455688477
250,-24,157.612731933594
251,-24,108.786399841309
252,-24,72.0723724365234
253,-24,37.1298370361328
254,-24,37.1585998535156
255,-24,29.0081100463867
256,-24,39.1777114868164
257,-24,60.7771377563477
258,-24,85.3856582641602
259,-24,98.3548278808594
260,-24,101.229133605957
261,-24,145.592269897461
262,-24,137.866058349609
263,-24,121.081802368164
264,-24,104.807640075684
265,-24,99.621467590332
266,-24,189.470458984375
267,-24,342.241638183594
268,-24,999.004577636719
269,-24,1433.50463867188
270,-24,1339.24890136719
271,-24,445.145324707031
272,-24,415.354431152344
273,-24,124.844192504883
274,-24,81.7732391357422
275,-24,62.9402084350586
276,-24,54.3986320495606
277,-24,54.1534729003906
278,-24,37.9326515197754
279,-24,31.4225578308105
280,-24,29.7061309814453
281,-24,45.5712203979492
282,-24,48.5397605895996
283,-24,26.6425685882568
284,-24,18.9412326812744
285,-24,19.4907417297363
286,-24,17.1019706726074
287,-24,15.2155113220215
288,-24,14.0594882965088
289,-24,9.76632881164551
290,-24,10.671558380127
291,-24,10.1599473953247
292,-24,9.60459136962891
293,-24,11.88161277771
294,-24,13.9884080886841
295,-24,12.175178527832
296,-24,10.0064029693604
297,-24,10.6456308364868
298,-24,11.4768981933594
299,-24,11.1651210784912
300,-24,12.3517417907715
301,-24,13.591588973999
302,-24,14.7892942428589
303,-24,13.4753322601318
304,-24,8.34868335723877
305,-24,7.43369150161743
306,-24,7.99086570739746
307,-24,6.58284997940064
312,-24,7.25715637207031
313,-24,6.3026762008667
314,-24,6.54731369018555
315,-24,6.148521900177
94,-23,7.02440643310547
95,-23,6.54272842407227
96,-23,6.84222078323364
97,-23,7.11532974243164
98,-23,9.01249694824219
99,-23,11.0699911117554
100,-23,12.5052795410156
101,-23,13.4051094055176
102,-23,17.7209491729736
103,-23,17.5014324188232
104,-23,23.0757751464844
105,-23,27.6998901367188
106,-23,32.7337455749512
107,-23,30.1771812438965
108,-23,47.527156829834
109,-23,83.0778045654297
110,-23,130.999450683594
111,-23,147.401962280273
112,-23,143.665725708008
113,-23,103.73600769043
114,-23,65.9010162353516
115,-23,57.1499176025391
116,-23,73.8520889282227
117,-23,86.7751235961914
118,-23,60.0153388977051
119,-23,39.9406776428223
120,-23,34.5333251953125
121,-23,29.6401882171631
122,-23,18.0995082855225
123,-23,15.6898975372314
124,-23,13.0922613143921
125,-23,12.5405082702637
126,-23,11.464822769165
127,-23,9.97803783416748
128,-23,9.3893346786499
129,-23,9.79102039337158
130,-23,9.74890804290771
131,-23,13.8494596481323
132,-23,17.6913642883301
133,-23,17.7548236846924
134,-23,15.6938982009888
135,-23,27.625602722168
136,-23,21.0049877166748
137,-23,17.4498863220215
138,-23,13.8494567871094
139,-23,9.62993240356445
140,-23,8.57089233398438
141,-23,8.17439842224121
142,-23,7.83016872406006
143,-23,6.58042526245117
144,-23,6.15127563476563
145,-23,6.27377653121948
146,-23,6.8745698928833
152,-23,6.88137865066528
153,-23,6.62868595123291
156,-23,6.22333240509033
157,-23,6.3032431602478
158,-23,6.63268756866455
159,-23,6.34965515136719
162,-23,8.23670101165772
163,-23,6.39735698699951
165,-23,6.27738380432129
166,-23,7.23343658447266
167,-23,8.45710372924805
168,-23,6.4053521156311
169,-23,6.33018398284912
176,-23,6.51171970367432
178,-23,6.34328937530518
181,-23,6.4837703704834
182,-23,8.68764400482178
183,-23,8.77945137023926
184,-23,8.0836181640625
185,-23,6.59575033187866
186,-23,8.29234123229981
187,-23,9.53297901153564
188,-23,7.94013452529907
189,-23,7.80085611343384
190,-23,6.90139389038086
191,-23,7.27525424957275
192,-23,8.89573764801025
193,-23,10.1603059768677
194,-23,12.5837211608887
195,-23,13.1833934783936
196,-23,13.6073627471924
197,-23,12.022759437561
198,-23,12.9081325531006
199,-23,13.3774013519287
200,-23,9.08490371704102
201,-23,9.71384239196777
202,-23,9.74512386322021
203,-23,10.4268684387207
204,-23,8.78264331817627
205,-23,7.34361457824707
206,-23,7.67742872238159
207,-23,7.16683387756348
208,-23,7.30575370788574
209,-23,6.88108348846436
210,-23,7.63454246520996
211,-23,7.42293405532837
212,-23,7.9504508972168
213,-23,8.89834594726563
214,-23,9.98647212982178
215,-23,9.42271709442139
216,-23,9.06125640869141
217,-23,10.13450050354
218,-23,10.9312314987183
219,-23,10.6474485397339
220,-23,10.0971212387085
221,-23,11.0620307922363
222,-23,12.3090496063232
223,-23,12.5584735870361
224,-23,13.2241458892822
225,-23,12.1822710037231
226,-23,13.4594125747681
227,-23,13.3613548278809
228,-23,14.9342403411865
229,-23,13.4135627746582
230,-23,14.5941352844238
231,-23,11.4689426422119
232,-23,14.4059743881226
233,-23,20.9660491943359
234,-23,20.4239387512207
235,-23,27.5993900299072
236,-23,27.5965442657471
237,-23,30.2700939178467
238,-23,20.730297088623
239,-23,18.3497257232666
240,-23,16.8240928649902
241,-23,17.7139072418213
242,-23,24.8462200164795
243,-23,23.581184387207
244,-23,33.940372467041
245,-23,179.995300292969
246,-23,126.003860473633
247,-23,88.9789047241211
248,-23,95.8482055664063
249,-23,61.1199531555176
250,-23,53.6738014221191
251,-23,71.7125625610352
252,-23,57.3143501281738
253,-23,53.5807037353516
254,-23,52.4929580688477
255,-23,47.437198638916
256,-23,60.7526969909668
257,-23,59.5241584777832
258,-23,80.0371627807617
259,-23,83.716796875
260,-23,88.4306335449219
261,-23,124.613265991211
262,-23,122.321685791016
263,-23,112.429214477539
264,-23,115.03914642334
265,-23,99.5271759033203
266,-23,103.99006652832
267,-23,187.912384033203
268,-23,369.984100341797
269,-23,1263.27380371094
270,-23,1919.986328125
271,-23,713.627319335938
272,-23,318.396148681641
273,-23,174.107284545898
274,-23,103.445846557617
275,-23,79.9992141723633
276,-23,58.6724739074707
277,-23,38.0558738708496
278,-23,40.1355285644531
279,-23,31.0917091369629
280,-23,36.270866394043
281,-23,43.0983276367188
282,-23,37.7988052368164
283,-23,25.6608276367188
284,-23,20.2312889099121
285,-23,19.3397617340088
286,-23,18.2733898162842
287,-23,17.858829498291
288,-23,13.7820777893066
289,-23,12.3811435699463
290,-23,9.17362213134766
291,-23,8.38828659057617
292,-23,8.02429103851318
293,-23,13.8718185424805
294,-23,11.3625116348267
295,-23,10.7043113708496
296,-23,9.49417400360107
297,-23,10.1595907211304
298,-23,13.1832485198975
299,-23,13.104380607605
300,-23,15.8611688613892
301,-23,15.8324565887451
302,-23,13.1734275817871
303,-23,10.657751083374
304,-23,8.18060111999512
305,-23,6.45497941970825
306,-23,6.7987699508667
307,-23,6.45190477371216
312,-23,8.28170013427734
313,-23,8.12235736846924
92,-22,7.14061832427979
93,-22,7.02152347564697
94,-22,9.23858833312988
95,-22,9.12908840179443
96,-22,8.85604953765869
97,-22,9.53034973144531
98,-22,11.4487819671631
99,-22,13.9368762969971
100,-22,16.1986846923828
101,-22,18.1074409484863
102,-22,24.1360569000244
103,-22,23.2715396881104
104,-22,28.0622825622559
105,-22,32.7916641235352
106,-22,42.779109954834
107,-22,64.7757034301758
108,-22,71.3314666748047
109,-22,105.000076293945
110,-22,92.9917221069336
111,-22,149.536849975586
112,-22,139.83349609375
113,-22,99.4640197753906
114,-22,72.0735778808594
115,-22,61.9918174743652
116,-22,68.9447631835938
117,-22,77.8212356567383
118,-22,50.2161979675293
119,-22,36.7762565612793
120,-22,24.2664966583252
121,-22,17.8363571166992
122,-22,15.6477489471436
123,-22,14.4509506225586
124,-22,12.3308258056641
125,-22,10.5654621124268
126,-22,10.685697555542
127,-22,10.4044179916382
128,-22,9.53155326843262
129,-22,9.38787364959717
130,-22,9.74337482452393
131,-22,15.4711799621582
132,-22,19.2814617156982
133,-22,19.4408683776855
134,-22,17.3391456604004
135,-22,25.1172142028809
136,-22,19.1539573669434
137,-22,13.7363977432251
138,-22,12.1592855453491
139,-22,9.62951278686523
140,-22,6.39006423950195
141,-22,6.39936637878418
142,-22,7.71978902816773
143,-22,6.46916580200195
145,-22,6.61047983169556
152,-22,7.19985961914063
153,-22,6.8615345954895
155,-22,6.03484058380127
156,-22,7.68986320495606
157,-22,6.96617364883423
162,-22,6.57868099212647
163,-22,7.10470390319824
164,-22,6.97771501541138
165,-22,6.17081308364868
182,-22,6.64870595932007
183,-22,6.33067846298218
184,-22,6.31241703033447
185,-22,6.77750396728516
186,-22,6.4609169960022
191,-22,6.79716157913208
192,-22,7.67817258834839
193,-22,9.84598541259766
194,-22,11.8614025115967
195,-22,10.9010763168335
196,-22,10.9277572631836
197,-22,10.7178497314453
198,-22,13.1011056900024
199,-22,10.4583177566528
200,-22,10.3256425857544
201,-22,8.38608551025391
202,-22,9.6566743850708
203,-22,8.90521907806397
204,-22,8.9525785446167
205,-22,7.69422340393066
206,-22,6.84428024291992
207,-22,7.75212478637695
208,-22,7.02919769287109
209,-22,6.6803126335144
210,-22,7.47886657714844
211,-22,7.88016176223755
212,-22,7.80138683319092
213,-22,9.32682704925537
214,-22,11.0024890899658
215,-22,11.7314310073853
216,-22,9.63786125183105
217,-22,9.01237392425537
218,-22,10.5987100601196
219,-22,9.54695701599121
220,-22,9.44605827331543
221,-22,9.60971260070801
222,-22,10.8513460159302
223,-22,12.2446565628052
224,-22,11.5075397491455
225,-22,11.7341012954712
226,-22,13.6172981262207
227,-22,12.8180742263794
228,-22,13.9976024627686
229,-22,11.5223226547241
230,-22,13.2805128097534
231,-22,13.796745300293
232,-22,16.5905456542969
233,-22,23.1274814605713
234,-22,18.694881439209
235,-22,22.4458198547363
236,-22,31.4710121154785
237,-22,27.0563201904297
238,-22,26.6307029724121
239,-22,21.7391223907471
240,-22,19.3654346466064
241,-22,18.8718090057373
242,-22,28.8111610412598
243,-22,23.9657516479492
244,-22,23.5649147033691
245,-22,34.0343017578125
246,-22,52.3456153869629
247,-22,68.4862442016602
248,-22,86.6512908935547
249,-22,91.3101119995117
250,-22,88.7600784301758
251,-22,57.8002128601074
252,-22,42.5381202697754
253,-22,39.9160881042481
254,-22,40.5495223999024
255,-22,60.6864929199219
256,-22,58.4944458007813
257,-22,64.684814453125
258,-22,75.6717376708984
259,-22,88.7346649169922
260,-22,111.440231323242
261,-22,115.298225402832
262,-22,100.532035827637
263,-22,86.3317031860352
264,-22,96.045394897461
265,-22,105.69490814209
266,-22,123.41178894043
267,-22,148.706161499023
268,-22,280.345397949219
269,-22,634.805786132813
270,-22,1614.126953125
271,-22,1407.423828125
272,-22,523.386047363281
273,-22,240.423522949219
274,-22,130.076034545898
275,-22,121.550048828125
276,-22,66.6744537353516
277,-22,41.0810050964356
278,-22,42.785213470459
279,-22,38.010196685791
280,-22,41.1152000427246
281,-22,37.9794235229492
282,-22,31.1315841674805
283,-22,27.6720218658447
284,-22,20.3005352020264
285,-22,18.2141132354736
286,-22,16.8720283508301
287,-22,15.2423992156982
288,-22,12.53626537323
289,-22,10.8240671157837
290,-22,9.60878944396973
291,-22,8.82906723022461
292,-22,10.2583618164063
293,-22,11.9419012069702
294,-22,9.64063358306885
295,-22,9.42483711242676
296,-22,7.5784764289856
297,-22,9.87822151184082
298,-22,12.5841150283813
299,-22,15.8090372085571
300,-22,18.3483791351318
301,-22,14.3982248306274
302,-22,13.9841403961182
303,-22,12.5566577911377
304,-22,9.81478691101074
305,-22,6.74805021286011
306,-22,6.29674911499023
307,-22,6.43042421340942
311,-22,6.13760280609131
312,-22,10.0247039794922
313,-22,9.06870269775391
314,-22,7.22431564331055
315,-22,6.29426670074463
57,-21,6.90626907348633
88,-21,6.03404760360718
91,-21,6.67894840240479
92,-21,8.00517272949219
93,-21,8.63439178466797
94,-21,10.1451511383057
95,-21,11.721794128418
96,-21,11.951810836792
97,-21,15.6538105010986
98,-21,17.0764598846436
99,-21,19.9683780670166
100,-21,24.8237380981445
101,-21,28.8622608184815
102,-21,33.7709121704102
103,-21,37.5730056762695
104,-21,38.7137641906738
105,-21,38.2108688354492
106,-21,65.5142822265625
107,-21,89.7816314697266
108,-21,76.1176071166992
109,-21,72.6422500610352
110,-21,68.1312789916992
111,-21,97.9649200439453
112,-21,123.838081359863
113,-21,109.302398681641
114,-21,94.6347122192383
115,-21,80.3920440673828
116,-21,66.4620819091797
117,-21,50.014102935791
118,-21,36.8688201904297
119,-21,29.4595165252686
120,-21,19.3269634246826
121,-21,14.9116926193237
122,-21,14.2011070251465
123,-21,13.8145198822021
124,-21,13.6498069763184
125,-21,11.0592803955078
126,-21,11.0437650680542
127,-21,9.66046237945557
128,-21,8.8302526473999
129,-21,9.21957397460938
130,-21,12.2549152374268
131,-21,16.7405853271484
132,-21,20.3725204467773
133,-21,21.254093170166
134,-21,18.7095394134522
135,-21,20.1165103912354
136,-21,15.6396751403809
137,-21,13.1453113555908
138,-21,11.2881259918213
139,-21,8.96376800537109
140,-21,7.15222835540772
143,-21,6.47253322601318
144,-21,6.1342887878418
145,-21,6.28989791870117
150,-21,6.16151285171509
151,-21,6.83676195144653
155,-21,6.48987627029419
156,-21,8.4688081741333
173,-21,8.64611148834229
182,-21,6.37970113754273
183,-21,6.58838415145874
186,-21,6.91208839416504
193,-21,7.48850107192993
194,-21,10.8305892944336
195,-21,11.1544799804688
196,-21,11.2166090011597
197,-21,10.684700012207
198,-21,11.9605007171631
199,-21,12.5744037628174
200,-21,10.8424015045166
201,-21,9.53053855895996
202,-21,8.99332618713379
203,-21,8.83194541931152
204,-21,9.09726238250732
205,-21,9.69999885559082
206,-21,8.20632743835449
207,-21,7.32487344741821
208,-21,7.2820611000061
209,-21,6.25830698013306
210,-21,7.61337900161743
211,-21,6.40959739685059
212,-21,8.25124454498291
213,-21,8.72605895996094
214,-21,13.7463684082031
215,-21,9.7898998260498
216,-21,9.83364868164062
217,-21,9.44025611877441
218,-21,9.07271671295166
219,-21,9.41413974761963
220,-21,9.92918300628662
221,-21,10.8489818572998
222,-21,12.3302116394043
223,-21,12.8721370697021
224,-21,11.0316886901855
225,-21,11.5448207855225
226,-21,11.1050186157227
227,-21,11.9198360443115
228,-21,14.4121017456055
229,-21,12.9352340698242
230,-21,13.8343629837036
231,-21,14.0450096130371
232,-21,15.6411209106445
233,-21,15.3806343078613
234,-21,16.0493564605713
235,-21,19.6915721893311
236,-21,23.7349147796631
237,-21,24.6466789245606
238,-21,29.8529300689697
239,-21,22.8174667358398
240,-21,26.2833824157715
241,-21,31.0058059692383
242,-21,29.3665256500244
243,-21,28.2686939239502
244,-21,40.7262649536133
245,-21,43.6820907592773
246,-21,73.0483779907227
247,-21,50.0041275024414
248,-21,58.4717636108399
249,-21,56.4401931762695
250,-21,62.2349586486816
251,-21,77.5174255371094
252,-21,45.8439254760742
253,-21,34.4375686645508
254,-21,28.9882888793945
255,-21,33.8138160705566
256,-21,42.1275939941406
257,-21,55.8664817810059
258,-21,71.8857727050781
259,-21,80.7799377441406
260,-21,84.9500198364258
261,-21,99.0809020996094
262,-21,108.689979553223
263,-21,86.8938903808594
264,-21,77.3315124511719
265,-21,98.6615295410156
266,-21,109.196548461914
267,-21,155.97981262207
268,-21,164.993789672852
269,-21,263.003723144531
270,-21,997.397216796875
271,-21,1549.74499511719
272,-21,994.356811523438
273,-21,334.087158203125
274,-21,229.316009521484
275,-21,135.850982666016
276,-21,88.7734832763672
277,-21,70.7795562744141
278,-21,44.3881149291992
279,-21,42.8124313354492
280,-21,41.7220993041992
281,-21,38.6351509094238
282,-21,28.6419448852539
283,-21,23.9490127563477
284,-21,24.0376358032227
285,-21,15.9239358901978
286,-21,16.1617984771729
287,-21,13.5324583053589
288,-21,14.146183013916
289,-21,9.72929382324219
290,-21,9.39704704284668
291,-21,8.47343921661377
292,-21,8.46599388122559
293,-21,9.20449924468994
294,-21,10.6796464920044
295,-21,9.64082622528076
296,-21,7.41233921051025
297,-21,9.46242809295654
298,-21,14.4943647384644
299,-21,17.7949619293213
300,-21,15.433482170105
301,-21,15.6083583831787
302,-21,11.865008354187
303,-21,10.0712642669678
304,-21,9.0143346786499
305,-21,6.29615497589111
306,-21,6.12791109085083
307,-21,6.08758068084717
311,-21,6.30708694458008
312,-21,9.30048656463623
313,-21,9.23146915435791
314,-21,7.4835090637207
315,-21,6.17751312255859
337,-21,6.74262189865112
55,-20,6.57687425613403
56,-20,8.34981346130371
90,-20,6.32212352752686
91,-20,8.58515739440918
92,-20,9.1494312286377
93,-20,10.9240407943726
94,-20,12.5841541290283
95,-20,14.4214963912964
96,-20,17.5171127319336
97,-20,24.6120624542236
98,-20,25.0269317626953
99,-20,26.753210067749
100,-20,32.985725402832
101,-20,32.6628875732422
102,-20,32.0698394775391
103,-20,32.330322265625
104,-20,40.849983215332
105,-20,49.0561256408692
106,-20,64.6689147949219
107,-20,93.1856689453125
108,-20,102.566513061523
109,-20,80.5661468505859
110,-20,77.7988586425781
111,-20,80.8721771240234
112,-20,102.560111999512
113,-20,130.942916870117
114,-20,117.858276367188
115,-20,88.2826232910156
116,-20,75.9419708251953
117,-20,49.6789474487305
118,-20,32.7959060668945
119,-20,30.0638942718506
120,-20,17.388500213623
121,-20,13.0529441833496
122,-20,12.7529544830322
123,-20,12.2761974334717
124,-20,10.7076854705811
125,-20,10.4325151443481
126,-20,9.93864345550537
127,-20,10.2094268798828
128,-20,9.13258457183838
129,-20,10.9424362182617
130,-20,13.627103805542
131,-20,17.4064025878906
132,-20,20.1389999389648
133,-20,16.4733295440674
134,-20,18.2344627380371
135,-20,18.6992359161377
136,-20,17.536808013916
137,-20,15.1690187454224
138,-20,12.4418344497681
139,-20,8.93772220611572
140,-20,7.03121995925903
145,-20,6.36870908737183
155,-20,6.50802612304688
156,-20,6.84485006332398
171,-20,6.48933696746826
174,-20,6.26992034912109
182,-20,6.05943441390991
193,-20,6.63608074188232
194,-20,9.63637828826904
195,-20,9.93325614929199
196,-20,9.97456550598145
197,-20,9.36140251159668
198,-20,9.85980033874512
199,-20,10.5496711730957
200,-20,8.89329147338867
201,-20,8.53862190246582
202,-20,8.31793403625488
203,-20,7.89790439605713
204,-20,8.87290000915527
205,-20,10.4112377166748
206,-20,8.91216564178467
207,-20,7.16231679916382
208,-20,7.82557535171509
209,-20,7.12979888916016
210,-20,6.97883987426758
211,-20,7.49107551574707
212,-20,8.31327438354492
213,-20,8.3367338180542
214,-20,10.5186862945557
215,-20,8.82331371307373
216,-20,8.77198696136475
217,-20,9.07982063293457
218,-20,8.92129898071289
219,-20,10.5254898071289
220,-20,10.7531070709229
221,-20,9.85031795501709
222,-20,10.625394821167
223,-20,10.8792743682861
224,-20,9.93415927886963
225,-20,9.77886772155762
226,-20,10.0592775344849
227,-20,12.2508535385132
228,-20,13.9984912872314
229,-20,14.7221946716309
230,-20,14.196608543396
231,-20,11.977744102478
232,-20,12.9239664077759
233,-20,14.4642391204834
234,-20,14.4330129623413
235,-20,15.2383403778076
236,-20,15.4641342163086
237,-20,18.540470123291
238,-20,23.3541870117188
239,-20,25.6437168121338
240,-20,25.7611427307129
241,-20,29.5134239196777
242,-20,31.5844707489014
243,-20,54.3977546691895
244,-20,119.41138458252
245,-20,97.6214904785156
246,-20,95.7757339477539
247,-20,77.0250473022461
248,-20,53.2311248779297
249,-20,49.8919639587402
250,-20,47.5668869018555
251,-20,39.4227485656738
252,-20,46.1664009094238
253,-20,46.0566673278809
254,-20,29.8712730407715
255,-20,28.7415466308594
256,-20,30.158748626709
257,-20,35.6659240722656
258,-20,46.196834564209
259,-20,43.4537887573242
260,-20,67.8199081420899
261,-20,84.0221252441406
262,-20,113.23738861084
263,-20,85.8338470458985
264,-20,106.621292114258
265,-20,91.6396789550781
266,-20,96.7033920288086
267,-20,125.977584838867
268,-20,160.707260131836
269,-20,235.496124267578
270,-20,551.236022949219
271,-20,1892.2373046875
272,-20,2079.46215820313
273,-20,555.471496582031
274,-20,494.073822021484
275,-20,141.352996826172
276,-20,102.095504760742
277,-20,82.7236099243164
278,-20,50.4876937866211
279,-20,39.2088317871094
280,-20,42.2715301513672
281,-20,34.8723487854004
282,-20,26.7088489532471
283,-20,22.4323959350586
284,-20,20.039379119873
285,-20,18.8100070953369
286,-20,15.1489725112915
287,-20,15.9226093292236
288,-20,11.9368009567261
289,-20,10.6242189407349
290,-20,9.02237319946289
291,-20,8.99922466278076
292,-20,10.2116403579712
293,-20,9.87585639953613
294,-20,10.2925987243652
295,-20,10.1425323486328
296,-20,10.2346105575562
297,-20,12.0243902206421
298,-20,15.780161857605
299,-20,19.5713691711426
300,-20,16.2398910522461
301,-20,13.8122787475586
302,-20,12.0058193206787
303,-20,10.2974033355713
304,-20,8.31042289733887
305,-20,7.29782962799072
311,-20,6.6582202911377
312,-20,8.16385650634766
313,-20,7.46439027786255
314,-20,6.95070886611939
54,-19,6.93826866149902
55,-19,7.56691551208496
56,-19,9.08810234069824
57,-19,6.51650524139404
80,-19,6.07597208023071
83,-19,6.03456878662109
84,-19,6.22148084640503
86,-19,7.35609436035156
87,-19,6.44826173782349
88,-19,6.77262687683106
89,-19,6.76816892623901
90,-19,9.72659683227539
91,-19,10.0005989074707
92,-19,8.34111022949219
93,-19,8.58540058135986
94,-19,11.3619709014893
95,-19,13.5708198547363
96,-19,20.4818801879883
97,-19,25.1018371582031
98,-19,23.2075347900391
99,-19,26.55002784729
100,-19,30.9416999816895
101,-19,47.5017814636231
102,-19,50.0765609741211
103,-19,40.1204719543457
104,-19,39.1645355224609
105,-19,49.1555480957031
106,-19,56.193717956543
107,-19,86.6704711914063
108,-19,153.024932861328
109,-19,112.026306152344
110,-19,92.5446166992188
111,-19,92.5199432373047
112,-19,223.159698486328
113,-19,230.769058227539
114,-19,115.52628326416
115,-19,77.485107421875
116,-19,51.0696907043457
117,-19,46.6963310241699
118,-19,43.2207832336426
119,-19,22.7647533416748
120,-19,15.666127204895
121,-19,11.4226150512695
122,-19,12.9549932479858
123,-19,11.2873649597168
124,-19,10.3301582336426
125,-19,9.94227886199951
126,-19,9.93848133087158
127,-19,8.73302459716797
128,-19,8.77711868286133
129,-19,9.62969779968262
130,-19,12.0688591003418
131,-19,12.4644393920898
132,-19,19.2326545715332
133,-19,22.9271850585938
134,-19,22.0610294342041
135,-19,16.7977619171143
136,-19,14.2942028045654
137,-19,11.2753610610962
138,-19,8.59113883972168
139,-19,7.44422101974487
140,-19,6.68947744369507
145,-19,6.56126260757446
152,-19,6.07456016540527
155,-19,6.04693603515625
156,-19,6.25127077102661
157,-19,6.23634958267212
168,-19,6.08433961868286
174,-19,6.98666143417358
190,-19,6.51733160018921
192,-19,6.14463615417481
193,-19,7.56295442581177
194,-19,8.7913875579834
195,-19,9.59701061248779
196,-19,8.25156402587891
197,-19,8.67355155944824
198,-19,8.71694087982178
199,-19,7.94422626495361
200,-19,8.20458602905273
201,-19,8.92474746704102
202,-19,9.52158164978027
203,-19,9.55305290222168
204,-19,10.2419786453247
205,-19,10.2702198028564
206,-19,11.2536430358887
207,-19,9.4178295135498
208,-19,8.96970844268799
209,-19,8.17686653137207
210,-19,8.91617774963379
211,-19,8.44235134124756
212,-19,8.51450252532959
213,-19,7.62253999710083
214,-19,9.09828948974609
215,-19,9.03033828735352
216,-19,10.0811977386475
217,-19,8.60886287689209
218,-19,9.63644504547119
219,-19,10.3048677444458
220,-19,10.0308952331543
221,-19,8.42601013183594
222,-19,9.1296215057373
223,-19,8.68305492401123
224,-19,8.79020214080811
225,-19,8.68266487121582
226,-19,8.63690757751465
227,-19,10.0814456939697
228,-19,12.0770034790039
229,-19,13.2650165557861
230,-19,12.7953100204468
231,-19,10.731071472168
232,-19,11.0043249130249
233,-19,13.1883106231689
234,-19,12.623592376709
235,-19,13.9659271240234
236,-19,13.5723342895508
237,-19,20.9882984161377
238,-19,21.4681129455566
239,-19,30.1957569122314
240,-19,30.7123832702637
241,-19,22.6000652313232
242,-19,57.5169143676758
243,-19,90.7726440429687
244,-19,51.9709320068359
245,-19,67.1982574462891
246,-19,88.4350662231445
247,-19,99.5318298339844
248,-19,89.9107894897461
249,-19,98.3050994873047
250,-19,64.7671966552734
251,-19,64.8487319946289
252,-19,44.5868034362793
253,-19,34.2928886413574
254,-19,32.5315589904785
255,-19,26.788537979126
256,-19,27.3725318908691
257,-19,29.3317489624023
258,-19,31.6095867156982
259,-19,56.5288581848145
260,-19,76.1046981811523
261,-19,85.070671081543
262,-19,69.2022933959961
263,-19,64.6332092285156
264,-19,77.8515853881836
265,-19,74.9601898193359
266,-19,94.3711090087891
267,-19,101.161201477051
268,-19,151.304306030273
269,-19,251.364776611328
270,-19,308.005493164063
271,-19,786.016479492188
272,-19,1313.28088378906
273,-19,986.928649902344
274,-19,365.080261230469
275,-19,191.415985107422
276,-19,110.504089355469
277,-19,75.7580337524414
278,-19,55.1813049316406
279,-19,54.0923919677734
280,-19,46.288818359375
281,-19,38.2359733581543
282,-19,22.5589218139648
283,-19,17.2634449005127
284,-19,24.0729522705078
285,-19,24.0280075073242
286,-19,17.8889007568359
287,-19,14.9189805984497
288,-19,11.2615146636963
289,-19,10.4164056777954
290,-19,10.2021799087524
291,-19,9.89955043792725
292,-19,10.0442943572998
293,-19,10.1982555389404
294,-19,12.3660087585449
295,-19,11.8666791915894
296,-19,9.95050716400146
297,-19,13.652214050293
298,-19,19.0226821899414
299,-19,20.8246059417725
300,-19,17.1391201019287
301,-19,11.395170211792
302,-19,11.2916202545166
303,-19,11.1117782592773
304,-19,9.17852401733398
305,-19,6.39669132232666
306,-19,6.50970649719238
307,-19,6.30734443664551
308,-19,7.3668270111084
311,-19,7.75757789611816
312,-19,6.04513883590698
313,-19,7.03865432739258
314,-19,6.60828018188477
315,-19,6.38909530639648
316,-19,6.68445777893066
34,-18,6.22535133361816
53,-18,7.76262950897217
54,-18,8.27131938934326
55,-18,10.4481706619263
56,-18,9.25973415374756
73,-18,6.6696629524231
74,-18,7.80817794799805
75,-18,7.61286878585815
79,-18,6.77847051620483
80,-18,6.40840721130371
82,-18,6.25782918930054
83,-18,6.82724475860596
85,-18,6.69065427780151
86,-18,7.19190120697022
87,-18,6.76795148849487
88,-18,7.85484409332275
89,-18,9.37415981292725
90,-18,13.31422996521
91,-18,14.9939517974854
92,-18,12.1098785400391
93,-18,11.3889865875244
94,-18,14.6240215301514
95,-18,19.7930450439453
96,-18,18.3423805236816
97,-18,19.4113655090332
98,-18,31.7620353698731
99,-18,35.8294219970703
100,-18,40.968864440918
101,-18,43.8828163146973
102,-18,58.1735305786133
103,-18,48.906867980957
104,-18,59.5425720214844
105,-18,46.2132377624512
106,-18,44.4355316162109
107,-18,74.2577819824219
108,-18,106.779510498047
109,-18,219.879272460938
110,-18,124.534484863281
111,-18,138.900588989258
112,-18,130.491271972656
113,-18,123.814659118652
114,-18,91.029426574707
115,-18,61.3045539855957
116,-18,45.678337097168
117,-18,30.5805816650391
118,-18,25.3978176116943
119,-18,16.7424716949463
120,-18,11.2617244720459
121,-18,9.95479869842529
122,-18,10.5906953811646
123,-18,8.49678325653076
124,-18,10.4661426544189
125,-18,10.5459175109863
126,-18,8.03996849060059
127,-18,7.24428558349609
128,-18,6.57343482971191
129,-18,7.27463293075562
130,-18,9.02375793457031
131,-18,10.3018760681152
132,-18,16.9050769805908
133,-18,21.3497085571289
134,-18,26.8106307983398
135,-18,13.7261171340942
136,-18,11.6504831314087
137,-18,9.42393589019775
139,-18,6.15088558197022
140,-18,6.54745483398438
141,-18,6.22450160980225
142,-18,6.61493110656738
144,-18,7.19140720367432
154,-18,7.0681266784668
155,-18,7.15692377090454
156,-18,7.16263484954834
157,-18,6.67051792144775
181,-18,6.10138559341431
182,-18,6.16703510284424
183,-18,6.77332544326782
184,-18,6.86105060577393
193,-18,6.25414514541626
194,-18,8.07676887512207
195,-18,9.38791465759277
196,-18,8.16626739501953
197,-18,7.30841493606567
198,-18,8.93641757965088
199,-18,8.19969749450684
200,-18,9.44964790344238
201,-18,8.89366340637207
202,-18,8.14143943786621
203,-18,8.25873756408691
204,-18,9.61569976806641
205,-18,9.79389953613281
206,-18,10.448540687561
207,-18,7.96806907653809
208,-18,8.21568489074707
209,-18,7.86907196044922
210,-18,9.24976444244385
211,-18,10.4882078170776
212,-18,9.1062650680542
213,-18,9.7019624710083
214,-18,8.68227767944336
215,-18,8.82403373718262
216,-18,8.34885597229004
217,-18,7.58792972564697
218,-18,9.78334999084473
219,-18,10.2933397293091
220,-18,10.0630578994751
221,-18,9.18313789367676
222,-18,9.45947551727295
223,-18,10.1674222946167
224,-18,10.5328378677368
225,-18,8.66421604156494
226,-18,8.36293601989746
227,-18,9.14154434204102
228,-18,11.3638401031494
229,-18,14.1667318344116
230,-18,11.72434425354
231,-18,11.1515207290649
232,-18,10.2889709472656
233,-18,10.6335163116455
234,-18,10.0206918716431
235,-18,14.5549221038818
236,-18,14.2157382965088
237,-18,15.2143678665161
238,-18,25.306676864624
239,-18,34.0847473144531
240,-18,30.8590602874756
241,-18,25.3850040435791
242,-18,41.2129211425781
243,-18,33.3710632324219
244,-18,33.5940666198731
245,-18,41.0025863647461
246,-18,49.2792358398438
247,-18,57.205322265625
248,-18,65.6737060546875
249,-18,67.4919586181641
250,-18,64.8931198120117
251,-18,67.5845260620117
252,-18,71.0397415161133
253,-18,38.0392608642578
254,-18,33.6898956298828
255,-18,41.9896926879883
256,-18,37.0351791381836
257,-18,31.3725986480713
258,-18,27.9575958251953
259,-18,29.5493240356445
260,-18,38.1844367980957
261,-18,44.2810020446777
262,-18,45.7037353515625
263,-18,42.1288375854492
264,-18,51.0653533935547
265,-18,67.8586273193359
266,-18,70.4074020385742
267,-18,82.576171875
268,-18,121.589126586914
269,-18,146.874176025391
270,-18,238.77522277832
271,-18,434.762847900391
272,-18,1444.11791992188
273,-18,3759.58471679688
274,-18,462.314453125
275,-18,239.847259521484
276,-18,115.510261535645
277,-18,85.6291656494141
278,-18,59.9173622131348
279,-18,49.7005233764649
280,-18,38.8860511779785
281,-18,33.6751670837402
282,-18,25.6773338317871
283,-18,22.7710037231445
284,-18,30.5483512878418
285,-18,28.0581092834473
286,-18,17.6696319580078
287,-18,14.1162376403809
288,-18,12.3314228057861
289,-18,12.4591274261475
290,-18,11.3892774581909
291,-18,10.64084815979
292,-18,11.7139339447021
293,-18,11.5317077636719
294,-18,10.9679479598999
295,-18,11.9535369873047
296,-18,12.3850040435791
297,-18,17.3161792755127
298,-18,22.8263168334961
299,-18,21.3973808288574
300,-18,14.38414478302
301,-18,12.3367977142334
302,-18,11.8896236419678
303,-18,9.45375156402588
304,-18,8.5694465637207
305,-18,6.98263645172119
306,-18,6.49372100830078
307,-18,7.35765838623047
313,-18,6.4363603591919
315,-18,7.62934494018555
316,-18,8.03130340576172
317,-18,6.48402976989746
320,-18,6.05267524719238
53,-17,11.0883159637451
54,-17,12.9068078994751
55,-17,13.0621976852417
56,-17,6.2391881942749
69,-17,6.47231435775757
72,-17,6.33093023300171
73,-17,6.57457399368286
74,-17,8.16297912597656
75,-17,7.69393920898438
76,-17,6.27483749389648
77,-17,6.5225396156311
78,-17,8.01595306396484
79,-17,8.47829723358154
80,-17,7.22301054000855
81,-17,6.7965841293335
82,-17,7.1269907951355
83,-17,7.19626760482788
84,-17,7.60802173614502
85,-17,9.39439678192139
86,-17,8.02008056640625
87,-17,7.70211982727051
88,-17,10.1831321716309
89,-17,14.3238210678101
90,-17,23.96555519104
91,-17,21.3825950622559
92,-17,14.6475324630737
93,-17,16.0556259155273
94,-17,19.662618637085
95,-17,20.8848686218262
96,-17,20.6873664855957
97,-17,21.6238441467285
98,-17,27.4430847167969
99,-17,39.2935028076172
100,-17,49.286994934082
101,-17,51.007568359375
102,-17,60.7131881713867
103,-17,69.7645492553711
104,-17,60.8970146179199
105,-17,40.8814430236816
106,-17,45.6855125427246
107,-17,68.0544357299805
108,-17,97.3697357177734
109,-17,173.307418823242
110,-17,160.377105712891
111,-17,153.575210571289
112,-17,137.932739257813
113,-17,109.269866943359
114,-17,72.5851211547852
115,-17,48.2940406799316
116,-17,27.702241897583
117,-17,22.300313949585
118,-17,15.8014287948608
119,-17,10.7678165435791
120,-17,10.8573627471924
121,-17,9.50011920928955
122,-17,10.4181995391846
123,-17,8.25800132751465
124,-17,10.2230176925659
125,-17,11.4377326965332
126,-17,7.54662609100342
127,-17,6.06134700775147
130,-17,7.08116865158081
131,-17,10.3597745895386
132,-17,13.9141206741333
133,-17,12.2764186859131
134,-17,17.1515827178955
135,-17,14.485631942749
136,-17,11.6107921600342
137,-17,6.17978620529175
141,-17,6.92269468307495
142,-17,6.38924646377564
143,-17,6.47477865219116
144,-17,7.4202561378479
145,-17,6.54309558868408
154,-17,6.30237817764282
155,-17,6.99761962890625
156,-17,6.79990243911743
181,-17,6.59930229187012
184,-17,7.54176473617554
194,-17,6.87990808486939
195,-17,7.93824195861816
196,-17,8.24850654602051
197,-17,7.47760486602783
198,-17,8.88933086395264
199,-17,8.06676292419434
200,-17,8.64082050323486
201,-17,8.87220573425293
202,-17,8.71832180023193
203,-17,8.34877490997315
204,-17,8.05626487731934
205,-17,10.9971733093262
206,-17,10.156964302063
207,-17,7.9840841293335
208,-17,8.72197818756104
209,-17,8.7996883392334
210,-17,9.37611865997314
211,-17,7.99954271316528
212,-17,8.07952308654785
213,-17,10.9782466888428
214,-17,9.71951866149902
215,-17,8.90990257263184
216,-17,12.4491634368896
217,-17,13.8215112686157
218,-17,8.32152080535889
219,-17,7.82948923110962
220,-17,9.95940399169922
221,-17,10.1101045608521
222,-17,9.91021728515625
223,-17,9.98232746124268
224,-17,10.3923187255859
225,-17,9.86676120758057
226,-17,9.07728672027588
227,-17,8.92428684234619
228,-17,9.63667488098145
229,-17,11.6902475357056
230,-17,12.0491027832031
231,-17,12.3285837173462
232,-17,11.2396402359009
233,-17,10.6908798217773
234,-17,9.13950824737549
235,-17,10.9731206893921
236,-17,14.3453197479248
237,-17,17.4320659637451
238,-17,20.1714553833008
239,-17,26.4083156585693
240,-17,28.7805805206299
241,-17,26.8224601745606
242,-17,23.7776031494141
243,-17,26.5642433166504
244,-17,25.3373641967773
245,-17,37.0540237426758
246,-17,80.4397735595703
247,-17,54.1268005371094
248,-17,47.6386871337891
249,-17,71.0676345825195
250,-17,62.8079528808594
251,-17,74.9096298217773
252,-17,68.4139251708984
253,-17,51.9820060729981
254,-17,38.4346504211426
255,-17,38.7023124694824
256,-17,38.6263465881348
257,-17,30.684606552124
258,-17,32.5898704528809
259,-17,32.3678703308106
260,-17,33.9264984130859
261,-17,35.6592826843262
262,-17,37.6338233947754
263,-17,51.0044937133789
264,-17,47.0383644104004
265,-17,60.7843742370606
266,-17,68.7771682739258
267,-17,89.2074127197266
268,-17,112.00904083252
269,-17,113.448722839355
270,-17,152.950714111328
271,-17,290.078369140625
272,-17,645.841369628906
273,-17,2130.41870117188
274,-17,1591.82568359375
275,-17,344.3076171875
276,-17,168.23274230957
277,-17,79.0911712646484
278,-17,61.2379684448242
279,-17,53.7549934387207
280,-17,42.7819213867188
281,-17,34.1803779602051
282,-17,32.3952941894531
283,-17,27.3493022918701
284,-17,31.2398147583008
285,-17,28.1355361938477
286,-17,17.7547512054443
287,-17,14.015193939209
288,-17,11.4363317489624
289,-17,12.0793180465698
290,-17,14.4143733978272
291,-17,14.8352022171021
292,-17,14.0108308792114
293,-17,13.7182540893555
294,-17,15.0543050765991
295,-17,13.0032806396484
296,-17,16.8763580322266
297,-17,20.154390335083
298,-17,22.1236438751221
299,-17,20.6548633575439
300,-17,16.4061412811279
301,-17,14.716498374939
302,-17,13.2996997833252
303,-17,10.5570821762085
304,-17,9.54798412322998
305,-17,8.17025947570801
306,-17,6.10031986236572
307,-17,6.25137424468994
309,-17,6.08714389801025
311,-17,6.61014747619629
312,-17,6.64389848709106
314,-17,6.39153814315796
315,-17,6.57752752304077
316,-17,6.61285305023193
317,-17,7.27630519866943
318,-17,7.9847674369812
319,-17,8.57810878753662
320,-17,8.27257919311523
321,-17,6.13727569580078
327,-17,6.17619562149048
52,-16,6.84103679656982
53,-16,9.13475704193115
54,-16,9.5215892791748
55,-16,7.05345153808594
68,-16,13.2372875213623
69,-16,9.68557548522949
70,-16,7.49031925201416
71,-16,6.28720283508301
72,-16,6.89866733551025
73,-16,8.65183925628662
74,-16,8.05116081237793
75,-16,8.30518913269043
76,-16,8.45636653900147
77,-16,6.84215068817139
78,-16,7.48020887374878
79,-16,7.69056463241577
80,-16,8.52219867706299
81,-16,8.23775577545166
82,-16,8.99525833129883
83,-16,8.59519195556641
84,-16,8.7671709060669
85,-16,9.00520515441895
86,-16,8.77598285675049
87,-16,9.30928039550781
88,-16,13.8678750991821
89,-16,27.3251819610596
90,-16,32.4393920898438
91,-16,27.1232318878174
92,-16,22.5037269592285
93,-16,24.4688014984131
94,-16,22.7752342224121
95,-16,21.1518058776855
96,-16,19.7698593139648
97,-16,24.7700290679932
98,-16,31.2059535980225
99,-16,42.8560066223145
100,-16,50.5798072814941
101,-16,67.4400482177734
102,-16,72.7958450317383
103,-16,61.2527046203613
104,-16,63.5608596801758
105,-16,56.1524353027344
106,-16,56.4579772949219
107,-16,78.8133544921875
108,-16,90.119873046875
109,-16,93.5554809570313
110,-16,118.782333374023
111,-16,159.6357421875
112,-16,119.189750671387
113,-16,70.9652938842774
114,-16,54.8200531005859
115,-16,34.4352188110352
116,-16,19.8638687133789
117,-16,15.1683568954468
118,-16,13.07213306427
119,-16,11.0379772186279
120,-16,10.3269166946411
121,-16,6.95174646377564
122,-16,8.05207252502441
123,-16,7.33332109451294
124,-16,7.669508934021
125,-16,8.72560501098633
126,-16,6.44412899017334
131,-16,8.40560817718506
132,-16,6.62116193771362
133,-16,7.64046096801758
134,-16,10.9529943466187
135,-16,9.02780055999756
136,-16,7.26429510116577
137,-16,7.48784780502319
141,-16,6.31817102432251
142,-16,6.57622766494751
144,-16,6.62974739074707
145,-16,6.21988725662231
153,-16,6.21616458892822
154,-16,7.33865261077881
155,-16,8.40238189697266
156,-16,8.30170726776123
157,-16,8.1101188659668
158,-16,6.88777494430542
167,-16,8.46473598480225
168,-16,6.76823091506958
194,-16,6.26766204833984
196,-16,6.5640754699707
197,-16,7.67375469207764
198,-16,7.1035008430481
199,-16,7.93568515777588
200,-16,7.1176872253418
201,-16,6.87317895889282
202,-16,7.63543748855591
203,-16,8.93605327606201
204,-16,7.86391639709473
205,-16,9.56084728240967
206,-16,9.55615043640137
207,-16,9.1546630859375
208,-16,8.51778316497803
209,-16,8.27247428894043
210,-16,9.34476757049561
211,-16,9.27798843383789
212,-16,8.64794254302979
213,-16,8.57513046264648
214,-16,8.93769454956055
215,-16,7.31675100326538
216,-16,9.70487499237061
217,-16,13.4639930725098
218,-16,13.4732894897461
219,-16,9.88283252716064
220,-16,9.14031791687012
221,-16,10.3786582946777
222,-16,10.2459745407105
223,-16,11.3843383789063
224,-16,10.9767570495605
225,-16,10.7357215881348
226,-16,10.5487337112427
227,-16,8.97970962524414
228,-16,8.78252983093262
229,-16,10.0945081710815
230,-16,11.34144115448
231,-16,12.3657236099243
232,-16,11.3111944198608
233,-16,10.2707214355469
234,-16,10.1134052276611
235,-16,10.5800800323486
236,-16,16.0818328857422
237,-16,18.1741256713867
238,-16,23.7138366699219
239,-16,26.5568370819092
240,-16,26.9557113647461
241,-16,25.3086013793945
242,-16,23.5338020324707
243,-16,20.5578918457031
244,-16,25.3166179656982
245,-16,42.0011672973633
246,-16,77.6558609008789
247,-16,66.4088134765625
248,-16,62.2881774902344
249,-16,41.4038047790527
250,-16,41.9384918212891
251,-16,52.3761978149414
252,-16,80.5736923217773
253,-16,86.6641998291016
254,-16,47.9742469787598
255,-16,39.7421417236328
256,-16,47.3044357299805
257,-16,44.5953826904297
258,-16,35.6308250427246
259,-16,38.4850463867188
260,-16,36.2575073242188
261,-16,42.562427520752
262,-16,39.9562835693359
263,-16,45.9435844421387
264,-16,46.5837936401367
265,-16,49.5749130249024
266,-16,63.5663146972656
267,-16,64.8115386962891
268,-16,81.3297424316406
269,-16,95.3642730712891
270,-16,142.153442382813
271,-16,183.807083129883
272,-16,302.375335693359
273,-16,720.29638671875
274,-16,1240.00988769531
275,-16,638.484497070313
276,-16,266.450775146484
277,-16,174.509490966797
278,-16,124.460990905762
279,-16,67.6211242675781
280,-16,45.7512588500977
281,-16,45.4549560546875
282,-16,45.7325477600098
283,-16,38.7920455932617
284,-16,34.5508155822754
285,-16,26.8474540710449
286,-16,19.0439968109131
287,-16,15.8520736694336
288,-16,14.20241355896
289,-16,15.0976819992065
290,-16,17.7673282623291
291,-16,16.6992702484131
292,-16,16.3970699310303
293,-16,14.3736381530762
294,-16,15.9328308105469
295,-16,18.5295963287354
296,-16,20.6505355834961
297,-16,21.901969909668
298,-16,24.2155151367188
299,-16,16.0034465789795
300,-16,13.6240854263306
301,-16,18.9683609008789
302,-16,15.7373275756836
303,-16,8.12443733215332
304,-16,7.15555763244629
305,-16,7.59598159790039
306,-16,6.96326351165772
307,-16,6.70359992980957
312,-16,6.09833908081055
313,-16,6.15369844436646
315,-16,6.07391929626465
316,-16,6.57716608047485
317,-16,6.76904773712158
318,-16,7.80539894104004
319,-16,8.18215179443359
320,-16,7.89814853668213
321,-16,6.59009981155396
323,-16,8.17320728302002
324,-16,6.60265445709229
326,-16,6.60283899307251
327,-16,6.95303630828857
51,-15,6.4604115486145
52,-15,7.66368770599365
53,-15,7.84142923355103
58,-15,7.12350606918335
65,-15,6.38060092926025
67,-15,19.9858703613281
68,-15,43.3683815002441
69,-15,27.1159172058105
70,-15,14.0225915908813
71,-15,7.44887065887451
72,-15,7.04771947860718
73,-15,7.37483787536621
74,-15,10.3512001037598
75,-15,10.3787422180176
76,-15,11.6978569030762
77,-15,10.834979057312
78,-15,11.3384695053101
79,-15,11.0230464935303
80,-15,8.41086578369141
81,-15,11.5904817581177
82,-15,11.2777767181397
83,-15,11.9950246810913
84,-15,10.5217866897583
85,-15,9.73108768463135
86,-15,12.3400955200195
87,-15,14.5750961303711
88,-15,22.1222896575928
89,-15,38.5537719726563
90,-15,34.6433296203613
91,-15,37.0582466125488
92,-15,29.0073471069336
93,-15,22.9817695617676
94,-15,22.3321838378906
95,-15,21.6332931518555
96,-15,19.5793914794922
97,-15,24.6094875335693
98,-15,30.4970836639404
99,-15,38.8277206420898
100,-15,50.3240432739258
101,-15,57.8496475219727
102,-15,57.2842102050781
103,-15,60.7622299194336
104,-15,57.0025901794434
105,-15,67.2390365600586
106,-15,73.0273971557617
107,-15,67.6370697021484
108,-15,73.2238540649414
109,-15,70.0141525268555
110,-15,69.4102783203125
111,-15,79.2874755859375
112,-15,84.6484146118164
113,-15,76.7248611450195
114,-15,50.0991287231445
115,-15,37.5677108764648
116,-15,17.6285209655762
117,-15,14.6282482147217
118,-15,11.8020238876343
119,-15,10.1843757629395
120,-15,8.13589382171631
121,-15,6.53221845626831
122,-15,7.4793963432312
123,-15,7.66471004486084
124,-15,7.83184766769409
125,-15,6.38490867614746
130,-15,7.19040155410767
131,-15,6.57639694213867
132,-15,6.31730651855469
137,-15,6.67343616485596
142,-15,6.80177211761475
143,-15,7.75438690185547
145,-15,6.11229228973389
146,-15,6.26775884628296
151,-15,6.21283864974976
152,-15,7.94279050827026
153,-15,7.21153068542481
154,-15,8.27763080596924
155,-15,7.96834421157837
156,-15,9.7849063873291
157,-15,7.67820405960083
158,-15,6.91849994659424
159,-15,6.33706378936768
161,-15,7.58994579315186
162,-15,6.53329467773438
163,-15,6.04217958450317
165,-15,6.10286808013916
167,-15,6.29733943939209
182,-15,6.58558940887451
196,-15,6.3754997253418
197,-15,6.38223552703857
198,-15,6.063157081604
199,-15,6.87634801864624
200,-15,7.44849491119385
201,-15,6.55591249465942
202,-15,6.49275588989258
203,-15,8.18971252441406
204,-15,7.019127368927
205,-15,8.02193069458008
206,-15,8.03465175628662
207,-15,8.06926918029785
208,-15,9.64227390289307
209,-15,8.51239681243897
210,-15,8.46772384643555
211,-15,8.17822551727295
212,-15,7.57070541381836
213,-15,7.38462400436401
214,-15,8.10051250457764
215,-15,9.68031311035156
216,-15,8.39154720306397
217,-15,10.1238098144531
218,-15,11.8405990600586
219,-15,12.5344562530518
220,-15,10.4147205352783
221,-15,9.22610378265381
222,-15,8.50121688842773
223,-15,9.29842948913574
224,-15,9.81622886657715
225,-15,10.3925113677979
226,-15,11.2124099731445
227,-15,12.132116317749
228,-15,11.8108930587769
229,-15,12.5058288574219
230,-15,14.5195541381836
231,-15,12.5458850860596
232,-15,13.0833597183228
233,-15,13.9844541549683
234,-15,11.8148345947266
235,-15,14.8583173751831
236,-15,14.6946105957031
237,-15,17.4714984893799
238,-15,17.5931282043457
239,-15,22.1802005767822
240,-15,25.6962127685547
241,-15,27.9109077453613
242,-15,29.5976581573486
243,-15,23.9180202484131
244,-15,39.3073692321777
245,-15,59.593936920166
246,-15,75.7508087158203
247,-15,58.7578582763672
248,-15,72.000129699707
249,-15,67.0369873046875
250,-15,60.7265014648438
251,-15,65.5197982788086
252,-15,119.585342407227
253,-15,76.9864807128906
254,-15,76.1102828979492
255,-15,54.5784873962402
256,-15,48.4651985168457
257,-15,43.2166786193848
258,-15,49.7157096862793
259,-15,44.8901443481445
260,-15,47.4697647094727
261,-15,43.0185661315918
262,-15,47.7371940612793
263,-15,45.5669059753418
264,-15,43.5727958679199
265,-15,45.7131881713867
266,-15,58.6562576293945
267,-15,72.2423095703125
268,-15,86.7947235107422
269,-15,117.774421691895
270,-15,140.824417114258
271,-15,204.528182983398
272,-15,235.483123779297
273,-15,437.304382324219
274,-15,1144.30017089844
275,-15,1679.35180664063
276,-15,504.226409912109
277,-15,200.537185668945
278,-15,84.5940628051758
279,-15,69.0320816040039
280,-15,55.2111625671387
281,-15,56.7837982177734
282,-15,47.8338241577148
283,-15,42.9146499633789
284,-15,44.631591796875
285,-15,28.6739330291748
286,-15,20.225040435791
287,-15,17.5045738220215
288,-15,15.4046411514282
289,-15,16.9627723693848
290,-15,16.2381496429443
291,-15,18.7239723205566
292,-15,18.3872470855713
293,-15,18.878231048584
294,-15,15.7580070495605
295,-15,20.2989349365234
296,-15,20.1600437164307
297,-15,19.5703620910645
298,-15,17.1967315673828
299,-15,18.404411315918
300,-15,20.939661026001
301,-15,23.9079437255859
302,-15,19.1087455749512
303,-15,8.99981689453125
304,-15,6.56099033355713
305,-15,6.14510297775269
307,-15,6.3662281036377
316,-15,6.52218532562256
317,-15,8.04474258422852
318,-15,8.5198278427124
319,-15,6.06454706192017
320,-15,6.85218858718872
321,-15,7.07751035690308
322,-15,8.23556804656982
323,-15,6.07590389251709
327,-15,7.21322584152222
46,-14,7.46128034591675
51,-14,7.64113807678223
52,-14,6.3397331237793
55,-14,6.93104124069214
56,-14,8.022873878479
65,-14,6.44822788238525
66,-14,8.0009298324585
67,-14,14.6401062011719
68,-14,36.5794448852539
69,-14,27.0476703643799
70,-14,17.2697982788086
71,-14,11.7269611358643
72,-14,8.91045475006104
73,-14,7.21997022628784
74,-14,9.42771434783936
75,-14,10.8091907501221
76,-14,11.9638319015503
77,-14,15.6156234741211
78,-14,14.9687652587891
79,-14,16.7245273590088
80,-14,11.3727741241455
81,-14,14.2851266860962
82,-14,13.8904800415039
83,-14,14.742546081543
84,-14,16.638011932373
85,-14,19.6344470977783
86,-14,16.7807922363281
87,-14,21.3421993255615
88,-14,35.0791282653809
89,-14,38.2548789978027
90,-14,29.1973667144775
91,-14,22.0652542114258
92,-14,22.53293800354
93,-14,24.4821853637695
94,-14,27.8305149078369
95,-14,25.6448459625244
96,-14,30.8256778717041
97,-14,26.9285736083984
98,-14,39.162712097168
99,-14,41.0238380432129
100,-14,40.5051803588867
101,-14,46.6716918945313
102,-14,44.7328491210938
103,-14,56.4636383056641
104,-14,62.3619995117188
105,-14,64.0983581542969
106,-14,82.7007751464844
107,-14,81.0983581542969
108,-14,75.7955627441406
109,-14,62.5515251159668
110,-14,65.5519638061524
111,-14,54.5830192565918
112,-14,49.7645263671875
113,-14,53.6288528442383
114,-14,44.2665252685547
115,-14,30.5778522491455
116,-14,20.4964809417725
117,-14,15.9240655899048
118,-14,12.7780151367188
119,-14,10.6966371536255
120,-14,8.81150245666504
121,-14,8.53544902801514
122,-14,8.89204502105713
123,-14,8.38355350494385
124,-14,7.6903076171875
129,-14,6.81172800064087
130,-14,6.25088214874268
135,-14,6.1443510055542
136,-14,6.62701797485352
143,-14,6.39481830596924
149,-14,6.08878660202026
151,-14,6.14067649841309
152,-14,7.25825929641724
153,-14,9.48841857910156
154,-14,11.4051637649536
155,-14,9.41030788421631
156,-14,8.93809127807617
157,-14,7.15942335128784
158,-14,6.87443542480469
161,-14,6.09036588668823
162,-14,6.40868091583252
167,-14,6.3541841506958
182,-14,6.73132610321045
197,-14,6.46018838882446
198,-14,8.42854309082031
199,-14,7.56057167053223
200,-14,7.34246349334717
203,-14,6.13875770568848
204,-14,6.17849016189575
205,-14,6.56089448928833
206,-14,6.48252105712891
207,-14,7.99762964248657
208,-14,8.1496114730835
209,-14,9.18624687194824
210,-14,8.12992763519287
211,-14,8.63521766662598
212,-14,8.02351379394531
213,-14,7.53006076812744
214,-14,7.57390069961548
215,-14,8.06478977203369
216,-14,7.92827796936035
217,-14,8.49715995788574
218,-14,8.56898975372315
219,-14,9.87733173370361
220,-14,10.8820295333862
221,-14,8.87087726593018
222,-14,8.11835384368897
223,-14,8.26552867889404
224,-14,10.3661212921143
225,-14,9.98993873596191
226,-14,9.26220417022705
227,-14,12.1968240737915
228,-14,13.4730463027954
229,-14,13.3428964614868
230,-14,13.0854148864746
231,-14,13.446798324585
232,-14,14.868688583374
233,-14,16.0905799865723
234,-14,15.3995084762573
235,-14,15.1837215423584
236,-14,15.8214483261108
237,-14,15.1222715377808
238,-14,14.0404853820801
239,-14,18.0864791870117
240,-14,20.4686908721924
241,-14,20.9484272003174
242,-14,26.6365127563477
243,-14,36.0797004699707
244,-14,31.8183708190918
245,-14,50.7647819519043
246,-14,46.8650894165039
247,-14,51.8487548828125
248,-14,62.8511581420899
249,-14,61.0085372924805
250,-14,68.2572402954102
251,-14,103.640701293945
252,-14,96.1447982788086
253,-14,75.4181594848633
254,-14,70.9710845947266
255,-14,68.4158325195313
256,-14,68.2095336914063
257,-14,51.7225341796875
258,-14,45.5662269592285
259,-14,45.9518623352051
260,-14,46.360466003418
261,-14,49.60400390625
262,-14,55.1042289733887
263,-14,47.1277961730957
264,-14,42.5656433105469
265,-14,47.7976684570313
266,-14,75.3987426757813
267,-14,76.1189117431641
268,-14,86.3094177246094
269,-14,111.696701049805
270,-14,151.643142700195
271,-14,177.251968383789
272,-14,297.521789550781
273,-14,430.451263427734
274,-14,1370.72143554688
275,-14,1436.31860351563
276,-14,919.349609375
277,-14,225.769775390625
278,-14,101.999771118164
279,-14,83.9263153076172
280,-14,92.8018569946289
281,-14,70.1960067749024
282,-14,52.2619972229004
283,-14,40.9393348693848
284,-14,36.6223564147949
285,-14,28.4988651275635
286,-14,27.0277462005615
287,-14,22.7651691436768
288,-14,19.539737701416
289,-14,22.5079498291016
290,-14,20.198766708374
291,-14,19.2079772949219
292,-14,22.4433822631836
293,-14,20.4355945587158
294,-14,16.1501159667969
295,-14,17.1147212982178
296,-14,18.7367477416992
297,-14,16.6151065826416
298,-14,14.9208116531372
299,-14,28.0512714385986
300,-14,20.0796661376953
301,-14,17.1893081665039
302,-14,13.9295320510864
303,-14,10.2103891372681
304,-14,7.72214984893799
317,-14,6.53803062438965
318,-14,6.21621561050415
319,-14,7.28621292114258
320,-14,7.17477798461914
321,-14,7.05168581008911
322,-14,7.8914041519165
323,-14,6.36371660232544
328,-14,6.14627075195313
338,-14,6.21024227142334
45,-13,6.64474153518677
46,-13,7.15607213973999
49,-13,6.50973987579346
50,-13,7.63429832458496
51,-13,7.18843650817871
55,-13,7.29233932495117
56,-13,6.68232822418213
66,-13,6.12649726867676
68,-13,8.38828372955322
69,-13,13.2361240386963
70,-13,17.6978206634521
71,-13,23.3120994567871
72,-13,15.1436891555786
73,-13,13.4959526062012
74,-13,10.2517929077148
75,-13,12.7802791595459
76,-13,16.0204162597656
77,-13,20.2463340759277
78,-13,12.9500675201416
79,-13,12.6799964904785
80,-13,12.6676425933838
81,-13,18.9580917358398
82,-13,14.5553731918335
83,-13,15.9121475219727
84,-13,16.3656883239746
85,-13,15.5195693969727
86,-13,17.6869583129883
87,-13,25.2659301757813
88,-13,49.4658355712891
89,-13,46.097053527832
90,-13,28.9822692871094
91,-13,28.3090209960938
92,-13,30.3372840881348
93,-13,32.2590255737305
94,-13,36.1972427368164
95,-13,38.4488067626953
96,-13,34.3098449707031
97,-13,32.4229202270508
98,-13,36.3549690246582
99,-13,42.265796661377
100,-13,48.6864967346191
101,-13,52.7750091552734
102,-13,64.0739517211914
103,-13,83.4494018554688
104,-13,65.2789001464844
105,-13,61.0222015380859
106,-13,76.2677307128906
107,-13,90.6097259521484
108,-13,92.8264923095703
109,-13,82.2016143798828
110,-13,60.5805816650391
111,-13,54.1000938415527
112,-13,45.0255889892578
113,-13,28.5734786987305
114,-13,29.2663078308106
115,-13,32.6048278808594
116,-13,28.5344352722168
117,-13,20.9047393798828
118,-13,13.496729850769
119,-13,9.96946144104004
120,-13,9.11094760894775
121,-13,8.05654907226563
122,-13,7.35124444961548
123,-13,9.92175674438477
124,-13,9.42917537689209
127,-13,6.18061828613281
133,-13,7.97192764282227
134,-13,6.37377262115479
135,-13,6.16008853912354
136,-13,6.62863254547119
137,-13,6.20637035369873
152,-13,6.97566890716553
153,-13,8.78857231140137
154,-13,9.10148906707764
155,-13,8.92898082733154
156,-13,7.769287109375
157,-13,6.03698205947876
161,-13,6.18231058120728
168,-13,7.44206666946411
179,-13,6.88950252532959
181,-13,8.34744834899902
182,-13,7.83643436431885
201,-13,6.21750354766846
202,-13,6.27449417114258
203,-13,7.01037120819092
204,-13,7.64653253555298
205,-13,7.81026268005371
206,-13,9.60914134979248
207,-13,8.19415187835693
208,-13,8.57304096221924
209,-13,8.65338134765625
210,-13,8.51079845428467
211,-13,8.07705879211426
212,-13,8.43020439147949
213,-13,7.87983560562134
214,-13,8.85238075256348
215,-13,8.07099723815918
216,-13,9.16272163391113
217,-13,8.40280628204346
218,-13,8.1325044631958
219,-13,7.44302845001221
220,-13,8.73032379150391
221,-13,8.74584197998047
222,-13,7.50134992599487
223,-13,8.04455852508545
224,-13,8.69561576843262
225,-13,9.52020359039307
226,-13,10.0125560760498
227,-13,10.4888315200806
228,-13,13.0580387115479
229,-13,14.0795040130615
230,-13,14.466926574707
231,-13,14.434757232666
232,-13,13.2604455947876
233,-13,13.3452949523926
234,-13,15.2471170425415
235,-13,15.5294256210327
236,-13,16.3865280151367
237,-13,17.4934997558594
238,-13,16.8469390869141
239,-13,19.7988185882568
240,-13,19.9135780334473
241,-13,25.5974197387695
242,-13,30.0551357269287
243,-13,31.274076461792
244,-13,34.2410659790039
245,-13,33.6990623474121
246,-13,32.6315994262695
247,-13,41.209114074707
248,-13,50.3993377685547
249,-13,55.8969116210938
250,-13,45.6780471801758
251,-13,68.5238876342774
252,-13,56.9305267333984
253,-13,55.1167411804199
254,-13,50.6628608703613
255,-13,57.2295379638672
256,-13,66.7158966064453
257,-13,57.2368125915527
258,-13,48.1549797058106
259,-13,44.4380722045899
260,-13,45.2845726013184
261,-13,50.7865867614746
262,-13,59.9433860778809
263,-13,49.4718551635742
264,-13,47.6136283874512
265,-13,53.0465087890625
266,-13,59.196907043457
267,-13,84.8817749023438
268,-13,85.2212677001953
269,-13,108.172576904297
270,-13,135.089370727539
271,-13,155.894897460938
272,-13,224.985748291016
273,-13,233.607757568359
274,-13,393.899322509766
275,-13,1217.29016113281
276,-13,1625.15283203125
277,-13,420.03857421875
278,-13,176.378128051758
279,-13,130.123901367188
280,-13,82.0024337768555
281,-13,74.7505493164063
282,-13,52.6760520935059
283,-13,45.6106834411621
284,-13,43.7269401550293
285,-13,39.8042793273926
286,-13,34.5397987365723
287,-13,29.7738704681397
288,-13,24.6000366210938
289,-13,18.7513294219971
290,-13,18.9016914367676
291,-13,18.7712478637695
292,-13,21.8131980895996
293,-13,21.3568000793457
294,-13,27.0257568359375
295,-13,19.9111442565918
296,-13,21.535774230957
297,-13,14.73987865448
298,-13,16.5240268707275
299,-13,17.3032093048096
300,-13,19.1318664550781
301,-13,13.3296546936035
302,-13,11.1755752563477
303,-13,11.0150270462036
304,-13,10.7367267608643
305,-13,6.55035495758057
319,-13,6.24735260009766
322,-13,6.20560312271118
338,-13,6.1354022026062
339,-13,6.36625242233276
340,-13,6.46925401687622
45,-12,6.42668962478638
46,-12,6.20319318771362
47,-12,6.6971492767334
48,-12,7.8523440361023
49,-12,7.25862693786621
50,-12,8.15089416503906
51,-12,6.07495927810669
53,-12,7.07956266403198
54,-12,6.61999464035034
55,-12,8.11114501953125
60,-12,6.10387086868286
68,-12,6.05947732925415
69,-12,7.49683427810669
70,-12,12.1281728744507
71,-12,11.6685581207275
72,-12,11.5695838928223
73,-12,16.3121070861816
74,-12,13.5177993774414
75,-12,12.8335666656494
76,-12,14.3917818069458
77,-12,16.2914600372314
78,-12,11.1764678955078
79,-12,11.5873508453369
80,-12,14.5849943161011
81,-12,18.4511489868164
82,-12,19.4552536010742
83,-12,17.9040145874023
84,-12,17.1201057434082
85,-12,23.899923324585
86,-12,28.5264778137207
87,-12,40.0213317871094
88,-12,67.5932998657227
89,-12,48.5613212585449
90,-12,37.7315444946289
91,-12,38.6212882995606
92,-12,38.9413185119629
93,-12,48.0727424621582
94,-12,63.6288146972656
95,-12,67.5403060913086
96,-12,48.9092483520508
97,-12,40.078742980957
98,-12,42.3020935058594
99,-12,43.0878601074219
100,-12,54.9987602233887
101,-12,74.3465423583984
102,-12,85.3792037963867
103,-12,92.5342712402344
104,-12,72.7609100341797
105,-12,126.27799987793
106,-12,66.5138931274414
107,-12,134.412292480469
108,-12,163.403137207031
109,-12,80.9709701538086
110,-12,59.5300559997559
111,-12,60.2901039123535
112,-12,44.997615814209
113,-12,34.2504043579102
114,-12,27.6557483673096
115,-12,21.9503269195557
116,-12,20.7712326049805
117,-12,21.6601314544678
118,-12,18.0077018737793
119,-12,11.2382669448853
120,-12,9.32354259490967
121,-12,7.20120859146118
122,-12,8.87534809112549
123,-12,10.3001852035522
124,-12,8.87105941772461
125,-12,6.48518562316895
127,-12,6.11156606674194
150,-12,6.73647975921631
152,-12,6.35181570053101
153,-12,6.78538322448731
154,-12,7.73443603515625
155,-12,6.70262479782105
156,-12,6.37767267227173
168,-12,6.11792373657227
169,-12,6.34884071350098
181,-12,6.99259424209595
182,-12,7.3705620765686
188,-12,6.19666481018066
204,-12,8.19387531280518
205,-12,7.23130035400391
206,-12,8.90285778045654
207,-12,7.15240716934204
208,-12,6.97048759460449
209,-12,8.33628845214844
210,-12,7.50649452209473
211,-12,6.68767976760864
212,-12,6.33859729766846
213,-12,6.35607957839966
214,-12,8.09976291656494
215,-12,9.21993350982666
216,-12,8.79490280151367
217,-12,10.3975820541382
218,-12,9.00297546386719
219,-12,7.66465616226196
220,-12,7.18562984466553
221,-12,8.46244144439697
222,-12,8.38834190368652
223,-12,8.68548488616943
224,-12,8.40419673919678
225,-12,8.62670516967773
226,-12,9.84007263183594
227,-12,10.0524654388428
228,-12,12.0601673126221
229,-12,13.7008352279663
230,-12,15.2188768386841
231,-12,16.2422924041748
232,-12,15.2837219238281
233,-12,15.7599096298218
234,-12,14.042366027832
235,-12,16.7039222717285
236,-12,22.3804321289063
237,-12,18.9627933502197
238,-12,23.1791286468506
239,-12,23.6193542480469
240,-12,28.8953380584717
241,-12,32.0009536743164
242,-12,29.38698387146
243,-12,30.8074321746826
244,-12,33.9592514038086
245,-12,30.1927146911621
246,-12,30.6788139343262
247,-12,41.4430541992188
248,-12,63.4813575744629
249,-12,48.8904571533203
250,-12,42.2422752380371
251,-12,79.3118591308594
252,-12,55.0499877929688
253,-12,41.7150917053223
254,-12,36.5191307067871
255,-12,49.7773208618164
256,-12,63.4617691040039
257,-12,60.036018371582
258,-12,51.7367134094238
259,-12,44.1257858276367
260,-12,41.21875
261,-12,53.9163131713867
262,-12,61.5536193847656
263,-12,58.4148864746094
264,-12,58.3596878051758
265,-12,68.7346038818359
266,-12,74.0321578979492
267,-12,93.5665130615234
268,-12,122.476707458496
269,-12,105.908874511719
270,-12,108.339721679688
271,-12,142.918762207031
272,-12,196.991500854492
273,-12,352.286987304688
274,-12,380.253662109375
275,-12,557.464965820313
276,-12,1786.02856445313
277,-12,1069.40270996094
278,-12,291.555725097656
279,-12,140.731353759766
280,-12,96.1753158569336
281,-12,86.3954925537109
282,-12,63.8069725036621
283,-12,56.651782989502
284,-12,53.0077934265137
285,-12,39.7307319641113
286,-12,43.3421325683594
287,-12,38.3791046142578
288,-12,28.5954513549805
289,-12,21.8191452026367
290,-12,19.7734985351563
291,-12,18.8547706604004
292,-12,19.1777172088623
293,-12,25.4437828063965
294,-12,24.1379261016846
295,-12,22.2810497283936
296,-12,19.2308254241943
297,-12,16.4359912872314
298,-12,15.7544803619385
299,-12,17.6666831970215
300,-12,16.9658889770508
301,-12,13.4785194396973
302,-12,12.6810035705566
303,-12,9.9478702545166
304,-12,7.83711767196655
305,-12,6.446213722229
313,-12,6.27163362503052
314,-12,6.05788612365723
339,-12,8.76552200317383
340,-12,7.97687911987305
45,-11,6.84463214874268
47,-11,8.21328067779541
48,-11,7.92137956619263
49,-11,7.54560852050781
50,-11,6.21740436553955
54,-11,7.4334568977356
55,-11,6.95335006713867
56,-11,6.34948921203613
59,-11,6.09705209732056
60,-11,6.22970104217529
65,-11,6.44479703903198
66,-11,6.90825843811035
68,-11,6.59306907653809
69,-11,7.61959648132324
70,-11,11.4185953140259
71,-11,11.3594636917114
72,-11,6.7450647354126
73,-11,7.40780544281006
74,-11,11.5435771942139
75,-11,10.0605230331421
76,-11,15.1231737136841
77,-11,15.4275150299072
78,-11,15.8971042633057
79,-11,13.6335277557373
80,-11,15.2056789398193
81,-11,17.3056316375732
82,-11,19.0435905456543
83,-11,19.7667465209961
84,-11,30.4982528686523
85,-11,69.7068481445313
86,-11,78.3474655151367
87,-11,81.7512512207031
88,-11,66.5736694335938
89,-11,68.2834396362305
90,-11,60.8065605163574
91,-11,55.8146820068359
92,-11,44.1023406982422
93,-11,47.0078392028809
94,-11,61.9451217651367
95,-11,99.5589447021484
96,-11,74.3281631469727
97,-11,55.882137298584
98,-11,63.3088798522949
99,-11,60.7862930297852
100,-11,61.5323028564453
101,-11,77.352783203125
102,-11,97.52587890625
103,-11,99.1828079223633
104,-11,59.3659133911133
105,-11,146.494171142578
106,-11,108.271339416504
107,-11,119.157165527344
108,-11,116.146438598633
109,-11,94.2058639526367
110,-11,71.0031356811524
111,-11,49.7377052307129
112,-11,30.1702194213867
113,-11,29.8471622467041
114,-11,24.3811950683594
115,-11,23.9417743682861
116,-11,18.4860763549805
117,-11,16.0116004943848
118,-11,15.4959239959717
119,-11,12.9658164978027
120,-11,8.93479347229004
121,-11,6.60623931884766
122,-11,6.72162008285523
123,-11,10.4104118347168
124,-11,9.78067588806152
125,-11,6.19452333450317
139,-11,6.16346120834351
150,-11,6.7891902923584
154,-11,6.38347434997559
167,-11,6.17099475860596
169,-11,6.17570400238037
181,-11,7.54070043563843
182,-11,6.74207592010498
204,-11,6.14675998687744
205,-11,6.90955305099487
206,-11,6.7422308921814
211,-11,6.47659397125244
213,-11,6.19585132598877
214,-11,6.48481130599976
215,-11,8.94941902160645
216,-11,10.8554534912109
217,-11,11.0042190551758
218,-11,12.1625347137451
219,-11,9.96840572357178
220,-11,7.43921709060669
221,-11,7.92646074295044
222,-11,9.91437816619873
223,-11,8.11198043823242
224,-11,9.66597938537598
225,-11,12.068078994751
226,-11,11.1270904541016
227,-11,10.786491394043
228,-11,11.1680955886841
229,-11,13.1140995025635
230,-11,12.7131996154785
231,-11,16.0537929534912
232,-11,20.0129508972168
233,-11,17.3367176055908
234,-11,18.6752490997314
235,-11,17.5655689239502
236,-11,23.4886779785156
237,-11,25.9218254089356
238,-11,26.9567451477051
239,-11,28.1869220733643
240,-11,29.172794342041
241,-11,27.7207221984863
242,-11,26.9618511199951
243,-11,30.4209785461426
244,-11,30.5217170715332
245,-11,28.7932834625244
246,-11,29.4091758728027
247,-11,38.2170066833496
248,-11,42.7466430664063
249,-11,36.5872306823731
250,-11,43.3973274230957
251,-11,80.9184875488281
252,-11,86.1826934814453
253,-11,55.4690093994141
254,-11,57.6333808898926
255,-11,52.3238143920899
256,-11,61.0604629516602
257,-11,73.8525695800781
258,-11,72.1469650268555
259,-11,54.1078491210938
260,-11,58.4622573852539
261,-11,53.1803550720215
262,-11,56.0601539611816
263,-11,69.2925872802734
264,-11,68.6685791015625
265,-11,79.3672180175781
266,-11,109.085006713867
267,-11,115.126457214355
268,-11,111.358184814453
269,-11,97.416259765625
270,-11,101.025184631348
271,-11,142.316513061523
272,-11,153.86262512207
273,-11,163.443496704102
274,-11,274.464263916016
275,-11,388.645202636719
276,-11,1197.88928222656
277,-11,1546.13012695313
278,-11,625.955322265625
279,-11,211.951690673828
280,-11,93.2098693847656
281,-11,64.2949981689453
282,-11,45.6027603149414
283,-11,41.700008392334
284,-11,39.7796974182129
285,-11,43.7815055847168
286,-11,46.7798843383789
287,-11,42.5079574584961
288,-11,28.638557434082
289,-11,24.2929077148438
290,-11,20.6154155731201
291,-11,21.296688079834
292,-11,24.0830841064453
293,-11,29.6896839141846
294,-11,24.8884620666504
295,-11,20.880708694458
296,-11,20.3903503417969
297,-11,22.5628547668457
298,-11,19.3879089355469
299,-11,17.0787620544434
300,-11,14.359206199646
301,-11,13.0650606155396
302,-11,11.2714357376099
303,-11,9.06202030181885
304,-11,9.09407043457031
305,-11,7.16362714767456
311,-11,6.7636308670044
312,-11,6.54950332641602
313,-11,8.43935394287109
314,-11,8.80376434326172
315,-11,11.1878385543823
316,-11,11.7842636108398
317,-11,9.58147430419922
318,-11,6.25070667266846
339,-11,7.34212636947632
46,-10,8.87972259521484
47,-10,8.54215145111084
48,-10,9.89417457580566
49,-10,6.32262754440308
50,-10,6.048011302948
51,-10,6.90621566772461
54,-10,6.26128482818604
55,-10,7.79464054107666
56,-10,7.38679075241089
59,-10,7.89773464202881
62,-10,6.14120388031006
64,-10,6.16957855224609
65,-10,9.79581356048584
66,-10,8.96586132049561
67,-10,7.5201530456543
68,-10,7.58001661300659
69,-10,8.39460277557373
70,-10,7.56688213348389
71,-10,6.89108848571777
72,-10,6.78404903411865
73,-10,6.85797023773193
74,-10,11.3454027175903
75,-10,10.7932291030884
76,-10,9.78241920471191
77,-10,12.2181568145752
78,-10,15.6956062316895
79,-10,16.1307754516602
80,-10,15.7211265563965
81,-10,18.8551692962647
82,-10,19.8837184906006
83,-10,27.735502243042
84,-10,101.331817626953
85,-10,173.589126586914
86,-10,111.688758850098
87,-10,90.7373733520508
88,-10,91.4075469970703
89,-10,88.9365005493164
90,-10,79.2998352050781
91,-10,49.7611274719238
92,-10,57.3401870727539
93,-10,76.0470123291016
94,-10,79.3734283447266
95,-10,86.2475204467773
96,-10,92.0767822265625
97,-10,109.460754394531
98,-10,72.5630035400391
99,-10,56.5046081542969
100,-10,56.3401870727539
101,-10,63.9106025695801
102,-10,77.9386978149414
103,-10,93.2214050292969
104,-10,113.097412109375
105,-10,117.06339263916
106,-10,101.986122131348
107,-10,102.149269104004
108,-10,90.3912963867188
109,-10,68.3424682617188
110,-10,42.7020797729492
111,-10,33.8919715881348
112,-10,36.8910942077637
113,-10,31.4025859832764
114,-10,23.4793167114258
115,-10,18.8702774047852
116,-10,18.3929595947266
117,-10,16.107795715332
118,-10,12.4382915496826
119,-10,11.6733856201172
120,-10,7.79322719573975
121,-10,7.357102394104
122,-10,9.14991855621338
123,-10,14.7406425476074
124,-10,6.59440565109253
138,-10,6.05426979064941
149,-10,6.1710000038147
150,-10,6.29361724853516
151,-10,6.90352773666382
167,-10,6.50042152404785
182,-10,7.20398139953613
204,-10,6.06506061553955
205,-10,6.47974300384522
215,-10,6.62817430496216
216,-10,7.06140518188477
217,-10,8.69987010955811
218,-10,9.54870319366455
219,-10,10.5272674560547
220,-10,10.3664560317993
221,-10,10.2163209915161
222,-10,9.94460773468018
223,-10,8.53163433074951
224,-10,9.38090515136719
225,-10,9.81034088134766
226,-10,10.1556453704834
227,-10,10.8347625732422
228,-10,10.2382745742798
229,-10,11.5768308639526
230,-10,12.8979587554932
231,-10,16.3123931884766
232,-10,17.0671653747559
233,-10,16.3156070709229
234,-10,17.2825584411621
235,-10,15.6332998275757
236,-10,20.8526191711426
237,-10,23.2153148651123
238,-10,23.3535404205322
239,-10,24.8585662841797
240,-10,24.7795677185059
241,-10,28.2915306091309
242,-10,25.5281677246094
243,-10,26.4710636138916
244,-10,26.8751697540283
245,-10,26.7639408111572
246,-10,32.371955871582
247,-10,30.2393321990967
248,-10,37.9241104125977
249,-10,38.2617835998535
250,-10,48.6444396972656
251,-10,74.6283264160156
252,-10,72.6475830078125
253,-10,72.5443649291992
254,-10,80.3195648193359
255,-10,45.5507736206055
256,-10,56.4087562561035
257,-10,58.1850776672363
258,-10,62.4050559997559
259,-10,63.1664810180664
260,-10,60.6453132629395
261,-10,69.6989364624024
262,-10,81.6525192260742
263,-10,92.1605758666992
264,-10,85.1647338867188
265,-10,89.367073059082
266,-10,100.453399658203
267,-10,120.657737731934
268,-10,125.204048156738
269,-10,115.694389343262
270,-10,99.0442352294922
271,-10,103.109252929688
272,-10,134.523681640625
273,-10,136.275329589844
274,-10,174.728408813477
275,-10,294.720520019531
276,-10,640.249450683594
277,-10,1852.83911132813
278,-10,1068.83422851562
279,-10,304.201416015625
280,-10,105.1513671875
281,-10,75.5039749145508
282,-10,50.2349128723145
283,-10,38.3707504272461
284,-10,42.187858581543
285,-10,38.8792724609375
286,-10,40.7527656555176
287,-10,36.4702186584473
288,-10,29.677417755127
289,-10,24.6496200561523
290,-10,25.6206359863281
291,-10,24.9894008636475
292,-10,27.3833541870117
293,-10,27.4656105041504
294,-10,23.1756420135498
295,-10,18.9479885101318
296,-10,23.485445022583
297,-10,17.3711891174316
298,-10,18.6033782958984
299,-10,19.0469169616699
300,-10,17.0129108428955
301,-10,13.1734170913696
302,-10,9.16211891174316
303,-10,9.33191299438477
304,-10,11.2543258666992
305,-10,6.93506669998169
306,-10,8.52934646606445
307,-10,7.21424770355225
308,-10,6.06104040145874
311,-10,6.70976829528809
312,-10,7.95744132995606
313,-10,8.78129100799561
314,-10,10.6259450912476
315,-10,7.7941484451294
316,-10,14.2754430770874
317,-10,24.9838333129883
318,-10,22.3003044128418
319,-10,8.64781665802002
339,-10,6.64968299865723
13,-9,6.78569459915161
45,-9,6.73136138916016
46,-9,10.6266498565674
47,-9,8.924391746521
48,-9,6.80883455276489
49,-9,7.69473314285278
50,-9,7.13715696334839
51,-9,6.72878265380859
55,-9,6.54647588729858
56,-9,8.16484546661377
57,-9,7.95691585540772
58,-9,7.39895153045654
59,-9,6.18128108978272
64,-9,7.87980794906616
65,-9,18.0349655151367
66,-9,16.4299011230469
67,-9,10.5467720031738
68,-9,13.469181060791
69,-9,9.62890529632568
70,-9,8.75423812866211
71,-9,6.08269691467285
73,-9,7.10582542419434
74,-9,8.62802314758301
75,-9,10.803261756897
76,-9,11.101902961731
77,-9,9.70389652252197
78,-9,14.236231803894
79,-9,17.2354164123535
80,-9,18.4259510040283
81,-9,19.80810546875
82,-9,17.7709312438965
83,-9,30.131664276123
84,-9,158.114181518555
85,-9,247.731658935547
86,-9,140.911758422852
87,-9,102.982299804688
88,-9,48.9171714782715
89,-9,40.8693161010742
90,-9,45.9530487060547
91,-9,56.7252998352051
92,-9,67.0787353515625
93,-9,68.0899505615234
94,-9,66.3476638793945
95,-9,74.2822265625
96,-9,79.8752593994141
97,-9,79.6540756225586
98,-9,69.5169372558594
99,-9,54.1449966430664
100,-9,57.6473541259766
101,-9,72.8865585327149
102,-9,86.9990310668945
103,-9,96.6552200317383
104,-9,132.163345336914
105,-9,117.517837524414
106,-9,80.6092224121094
107,-9,68.4755630493164
108,-9,61.0552787780762
109,-9,65.8556976318359
110,-9,47.6338272094727
111,-9,32.1037635803223
112,-9,29.8683204650879
113,-9,24.0865440368652
114,-9,18.4649848937988
115,-9,14.5628509521484
116,-9,12.8564414978027
117,-9,11.4610652923584
118,-9,8.65873718261719
119,-9,9.38204097747803
120,-9,11.3145084381104
121,-9,8.62213897705078
122,-9,15.6617851257324
123,-9,21.7764854431152
124,-9,7.96086692810059
149,-9,6.85246753692627
150,-9,8.92637157440186
151,-9,7.53259944915772
152,-9,6.54580974578857
181,-9,8.03549671173096
183,-9,6.85403394699097
217,-9,6.05667781829834
218,-9,7.4749002456665
219,-9,8.50809860229492
220,-9,8.48795318603516
221,-9,9.32225322723389
222,-9,8.60932540893555
223,-9,8.71803569793701
224,-9,9.07265186309814
225,-9,8.46162414550781
226,-9,9.31482028961182
227,-9,10.5127553939819
228,-9,9.41740322113037
229,-9,10.2405891418457
230,-9,10.7380895614624
231,-9,13.9160737991333
232,-9,15.081335067749
233,-9,13.0535697937012
234,-9,12.1296482086182
235,-9,14.4962701797485
236,-9,15.9539995193481
237,-9,17.5615081787109
238,-9,24.7186584472656
239,-9,23.4851627349854
240,-9,18.7529983520508
241,-9,21.5310020446777
242,-9,22.5799522399902
243,-9,27.107608795166
244,-9,28.595983505249
245,-9,30.5115280151367
246,-9,29.7624034881592
247,-9,30.6760845184326
248,-9,35.875
249,-9,42.503776550293
250,-9,45.561695098877
251,-9,48.5210838317871
252,-9,52.5456962585449
253,-9,49.5945587158203
254,-9,53.823055267334
255,-9,53.0560302734375
256,-9,56.6918487548828
257,-9,58.4683456420899
258,-9,60.7849960327149
259,-9,67.8089141845703
260,-9,78.1880645751953
261,-9,99.7310943603516
262,-9,101.316925048828
263,-9,77.9203567504883
264,-9,105.996398925781
265,-9,116.402435302734
266,-9,90.6362609863281
267,-9,89.9451446533203
268,-9,111.931663513184
269,-9,126.842712402344
270,-9,123.716979980469
271,-9,135.632217407227
272,-9,136.540725708008
273,-9,165.711166381836
274,-9,174.174285888672
275,-9,226.237167358398
276,-9,411.197601318359
277,-9,1513.78491210938
278,-9,2767.02221679688
279,-9,481.336212158203
280,-9,143.368728637695
281,-9,90.8474655151367
282,-9,52.8449401855469
283,-9,37.6559066772461
284,-9,32.0490798950195
285,-9,31.3949909210205
286,-9,31.7639694213867
287,-9,38.9656715393066
288,-9,31.971134185791
289,-9,31.1353702545166
290,-9,27.0264739990234
291,-9,27.6804065704346
292,-9,27.5900077819824
293,-9,30.5617256164551
294,-9,25.9674434661865
295,-9,20.0707950592041
296,-9,19.6444053649902
297,-9,16.0717658996582
298,-9,16.0911731719971
299,-9,14.650857925415
300,-9,14.8720941543579
301,-9,12.7731151580811
302,-9,9.34837341308594
303,-9,8.69333171844482
304,-9,7.99465751647949
305,-9,8.32589435577393
306,-9,7.7858829498291
307,-9,7.08967399597168
308,-9,6.4997615814209
311,-9,7.02337884902954
312,-9,10.2017135620117
313,-9,7.26373100280762
314,-9,7.34836196899414
315,-9,12.9158086776733
316,-9,8.62216377258301
317,-9,11.5013914108276
318,-9,12.9460468292236
319,-9,14.4634885787964
320,-9,7.09885787963867
334,-9,6.12098550796509
13,-8,8.19892501831055
14,-8,10.6865606307983
15,-8,8.14820384979248
16,-8,7.10935592651367
17,-8,7.00021171569824
18,-8,8.75113677978516
45,-8,8.38954067230225
46,-8,9.8049488067627
47,-8,6.8689455986023
48,-8,7.96705722808838
49,-8,6.37874412536621
50,-8,8.18663120269775
52,-8,7.2911434173584
53,-8,6.48718404769898
54,-8,6.47090721130371
56,-8,7.39326190948486
57,-8,9.18368721008301
58,-8,8.92488288879395
59,-8,8.15059185028076
60,-8,6.39757442474365
61,-8,7.03715801239014
62,-8,6.04579448699951
63,-8,8.97916221618652
64,-8,10.199764251709
65,-8,12.703971862793
66,-8,11.9427061080933
67,-8,11.082088470459
68,-8,8.79539203643799
69,-8,10.4735584259033
70,-8,10.4419689178467
71,-8,7.5842227935791
72,-8,6.17920923233032
74,-8,7.50918674468994
75,-8,15.0784282684326
76,-8,7.43162488937378
77,-8,11.2295999526978
78,-8,10.8579053878784
79,-8,16.612283706665
80,-8,13.8767652511597
81,-8,15.4098825454712
82,-8,19.5363998413086
83,-8,71.1552581787109
84,-8,252.367385864258
85,-8,289.703308105469
86,-8,100.934196472168
87,-8,54.5502281188965
88,-8,31.0558319091797
89,-8,36.4991722106934
90,-8,46.8682327270508
91,-8,67.5669479370117
92,-8,76.5172729492188
93,-8,56.2460556030274
94,-8,52.918701171875
95,-8,60.4207267761231
96,-8,58.9893341064453
97,-8,62.4847831726074
98,-8,62.0012588500977
99,-8,54.3133430480957
100,-8,53.8868637084961
101,-8,65.1996307373047
102,-8,74.6724700927734
103,-8,108.408569335938
104,-8,144.232131958008
105,-8,98.9175415039062
106,-8,106.623352050781
107,-8,79.4421768188477
108,-8,72.9206848144531
109,-8,46.9811058044434
110,-8,37.0676498413086
111,-8,25.3840427398682
112,-8,24.5754013061523
113,-8,20.5904388427734
114,-8,14.8278493881226
115,-8,12.3192119598389
116,-8,9.79612159729004
117,-8,8.57167434692383
118,-8,9.9819450378418
119,-8,14.55934715271
120,-8,19.2997188568115
121,-8,12.8042545318604
122,-8,19.5901660919189
123,-8,16.9260959625244
136,-8,6.53616523742676
148,-8,7.35438966751099
149,-8,7.75120401382446
218,-8,6.24041318893433
219,-8,7.04270792007446
220,-8,7.80161571502686
221,-8,8.23975276947022
222,-8,7.51296186447144
223,-8,9.50687026977539
224,-8,8.48970413208008
225,-8,8.89847278594971
226,-8,7.48741102218628
227,-8,7.87043714523315
228,-8,8.79036045074463
229,-8,9.44457054138184
230,-8,8.93450450897217
231,-8,10.3405685424805
232,-8,12.3628759384155
233,-8,12.0442695617676
234,-8,12.8226118087769
235,-8,14.2975521087646
236,-8,12.9411697387695
237,-8,16.3281364440918
238,-8,19.5136642456055
239,-8,18.0578365325928
240,-8,16.4365386962891
241,-8,18.9676170349121
242,-8,21.017032623291
243,-8,24.5396595001221
244,-8,25.286506652832
245,-8,26.1892204284668
246,-8,27.824182510376
247,-8,28.599084854126
248,-8,33.4051971435547
249,-8,37.2066650390625
250,-8,42.220832824707
251,-8,48.687313079834
252,-8,39.7533569335938
253,-8,52.0415115356445
254,-8,76.2881393432617
255,-8,86.1857452392578
256,-8,61.7929611206055
257,-8,65.0103378295898
258,-8,58.5752449035645
259,-8,54.0215797424316
260,-8,68.4990539550781
261,-8,82.1332778930664
262,-8,86.6796875
263,-8,80.3070831298828
264,-8,91.8898696899414
265,-8,100.444046020508
266,-8,109.779472351074
267,-8,86.3015747070313
268,-8,122.925361633301
269,-8,128.390853881836
270,-8,118.608749389648
271,-8,123.782524108887
272,-8,148.978179931641
273,-8,164.71484375
274,-8,165.145141601563
275,-8,195.528289794922
276,-8,227.020797729492
277,-8,775.092163085938
278,-8,2380.16186523438
279,-8,1080.61145019531
280,-8,197.754852294922
281,-8,117.241775512695
282,-8,62.0815467834473
283,-8,35.0931015014648
284,-8,32.2411193847656
285,-8,32.3409767150879
286,-8,31.4744453430176
287,-8,42.9171676635742
288,-8,41.7344093322754
289,-8,26.4074993133545
290,-8,26.9012260437012
291,-8,37.6445693969727
292,-8,33.5634727478027
293,-8,26.921802520752
294,-8,26.5791015625
295,-8,22.143798828125
296,-8,23.8149356842041
297,-8,20.6055431365967
298,-8,19.9667224884033
299,-8,15.2521772384644
300,-8,16.73046875
301,-8,12.1688861846924
302,-8,9.38398933410645
304,-8,6.24018383026123
311,-8,7.41644525527954
312,-8,7.20085048675537
313,-8,6.18819570541382
314,-8,7.34198617935181
315,-8,8.44892978668213
316,-8,7.20463752746582
317,-8,10.0097360610962
318,-8,13.6227254867554
319,-8,18.384708404541
320,-8,13.2623481750488
321,-8,7.76211643218994
10,-7,6.55772924423218
11,-7,6.13695192337036
12,-7,6.415940284729
13,-7,7.20044803619385
14,-7,11.8232936859131
15,-7,12.4025096893311
16,-7,11.1955652236938
17,-7,14.2873630523682
18,-7,8.15732669830322
19,-7,6.29653787612915
45,-7,7.12349891662598
46,-7,7.72120666503906
47,-7,6.90225839614868
48,-7,7.51468133926392
55,-7,6.30519247055054
56,-7,7.3490161895752
57,-7,8.33479690551758
58,-7,8.30149459838867
59,-7,8.71145725250244
60,-7,9.98453235626221
61,-7,8.53823280334473
62,-7,10.3215141296387
63,-7,7.79807806015015
64,-7,7.79050827026367
65,-7,7.73286628723145
67,-7,6.54520225524902
68,-7,7.14013385772705
69,-7,10.5041198730469
70,-7,14.2704467773438
71,-7,10.5605621337891
75,-7,9.77212905883789
76,-7,18.2099933624268
77,-7,11.5203342437744
78,-7,14.8817939758301
79,-7,16.3157863616943
80,-7,14.3938694000244
81,-7,10.7544097900391
82,-7,9.44931125640869
83,-7,134.007843017578
84,-7,215.256652832031
85,-7,71.6063995361328
86,-7,56.8776016235352
87,-7,42.6187515258789
88,-7,45.8431129455566
89,-7,44.0819396972656
90,-7,43.0030746459961
91,-7,53.5767517089844
92,-7,55.6259384155274
93,-7,61.215217590332
94,-7,43.7759017944336
95,-7,45.674072265625
96,-7,73.9206466674805
97,-7,80.6349029541016
98,-7,50.4721641540527
99,-7,50.4077911376953
100,-7,56.9179763793945
101,-7,53.2409782409668
102,-7,72.8772125244141
103,-7,97.2536926269531
104,-7,119.116744995117
105,-7,133.97802734375
106,-7,93.8509674072266
107,-7,79.8702926635742
108,-7,48.5148620605469
109,-7,36.391300201416
110,-7,29.5113296508789
111,-7,22.9269390106201
112,-7,21.1382713317871
113,-7,17.5838165283203
114,-7,14.3071899414063
115,-7,17.875732421875
116,-7,14.0254735946655
117,-7,10.8156204223633
118,-7,10.375584602356
119,-7,11.6401977539063
120,-7,9.07036113739014
121,-7,9.64726257324219
122,-7,8.77281188964844
123,-7,12.3080635070801
124,-7,11.646411895752
125,-7,7.27163696289063
147,-7,9.91930198669434
148,-7,8.06531524658203
218,-7,7.27576589584351
219,-7,6.28217935562134
220,-7,7.34902811050415
221,-7,8.66664695739746
222,-7,8.87432384490967
223,-7,9.21376609802246
224,-7,8.93824577331543
225,-7,8.29151630401611
226,-7,7.65642690658569
227,-7,7.78391790390015
228,-7,7.98593521118164
229,-7,8.96061515808106
230,-7,9.79405784606934
231,-7,10.6668043136597
232,-7,11.7509860992432
233,-7,12.5113716125488
234,-7,21.3291511535645
235,-7,18.2993602752686
236,-7,14.1341800689697
237,-7,15.3223686218262
238,-7,16.592809677124
239,-7,19.1182441711426
240,-7,17.4313259124756
241,-7,18.451229095459
242,-7,23.9009761810303
243,-7,23.7077445983887
244,-7,29.5524711608887
245,-7,32.3965377807617
246,-7,29.5859661102295
247,-7,33.4664611816406
248,-7,35.9122581481934
249,-7,36.5577239990234
250,-7,45.7440414428711
251,-7,42.3355293273926
252,-7,48.3379745483398
253,-7,51.0110054016113
254,-7,46.395637512207
255,-7,65.3431930541992
256,-7,60.4557189941406
257,-7,58.3281745910645
258,-7,59.6969451904297
259,-7,77.105339050293
260,-7,79.5321884155274
261,-7,84.5898132324219
262,-7,86.2239685058594
263,-7,97.2913208007813
264,-7,125.329200744629
265,-7,103.865493774414
266,-7,84.2225112915039
267,-7,82.3673629760742
268,-7,84.547119140625
269,-7,108.395301818848
270,-7,123.696769714355
271,-7,129.747512817383
272,-7,136.656356811523
273,-7,141.165786743164
274,-7,135.217498779297
275,-7,142.773635864258
276,-7,223.581573486328
277,-7,316.337036132813
278,-7,1651.52380371094
279,-7,1447.59606933594
280,-7,286.570861816406
281,-7,109.911392211914
282,-7,69.1665954589844
283,-7,52.6503639221192
284,-7,38.4113006591797
285,-7,38.5955848693848
286,-7,44.3798561096191
287,-7,50.6176338195801
288,-7,40.3608245849609
289,-7,37.2018356323242
290,-7,34.6159629821777
291,-7,35.2515640258789
292,-7,35.0287742614746
293,-7,30.3650970458984
294,-7,25.314546585083
295,-7,25.9962348937988
296,-7,27.9446315765381
297,-7,22.9224700927734
298,-7,21.0443344116211
299,-7,15.1946687698364
300,-7,16.519416809082
301,-7,12.6021938323975
302,-7,10.0548067092896
303,-7,7.5477352142334
311,-7,6.35784769058228
312,-7,6.26852178573608
313,-7,7.13815784454346
315,-7,8.67023944854736
316,-7,9.08456802368164
317,-7,8.45931434631348
318,-7,11.3727674484253
319,-7,16.4735908508301
320,-7,20.9917030334473
321,-7,9.2857837677002
332,-7,6.5110821723938
333,-7,6.38489055633545
334,-7,7.89647150039673
335,-7,8.2197961807251
10,-6,6.23975896835327
11,-6,7.6025538444519
15,-6,7.50091075897217
16,-6,7.04296684265137
17,-6,14.7477293014526
18,-6,9.62693691253662
44,-6,6.8708176612854
45,-6,7.61663436889648
46,-6,6.87320995330811
47,-6,6.06190729141235
48,-6,6.59756183624268
52,-6,6.12260723114014
56,-6,7.94134330749512
57,-6,9.54750156402588
58,-6,9.88490295410156
59,-6,10.4500579833984
60,-6,10.2373332977295
61,-6,7.83744287490845
62,-6,8.03385257720947
63,-6,6.35113430023193
68,-6,7.31627464294434
69,-6,13.2698211669922
70,-6,11.2019577026367
71,-6,15.1279020309448
75,-6,11.4813756942749
76,-6,12.4567346572876
77,-6,10.4844703674316
78,-6,18.4210071563721
79,-6,42.0548477172852
80,-6,20.3005104064941
81,-6,11.0449810028076
82,-6,15.617564201355
83,-6,131.44953918457
84,-6,50.8299064636231
85,-6,73.4673461914063
86,-6,56.5635795593262
87,-6,45.0214309692383
88,-6,67.1638336181641
89,-6,43.6318969726563
90,-6,46.7854499816895
91,-6,60.5486145019531
92,-6,35.8432579040527
93,-6,49.0755081176758
94,-6,46.2080917358399
95,-6,45.2421798706055
96,-6,66.6577911376953
97,-6,61.6736030578613
98,-6,48.1973266601563
99,-6,51.4522590637207
100,-6,55.4894638061523
101,-6,66.2351379394531
102,-6,92.319938659668
103,-6,113.435623168945
104,-6,121.33122253418
105,-6,96.7001800537109
106,-6,82.236930847168
107,-6,58.56640625
108,-6,46.4927291870117
109,-6,31.7908687591553
110,-6,27.4569988250732
111,-6,18.8283748626709
112,-6,16.1343307495117
113,-6,18.1493816375732
114,-6,21.6969795227051
115,-6,16.2006988525391
116,-6,17.6262893676758
117,-6,14.3763828277588
118,-6,14.1964492797852
119,-6,8.53747940063477
120,-6,7.48079776763916
123,-6,6.36711120605469
124,-6,8.86972045898438
125,-6,6.14049768447876
218,-6,6.29013776779175
219,-6,6.24950456619263
220,-6,6.38862419128418
221,-6,6.53038597106934
222,-6,6.91627788543701
223,-6,7.52617406845093
224,-6,7.49050188064575
225,-6,7.48842477798462
226,-6,7.86802625656128
227,-6,8.61231231689453
228,-6,8.46845245361328
229,-6,8.93588829040527
230,-6,9.06260871887207
231,-6,9.78980445861816
232,-6,9.40744972229004
233,-6,12.3995704650879
234,-6,15.5602245330811
235,-6,15.9054861068726
236,-6,16.2109489440918
237,-6,19.0966835021973
238,-6,22.6821784973145
239,-6,25.1210823059082
240,-6,19.9907398223877
241,-6,22.4319591522217
242,-6,25.8446025848389
243,-6,34.6136817932129
244,-6,35.8624382019043
245,-6,34.3281784057617
246,-6,32.1255607604981
247,-6,35.9482765197754
248,-6,38.112720489502
249,-6,46.6305274963379
250,-6,46.6867980957031
251,-6,37.1721992492676
252,-6,36.2229652404785
253,-6,35.7335052490234
254,-6,47.6040878295899
255,-6,57.9364585876465
256,-6,51.2599868774414
257,-6,58.3904495239258
258,-6,71.7750396728516
259,-6,72.2756271362305
260,-6,70.1991958618164
261,-6,65.4416656494141
262,-6,62.4070053100586
263,-6,77.1711273193359
264,-6,94.2761917114258
265,-6,101.608863830566
266,-6,88.9418487548828
267,-6,84.2575759887695
268,-6,92.5076675415039
269,-6,109.144500732422
270,-6,139.955307006836
271,-6,132.41227722168
272,-6,118.291091918945
273,-6,120.801544189453
274,-6,122.473907470703
275,-6,109.258934020996
276,-6,140.903686523438
277,-6,248.015060424805
278,-6,678.424499511719
279,-6,1550.81494140625
280,-6,678.858764648438
281,-6,231.350769042969
282,-6,114.825088500977
283,-6,63.0708236694336
284,-6,51.7778244018555
285,-6,49.9506568908691
286,-6,52.9480895996094
287,-6,57.6021194458008
288,-6,52.6181564331055
289,-6,45.4216423034668
290,-6,38.0341911315918
291,-6,40.7319450378418
292,-6,42.7374725341797
293,-6,33.7355651855469
294,-6,26.5910167694092
295,-6,32.6478080749512
296,-6,32.8306083679199
297,-6,23.9018268585205
298,-6,16.1867713928223
299,-6,20.4950981140137
300,-6,23.4789505004883
301,-6,13.1687231063843
302,-6,10.5679273605347
303,-6,11.1270437240601
304,-6,7.14146900177002
305,-6,6.46538925170898
312,-6,6.21022510528565
313,-6,6.18777704238892
316,-6,8.91448402404785
317,-6,9.96022701263428
318,-6,17.4903373718262
319,-6,12.1446199417114
320,-6,10.5704870223999
321,-6,6.35342311859131
331,-6,6.53063106536865
332,-6,6.92356729507446
333,-6,6.8484091758728
334,-6,7.94352149963379
335,-6,10.5156202316284
336,-6,6.20388889312744
11,-5,7.98112344741821
44,-5,6.93086385726929
45,-5,8.10159015655518
46,-5,6.05259943008423
47,-5,8.17921447753906
48,-5,6.76654148101807
53,-5,6.24151611328125
56,-5,7.44130992889404
57,-5,13.1617670059204
58,-5,10.8518438339233
59,-5,10.3250427246094
60,-5,12.310998916626
61,-5,10.7029848098755
62,-5,6.87006187438965
63,-5,7.64358615875244
68,-5,6.08027839660645
69,-5,8.83857536315918
75,-5,8.09817695617676
76,-5,9.64036178588867
77,-5,12.8478736877441
78,-5,26.7024192810059
79,-5,30.664421081543
80,-5,22.2384281158447
81,-5,17.4889087677002
82,-5,25.0482940673828
83,-5,244.172286987305
84,-5,18.8267021179199
85,-5,62.521484375
86,-5,57.2168426513672
87,-5,46.9518966674805
88,-5,50.1307601928711
89,-5,59.8409118652344
90,-5,52.7105026245117
91,-5,65.1629486083984
92,-5,50.1310577392578
93,-5,49.0452651977539
94,-5,40.9864006042481
95,-5,40.5798606872559
96,-5,44.1075897216797
97,-5,45.6540603637695
98,-5,51.8691482543945
99,-5,58.2887229919434
100,-5,59.872802734375
101,-5,106.372100830078
102,-5,130.95654296875
103,-5,133.844940185547
104,-5,258.008636474609
105,-5,99.938835144043
106,-5,62.8145751953125
107,-5,45.4917907714844
108,-5,43.8345108032227
109,-5,30.9668712615967
110,-5,30.1931324005127
111,-5,22.6989269256592
112,-5,14.424919128418
113,-5,13.8847236633301
114,-5,13.6335334777832
115,-5,11.4884252548218
116,-5,16.0798645019531
117,-5,13.3159780502319
118,-5,8.56235885620117
119,-5,6.06468677520752
124,-5,6.58965253829956
146,-5,6.54866695404053
218,-5,6.77233362197876
219,-5,7.24124431610107
220,-5,6.38798141479492
221,-5,6.1928277015686
222,-5,7.10619735717773
223,-5,7.74384164810181
224,-5,8.11477470397949
225,-5,7.97927665710449
226,-5,8.04979705810547
227,-5,8.70049476623535
228,-5,9.91112041473389
229,-5,10.3011417388916
230,-5,10.380428314209
231,-5,10.3997383117676
232,-5,11.3835363388062
233,-5,12.5857419967651
234,-5,15.5186748504639
235,-5,17.290771484375
236,-5,20.018180847168
237,-5,25.5456161499023
238,-5,45.2169418334961
239,-5,30.7206554412842
240,-5,27.4796867370605
241,-5,24.4791679382324
242,-5,27.4924144744873
243,-5,25.9381275177002
244,-5,21.2011871337891
245,-5,22.9959774017334
246,-5,28.5065422058106
247,-5,33.3715438842773
248,-5,30.7556610107422
249,-5,36.8162879943848
250,-5,44.4991416931152
251,-5,39.5025329589844
252,-5,33.6350173950195
253,-5,33.3036346435547
254,-5,42.2293548583984
255,-5,49.3077201843262
256,-5,53.0654296875
257,-5,57.6045875549317
258,-5,59.4181175231934
259,-5,57.7798690795899
260,-5,70.3676300048828
261,-5,74.3862991333008
262,-5,77.2270812988281
263,-5,92.3852767944336
264,-5,77.6731109619141
265,-5,79.3401565551758
266,-5,78.9009246826172
267,-5,90.4941253662109
268,-5,95.1523895263672
269,-5,130.335418701172
270,-5,221.257186889648
271,-5,185.535263061523
272,-5,138.736465454102
273,-5,109.793952941895
274,-5,158.533981323242
275,-5,153.329437255859
276,-5,175.742523193359
277,-5,199.453262329102
278,-5,338.268310546875
279,-5,1040.3154296875
280,-5,1356.19140625
281,-5,319.838531494141
282,-5,175.18293762207
283,-5,99.8826446533203
284,-5,73.7193450927734
285,-5,72.1188659667969
286,-5,61.7664184570313
287,-5,68.7867431640625
288,-5,61.1287689208984
289,-5,57.7090225219727
290,-5,50.3386993408203
291,-5,53.1458396911621
292,-5,50.7501220703125
293,-5,43.0898361206055
294,-5,31.5105419158936
295,-5,27.0843524932861
296,-5,29.7464008331299
297,-5,20.7974681854248
298,-5,28.5119819641113
299,-5,36.5077972412109
300,-5,27.8618621826172
301,-5,22.4328918457031
302,-5,20.3958702087402
303,-5,21.7155017852783
304,-5,9.73404502868652
305,-5,6.69006729125977
306,-5,6.04708909988403
312,-5,7.55443716049194
313,-5,9.68008899688721
314,-5,6.32138824462891
315,-5,8.03940773010254
316,-5,9.54148101806641
317,-5,14.2539710998535
318,-5,9.12948322296143
319,-5,6.10199308395386
320,-5,6.11347007751465
331,-5,7.22642278671265
332,-5,7.52393054962158
333,-5,10.0821399688721
334,-5,7.79996204376221
335,-5,9.18825435638428
336,-5,6.97325420379639
44,-4,6.77999353408814
45,-4,7.68892812728882
47,-4,6.33759593963623
48,-4,8.39259433746338
53,-4,6.1499834060669
54,-4,6.24646949768066
55,-4,7.67206954956055
56,-4,11.3798894882202
57,-4,15.5818252563477
58,-4,21.2389602661133
59,-4,15.0376262664795
60,-4,11.0805063247681
61,-4,9.37293243408203
62,-4,6.30385875701904
64,-4,6.09930038452148
68,-4,6.03855562210083
75,-4,9.20011043548584
76,-4,10.5064811706543
77,-4,9.5700569152832
78,-4,16.548849105835
79,-4,34.9274101257324
80,-4,30.0663108825684
81,-4,39.5896759033203
82,-4,56.7596969604492
83,-4,35.7932739257813
84,-4,42.3138732910156
85,-4,85.1922988891602
86,-4,71.1847991943359
87,-4,60.0301284790039
88,-4,65.388801574707
89,-4,55.3434791564941
90,-4,52.7806739807129
91,-4,49.1326675415039
92,-4,43.1053581237793
93,-4,48.4997711181641
94,-4,35.4758148193359
95,-4,34.0108680725098
96,-4,41.6669540405273
97,-4,57.8856086730957
98,-4,76.2408905029297
99,-4,87.1038513183594
100,-4,100.234375
101,-4,128.895690917969
102,-4,150.126266479492
103,-4,136.651718139648
104,-4,205.033401489258
105,-4,93.433235168457
106,-4,59.7099914550781
107,-4,38.8926200866699
108,-4,34.8054008483887
109,-4,30.3940773010254
110,-4,23.1391277313232
111,-4,17.051176071167
112,-4,12.4805679321289
113,-4,11.6986389160156
114,-4,12.2152099609375
115,-4,12.9506492614746
116,-4,9.43170833587646
117,-4,8.50508117675781
124,-4,6.4176721572876
172,-4,6.04473066329956
216,-4,7.21282720565796
217,-4,9.34443950653076
218,-4,10.4943065643311
219,-4,10.0448741912842
220,-4,8.64903450012207
221,-4,9.8381404876709
222,-4,8.7543888092041
223,-4,9.80803775787354
224,-4,11.1330480575562
225,-4,14.0457515716553
226,-4,16.3406887054443
227,-4,12.4886045455933
228,-4,10.5501298904419
229,-4,11.8556241989136
230,-4,11.129919052124
231,-4,13.6831493377686
232,-4,16.0504760742188
233,-4,17.770715713501
234,-4,19.5166110992432
235,-4,20.9167079925537
236,-4,26.2118339538574
237,-4,40.1496849060059
238,-4,47.4099617004395
239,-4,32.4569511413574
240,-4,24.4603462219238
241,-4,22.5620517730713
242,-4,20.9443225860596
243,-4,20.3715858459473
244,-4,21.1687297821045
245,-4,23.263355255127
246,-4,25.3074150085449
247,-4,30.8826408386231
248,-4,37.4145278930664
249,-4,40.2271347045898
250,-4,28.4795188903809
251,-4,27.9428005218506
252,-4,22.8216781616211
253,-4,23.7677841186523
254,-4,31.0784091949463
255,-4,37.0622329711914
256,-4,49.0911369323731
257,-4,55.3928375244141
258,-4,58.9850616455078
259,-4,93.5300521850586
260,-4,88.1290130615234
261,-4,72.4054870605469
262,-4,59.6902389526367
263,-4,63.0918807983399
264,-4,59.1033325195313
265,-4,60.6685791015625
266,-4,73.0034332275391
267,-4,84.6653289794922
268,-4,100.338958740234
269,-4,129.351669311523
270,-4,193.540664672852
271,-4,217.134323120117
272,-4,166.856399536133
273,-4,153.851928710938
274,-4,155.302062988281
275,-4,197.321868896484
276,-4,424.423828125
277,-4,252.127838134766
278,-4,218.620040893555
279,-4,523.937927246094
280,-4,2187.68798828125
281,-4,882.208801269531
282,-4,262.106140136719
283,-4,155.889923095703
284,-4,102.425079345703
285,-4,86.3859024047852
286,-4,93.0798645019531
287,-4,87.2271728515625
288,-4,64.7361297607422
289,-4,52.036018371582
290,-4,59.3531455993652
291,-4,58.8590621948242
292,-4,56.1269493103027
293,-4,46.0263137817383
294,-4,30.6889533996582
295,-4,27.8771667480469
296,-4,24.3677463531494
297,-4,28.1684551239014
298,-4,37.8736419677734
299,-4,40.4438896179199
300,-4,37.7936096191406
301,-4,26.7184104919434
302,-4,31.0514831542969
303,-4,23.1523265838623
304,-4,11.8256931304932
305,-4,7.961669921875
308,-4,8.01433563232422
309,-4,8.19485092163086
310,-4,6.17590427398682
312,-4,6.09146595001221
313,-4,7.46602916717529
314,-4,7.19711923599243
315,-4,9.71564674377441
316,-4,9.76522254943848
317,-4,6.90667915344238
320,-4,7.7266993522644
329,-4,8.23629570007324
330,-4,9.80645370483398
331,-4,14.7590579986572
332,-4,13.9508905410767
333,-4,9.00710487365723
334,-4,9.65613651275635
335,-4,7.05312824249268
336,-4,6.82228469848633
342,-4,6.59288787841797
344,-4,6.10576772689819
44,-3,6.75162506103516
45,-3,8.38135147094727
46,-3,6.65875911712647
47,-3,6.95838785171509
48,-3,9.21031761169434
49,-3,7.70684623718262
54,-3,8.78399276733398
55,-3,9.36898422241211
56,-3,12.3389930725098
57,-3,14.516505241394
58,-3,26.3131790161133
59,-3,22.0913333892822
60,-3,15.5828952789307
61,-3,12.7877082824707
62,-3,10.6627426147461
65,-3,6.2385892868042
75,-3,6.74187803268433
76,-3,10.2567405700684
77,-3,10.3463935852051
78,-3,16.1416683197022
79,-3,35.0540161132813
80,-3,28.5295009613037
81,-3,31.3704242706299
82,-3,62.5058250427246
83,-3,34.0406112670898
84,-3,35.8170547485352
85,-3,121.627349853516
86,-3,68.0685424804688
87,-3,73.9652099609375
88,-3,81.2847061157227
89,-3,77.0702743530273
90,-3,57.2431182861328
91,-3,37.3378868103027
92,-3,35.5203552246094
93,-3,39.3054924011231
94,-3,31.8472309112549
95,-3,34.1648063659668
96,-3,51.8621673583984
97,-3,72.0143280029297
98,-3,91.6211090087891
99,-3,112.521797180176
100,-3,122.919525146484
101,-3,125.429595947266
102,-3,103.388748168945
103,-3,121.894691467285
104,-3,112.299865722656
105,-3,120.710739135742
106,-3,53.5205879211426
107,-3,32.8133888244629
108,-3,23.3093452453613
109,-3,23.4914360046387
110,-3,18.7682857513428
111,-3,12.370777130127
112,-3,10.181568145752
113,-3,9.65336322784424
114,-3,9.02518177032471
115,-3,10.3786773681641
116,-3,7.52157258987427
117,-3,6.30977153778076
123,-3,6.38848304748535
124,-3,6.43484401702881
125,-3,6.14019298553467
159,-3,6.05649709701538
171,-3,6.57439470291138
210,-3,6.40833568572998
211,-3,6.16670036315918
212,-3,6.21982955932617
216,-3,7.24241352081299
217,-3,8.20989036560059
218,-3,8.61165142059326
219,-3,9.98873329162598
220,-3,9.54071712493896
221,-3,9.06726169586182
222,-3,10.0127296447754
223,-3,11.9599781036377
224,-3,13.1924200057983
225,-3,13.923677444458
226,-3,14.3907833099365
227,-3,16.0906410217285
228,-3,12.4632635116577
229,-3,12.862904548645
230,-3,15.8855724334717
231,-3,17.2023735046387
232,-3,19.5996398925781
233,-3,22.3702869415283
234,-3,22.0746059417725
235,-3,22.6188316345215
236,-3,25.5192832946777
237,-3,48.0037612915039
238,-3,59.4999160766602
239,-3,36.9544792175293
240,-3,24.8543186187744
241,-3,21.778715133667
242,-3,17.6568622589111
243,-3,18.1197338104248
244,-3,21.9883003234863
245,-3,23.0089130401611
246,-3,27.2114543914795
247,-3,30.9623012542725
248,-3,35.6499710083008
249,-3,32.7382125854492
250,-3,29.1211223602295
251,-3,28.1632843017578
252,-3,27.2836933135986
253,-3,30.0781631469727
254,-3,32.260311126709
255,-3,32.9566078186035
256,-3,33.0040702819824
257,-3,48.0045700073242
258,-3,78.2945938110352
259,-3,83.5438232421875
260,-3,65.3960952758789
261,-3,47.697868347168
262,-3,40.2776679992676
263,-3,40.7774925231934
264,-3,45.2851638793945
265,-3,49.9015045166016
266,-3,69.1268539428711
267,-3,68.4727478027344
268,-3,80.5775146484375
269,-3,101.851875305176
270,-3,141.189437866211
271,-3,171.46630859375
272,-3,192.618576049805
273,-3,201.742980957031
274,-3,201.22868347168
275,-3,263.232849121094
276,-3,241.56982421875
277,-3,260.307861328125
278,-3,180.972686767578
279,-3,219.437164306641
280,-3,1077.79711914063
281,-3,1998.18774414063
282,-3,529.823181152344
283,-3,214.587005615234
284,-3,117.600982666016
285,-3,90.0299758911133
286,-3,75.5347747802734
287,-3,69.1134490966797
288,-3,64.2905044555664
289,-3,62.4920883178711
290,-3,51.6613616943359
291,-3,48.3434257507324
292,-3,42.8928642272949
293,-3,40.5427894592285
294,-3,30.117000579834
295,-3,29.5468597412109
296,-3,24.1670913696289
297,-3,29.646110534668
298,-3,35.3806991577148
299,-3,38.6874885559082
300,-3,43.1751976013184
301,-3,35.1620903015137
302,-3,22.9236927032471
303,-3,16.5054416656494
304,-3,11.304515838623
305,-3,7.23266220092773
306,-3,6.27719640731812
307,-3,9.21390819549561
308,-3,11.7480735778809
309,-3,7.82405805587769
313,-3,8.18692111968994
314,-3,7.38431882858276
315,-3,8.68647766113281
316,-3,6.91110038757324
320,-3,6.85425043106079
321,-3,7.1132230758667
328,-3,9.2283763885498
329,-3,16.6879405975342
330,-3,13.3542709350586
331,-3,14.5385484695435
332,-3,10.3006553649902
333,-3,8.52305412292481
334,-3,7.3380241394043
335,-3,6.96869516372681
336,-3,7.52548217773438
342,-3,8.55057621002197
343,-3,7.2829761505127
344,-3,6.68703174591065
345,-3,6.04344749450684
42,-2,6.25743770599365
43,-2,6.60388374328613
44,-2,8.80879592895508
45,-2,6.98414850234985
46,-2,6.35917615890503
47,-2,7.26264095306397
48,-2,7.71753692626953
49,-2,7.66914796829224
50,-2,6.49790477752686
51,-2,6.80509662628174
52,-2,6.31979179382324
53,-2,7.775221824646
54,-2,10.667818069458
55,-2,10.9180116653442
56,-2,14.1590824127197
57,-2,19.0523357391357
58,-2,32.4604644775391
59,-2,40.1334533691406
60,-2,23.0057945251465
61,-2,12.1022806167603
62,-2,14.3731746673584
63,-2,9.21308326721191
64,-2,10.1220016479492
65,-2,10.4806594848633
66,-2,8.50071907043457
72,-2,6.4574785232544
73,-2,6.35691404342651
74,-2,6.61174297332764
75,-2,9.59568309783936
76,-2,11.5716934204102
77,-2,12.1039733886719
78,-2,22.4491939544678
79,-2,25.443229675293
80,-2,26.1913528442383
81,-2,21.67311668396
82,-2,43.8433723449707
83,-2,17.7358779907227
84,-2,102.130264282227
85,-2,318.649291992188
86,-2,77.3759994506836
87,-2,67.0661468505859
88,-2,56.2047538757324
89,-2,52.5217590332031
90,-2,44.6372947692871
91,-2,44.778694152832
92,-2,39.4416122436523
93,-2,39.0718307495117
94,-2,36.5205192565918
95,-2,42.3801956176758
96,-2,58.2783546447754
97,-2,83.1587524414063
98,-2,104.391265869141
99,-2,115.465454101563
100,-2,106.890419006348
101,-2,114.651237487793
102,-2,86.6485443115234
103,-2,88.2590484619141
104,-2,114.112533569336
105,-2,69.2598037719727
106,-2,49.8989181518555
107,-2,27.9808959960938
108,-2,19.0319576263428
109,-2,14.5151262283325
110,-2,10.2181024551392
111,-2,10.8694620132446
112,-2,10.3743190765381
113,-2,7.79167795181274
114,-2,10.2154378890991
115,-2,8.45187282562256
116,-2,6.499755859375
124,-2,7.37930297851563
160,-2,6.5747652053833
170,-2,6.27144241333008
210,-2,7.28580713272095
211,-2,6.22712182998657
212,-2,6.0893497467041
213,-2,6.19034767150879
214,-2,6.11643266677856
221,-2,6.20955467224121
222,-2,7.10058784484863
223,-2,7.58912515640259
224,-2,8.14217376708984
225,-2,7.53015995025635
226,-2,7.64084625244141
227,-2,10.406229019165
228,-2,16.2686462402344
229,-2,17.1540489196777
230,-2,18.4641704559326
231,-2,17.3706531524658
232,-2,17.153751373291
233,-2,17.3343906402588
234,-2,14.6787815093994
235,-2,17.3074569702148
236,-2,17.2416095733643
237,-2,26.2799949645996
238,-2,23.7547760009766
239,-2,23.7037162780762
240,-2,23.7671375274658
241,-2,20.5736331939697
242,-2,16.578441619873
243,-2,15.2427940368652
244,-2,14.9925975799561
245,-2,15.3571395874023
246,-2,17.6710395812988
247,-2,22.4457569122314
248,-2,23.5646362304688
249,-2,19.9334526062012
250,-2,21.6648578643799
251,-2,19.0387763977051
252,-2,21.3725833892822
253,-2,22.9918670654297
254,-2,26.0089931488037
255,-2,27.2917022705078
256,-2,40.7587089538574
257,-2,44.1763687133789
258,-2,58.3712768554688
259,-2,51.685661315918
260,-2,45.4219932556152
261,-2,42.4121398925781
262,-2,35.5129013061523
263,-2,36.861198425293
264,-2,37.7104148864746
265,-2,40.1447563171387
266,-2,39.815788269043
267,-2,48.7569274902344
268,-2,55.830924987793
269,-2,57.9305534362793
270,-2,92.3623809814453
271,-2,143.157958984375
272,-2,168.332092285156
273,-2,170.612380981445
274,-2,143.36018371582
275,-2,173.173217773438
276,-2,147.206390380859
277,-2,869.672973632813
278,-2,173.869125366211
279,-2,225.774749755859
280,-2,507.83349609375
281,-2,3362.59423828125
282,-2,1141.84375
283,-2,237.765655517578
284,-2,127.342353820801
285,-2,86.0415802001953
286,-2,68.0990829467774
287,-2,64.4533615112305
288,-2,48.4272804260254
289,-2,55.6941070556641
290,-2,48.4638977050781
291,-2,34.0815200805664
292,-2,32.3479652404785
293,-2,31.2611236572266
294,-2,31.5210266113281
295,-2,25.0678253173828
296,-2,21.8813514709473
297,-2,21.7433776855469
298,-2,32.8937759399414
299,-2,31.8694229125977
300,-2,48.9041481018067
301,-2,20.9584865570068
302,-2,15.1558399200439
303,-2,14.1693210601807
304,-2,10.5577182769775
305,-2,10.1849031448364
306,-2,12.7455444335938
307,-2,17.3056983947754
308,-2,14.5557880401611
309,-2,10.6908893585205
310,-2,8.919020652771
311,-2,6.70199966430664
312,-2,6.61923789978027
313,-2,11.8457260131836
314,-2,8.68550968170166
315,-2,7.82106399536133
316,-2,6.43394088745117
322,-2,6.09202480316162
327,-2,8.14662170410156
328,-2,14.1869058609009
329,-2,13.0654487609863
330,-2,13.1004886627197
331,-2,15.3719701766968
332,-2,10.8196134567261
333,-2,10.2083263397217
334,-2,8.08436107635498
335,-2,9.57516479492188
337,-2,6.63373374938965
338,-2,6.24158334732056
341,-2,7.75909185409546
342,-2,9.16284275054932
343,-2,8.1941089630127
346,-2,7.40151214599609
43,-1,6.56905937194824
44,-1,10.7089948654175
45,-1,10.4922981262207
46,-1,6.97868537902832
47,-1,6.47684383392334
48,-1,6.70319032669067
49,-1,6.29644346237183
50,-1,7.92504405975342
51,-1,10.5071220397949
52,-1,12.0573711395264
53,-1,13.9036045074463
54,-1,12.4779500961304
55,-1,9.46230125427246
56,-1,18.5907249450684
57,-1,18.480504989624
58,-1,34.0889778137207
59,-1,44.1783561706543
60,-1,27.642749786377
61,-1,18.3706874847412
62,-1,14.5476665496826
63,-1,10.6335802078247
64,-1,9.71974468231201
65,-1,8.13822650909424
66,-1,6.92988204956055
72,-1,7.08310747146606
73,-1,7.38076496124268
74,-1,8.83476161956787
75,-1,7.73850393295288
76,-1,10.8298568725586
77,-1,11.7769060134888
78,-1,12.8702869415283
79,-1,15.6786670684814
80,-1,19.5800514221191
81,-1,16.4963531494141
82,-1,50.2920799255371
83,-1,28.9153270721436
84,-1,31.2715930938721
85,-1,55.6205902099609
86,-1,99.6451721191406
87,-1,85.1017303466797
88,-1,61.1299133300781
89,-1,47.9017448425293
90,-1,50.3804168701172
91,-1,44.5302085876465
92,-1,39.9610443115234
93,-1,37.8292465209961
94,-1,39.1506958007813
95,-1,44.9899368286133
96,-1,69.7093658447266
97,-1,93.8278350830078
98,-1,100.829742431641
99,-1,92.6728439331055
100,-1,101.444366455078
101,-1,92.0469512939453
102,-1,86.5342178344727
103,-1,71.9190673828125
104,-1,103.280372619629
105,-1,57.6404418945313
106,-1,47.1801605224609
107,-1,25.3466567993164
108,-1,16.5736255645752
109,-1,11.8504791259766
110,-1,8.87624454498291
111,-1,7.98147583007813
112,-1,10.1977529525757
113,-1,9.64245986938477
114,-1,9.21117973327637
115,-1,7.28545093536377
124,-1,6.67328786849976
147,-1,6.44251823425293
150,-1,6.82495403289795
158,-1,6.45997428894043
224,-1,6.21696615219116
225,-1,6.64219284057617
226,-1,7.12778568267822
227,-1,7.18680667877197
228,-1,11.5502662658691
229,-1,9.43742561340332
230,-1,11.4403972625732
231,-1,13.9293689727783
232,-1,13.9753608703613
233,-1,12.1048069000244
234,-1,13.223840713501
235,-1,11.7614707946777
236,-1,10.949875831604
237,-1,15.4085655212402
238,-1,13.3288402557373
239,-1,13.522144317627
240,-1,20.760763168335
241,-1,17.2634983062744
242,-1,13.5518760681152
243,-1,12.6274738311768
244,-1,11.5116786956787
245,-1,9.68644332885742
246,-1,10.6524829864502
247,-1,11.7981758117676
248,-1,13.4178838729858
249,-1,14.4780759811401
250,-1,15.656982421875
251,-1,16.8409423828125
252,-1,19.0358467102051
253,-1,22.7964248657227
254,-1,33.2962913513184
255,-1,33.4576606750488
256,-1,40.7983627319336
257,-1,36.3982772827148
258,-1,43.3706512451172
259,-1,38.7664413452148
260,-1,39.3330879211426
261,-1,39.1563262939453
262,-1,31.4249515533447
263,-1,23.074010848999
264,-1,23.9699783325195
265,-1,28.6974697113037
266,-1,35.5503807067871
267,-1,39.4326019287109
268,-1,48.1667594909668
269,-1,52.2788009643555
270,-1,57.3256301879883
271,-1,91.7628936767578
272,-1,119.437660217285
273,-1,123.023597717285
274,-1,116.356231689453
275,-1,136.92561340332
276,-1,147.657012939453
277,-1,208.59342956543
278,-1,264.570251464844
279,-1,246.886016845703
280,-1,291.309814453125
281,-1,1161.87561035156
282,-1,1243.43872070313
283,-1,253.753341674805
284,-1,123.138534545898
285,-1,115.880996704102
286,-1,86.2679214477539
287,-1,63.0561866760254
288,-1,56.0979156494141
289,-1,42.783821105957
290,-1,34.8836288452148
291,-1,29.6054344177246
292,-1,27.5864410400391
293,-1,27.9780654907227
294,-1,32.3656616210938
295,-1,23.4015674591064
296,-1,20.7841339111328
297,-1,22.6162605285645
298,-1,23.3900604248047
299,-1,22.8602733612061
300,-1,16.7188358306885
301,-1,15.1354160308838
302,-1,15.0486869812012
303,-1,18.613338470459
304,-1,11.0149278640747
305,-1,12.0482530593872
306,-1,19.2700271606445
307,-1,20.1913223266602
308,-1,16.8602485656738
309,-1,9.30871868133545
310,-1,6.10829782485962
311,-1,8.17229557037354
312,-1,9.18187236785889
313,-1,9.74630546569824
314,-1,8.2414665222168
315,-1,7.3049259185791
316,-1,7.4068660736084
317,-1,9.43403434753418
318,-1,6.18043279647827
327,-1,11.7199392318726
328,-1,12.7847204208374
329,-1,8.90714263916016
330,-1,7.51217746734619
331,-1,10.3375120162964
332,-1,9.04258346557617
333,-1,10.1680593490601
334,-1,8.5325345993042
335,-1,6.9439115524292
336,-1,6.83383417129517
337,-1,6.33808898925781
341,-1,7.60043573379517
342,-1,9.04394149780273
343,-1,8.12169456481934
42,0,7.11739301681519
43,0,7.74389219284058
44,0,8.13215446472168
45,0,9.48829460144043
46,0,8.66120910644531
47,0,9.82517242431641
48,0,9.67312335968018
49,0,8.04399681091309
50,0,11.199068069458
51,0,12.1360931396484
52,0,10.3009157180786
53,0,10.8126468658447
54,0,9.40360832214355
55,0,9.08244800567627
56,0,18.9997272491455
57,0,21.9350681304932
58,0,39.3685760498047
59,0,36.8804550170898
60,0,37.8014602661133
61,0,23.631950378418
62,0,19.4014873504639
63,0,16.9359283447266
64,0,11.5647172927856
65,0,8.55300998687744
66,0,7.57894039154053
68,0,7.29159069061279
70,0,7.16645812988281
71,0,7.05160236358643
72,0,8.72499370574951
73,0,7.32793045043945
74,0,8.05921363830566
75,0,9.34374237060547
76,0,7.48275566101074
77,0,8.38531398773193
78,0,11.4843425750732
79,0,11.6048288345337
80,0,14.4655847549438
81,0,14.1275281906128
82,0,18.7385559082031
83,0,40.3926582336426
84,0,39.7131271362305
85,0,29.3367919921875
86,0,488.926361083984
87,0,70.2299194335938
88,0,75.7272491455078
89,0,67.1946258544922
90,0,68.872200012207
91,0,39.9701805114746
92,0,38.7489891052246
93,0,38.7066345214844
94,0,51.8926086425781
95,0,57.4005470275879
96,0,74.9000473022461
97,0,103.366775512695
98,0,128.679321289063
99,0,90.8078308105469
100,0,95.2119140625
101,0,116.988708496094
102,0,88.1541748046875
103,0,103.484527587891
104,0,75.1901016235352
105,0,60.682918548584
106,0,46.5253791809082
107,0,39.3151359558106
108,0,22.2887325286865
109,0,19.0367660522461
110,0,14.3024654388428
111,0,11.2856197357178
112,0,13.1126880645752
113,0,12.7097330093384
114,0,8.251051902771
117,0,6.11835193634033
144,0,6.13474416732788
145,0,6.29405736923218
146,0,13.1810884475708
147,0,7.07236480712891
156,0,6.09032964706421
157,0,6.22884702682495
158,0,7.18663311004639
159,0,6.37293672561646
225,0,6.06160688400269
229,0,6.36858606338501
230,0,6.47860813140869
231,0,8.91588306427002
232,0,8.29762268066406
233,0,9.27451992034912
234,0,9.5572681427002
235,0,9.35493183135986
236,0,9.20365715026855
237,0,8.30099964141846
238,0,11.2843818664551
239,0,13.6301918029785
240,0,13.8626098632813
241,0,15.1409244537354
242,0,12.172399520874
243,0,12.999981880188
244,0,9.47762298583984
245,0,8.83349227905273
246,0,8.87441825866699
247,0,9.49845123291016
248,0,10.0603218078613
249,0,10.7698020935059
250,0,13.0812969207764
251,0,16.3178558349609
252,0,20.0111694335938
253,0,26.6768703460693
254,0,26.9251899719238
255,0,28.2647590637207
256,0,28.0637321472168
257,0,25.0951633453369
258,0,32.8658294677734
259,0,38.2642478942871
260,0,34.1198272705078
261,0,33.8500175476074
262,0,30.8316307067871
263,0,24.785737991333
264,0,24.1970615386963
265,0,36.1245155334473
266,0,44.5232238769531
267,0,36.9423675537109
268,0,48.6707572937012
269,0,42.4578475952148
270,0,38.8602333068848
271,0,48.9554328918457
272,0,63.2054862976074
273,0,72.7863159179688
274,0,98.4292297363281
275,0,137.089477539063
276,0,172.729598999023
277,0,228.914016723633
278,0,296.798522949219
279,0,250.822372436523
280,0,320.907104492188
281,0,530.768920898438
282,0,1420.30786132813
283,0,621.345275878906
284,0,260.623474121094
285,0,156.405883789063
286,0,88.0940933227539
287,0,60.9033966064453
288,0,63.7889747619629
289,0,40.203426361084
290,0,40.3096199035645
291,0,36.9316711425781
292,0,35.4561309814453
293,0,43.0512886047363
294,0,38.2452583312988
295,0,31.6952342987061
296,0,27.5894393920898
297,0,23.1025314331055
298,0,20.1170864105225
299,0,19.8376750946045
300,0,20.3559989929199
301,0,14.8958959579468
302,0,12.7419996261597
303,0,11.4762258529663
304,0,15.2731828689575
305,0,15.3489027023315
306,0,18.4175262451172
307,0,13.1727714538574
308,0,10.9834613800049
309,0,7.59866142272949
310,0,6.90164375305176
311,0,9.14655303955078
312,0,10.1454267501831
313,0,8.73417282104492
314,0,8.08530616760254
315,0,8.19082641601563
316,0,9.85089874267578
317,0,11.7889566421509
318,0,10.457633972168
319,0,7.81840515136719
320,0,6.34626007080078
325,0,6.15892267227173
326,0,9.77981376647949
327,0,12.2446231842041
328,0,7.86187839508057
331,0,7.69826650619507
334,0,6.98524618148804
335,0,7.14572763442993
336,0,7.10654449462891
337,0,6.93175411224365
338,0,6.93481636047363
339,0,6.31731653213501
340,0,6.69457483291626
341,0,8.28487014770508
342,0,10.3900871276855
343,0,7.8269510269165
43,1,8.69016170501709
44,1,8.29642200469971
45,1,9.25885486602783
46,1,8.67892837524414
47,1,10.3177261352539
48,1,12.3173913955688
49,1,10.23952293396
50,1,12.4085350036621
51,1,10.8431396484375
52,1,12.8887062072754
53,1,12.3946104049683
54,1,12.207052230835
55,1,16.3752574920654
56,1,19.3919811248779
57,1,25.4331207275391
58,1,35.0150566101074
59,1,31.7427425384522
60,1,59.6758270263672
61,1,42.3025398254395
62,1,25.2582244873047
63,1,19.588794708252
64,1,13.2049160003662
65,1,12.9472599029541
66,1,13.5080051422119
67,1,9.82064819335938
68,1,7.88360500335693
69,1,7.76172590255737
70,1,12.2236337661743
71,1,10.7908573150635
72,1,7.72979116439819
73,1,10.3260517120361
74,1,11.782075881958
75,1,11.734959602356
76,1,8.62645149230957
77,1,9.54141998291016
78,1,12.2700080871582
79,1,14.278881072998
80,1,11.9446287155151
81,1,13.3785753250122
82,1,23.7625942230225
83,1,29.4956302642822
84,1,28.220832824707
85,1,32.0407447814941
86,1,84.2039489746094
87,1,98.6675415039063
88,1,82.4330749511719
89,1,77.4984283447266
90,1,54.3737602233887
91,1,42.3923988342285
92,1,36.174243927002
93,1,41.8123016357422
94,1,54.2932968139649
95,1,75.9575653076172
96,1,84.5510177612305
97,1,111.439872741699
98,1,133.606323242188
99,1,135.301406860352
100,1,95.2422027587891
101,1,111.679763793945
102,1,82.2277221679688
103,1,93.5011901855469
104,1,73.6844863891602
105,1,45.3661270141602
106,1,31.8326683044434
107,1,27.5409259796143
108,1,17.3328666687012
109,1,15.2534112930298
110,1,20.5936012268066
111,1,26.5067520141602
112,1,17.208740234375
113,1,12.5687675476074
114,1,8.18669414520264
115,1,11.0389699935913
116,1,6.95125675201416
117,1,7.78964519500732
144,1,6.85106468200684
145,1,12.1265773773193
146,1,17.434986114502
147,1,6.71215486526489
157,1,6.53357553482056
158,1,6.24315881729126
226,1,6.07537174224854
231,1,6.16146373748779
233,1,6.42130565643311
234,1,9.62356090545654
235,1,9.79640007019043
236,1,9.4591121673584
237,1,8.68062591552734
238,1,9.85531139373779
239,1,9.93752002716064
240,1,12.8407545089722
241,1,16.4714107513428
242,1,13.0555543899536
243,1,10.0322551727295
244,1,7.71412420272827
245,1,7.76385307312012
246,1,8.23159122467041
247,1,8.08447360992432
248,1,8.85749340057373
249,1,8.89982795715332
250,1,9.14445877075195
251,1,9.59132957458496
252,1,11.1366567611694
253,1,11.066858291626
254,1,13.0937194824219
255,1,14.9173555374146
256,1,20.315803527832
257,1,20.3287162780762
258,1,22.8742485046387
259,1,31.1247978210449
260,1,32.6647605895996
261,1,27.3633079528809
262,1,25.1696586608887
263,1,26.1046409606934
264,1,29.0069389343262
265,1,35.4815368652344
266,1,38.761360168457
267,1,48.5742301940918
268,1,41.71728515625
269,1,37.8691864013672
270,1,35.0846252441406
271,1,46.5197715759277
272,1,69.9884414672852
273,1,81.2197418212891
274,1,101.391075134277
275,1,136.316604614258
276,1,190.455902099609
277,1,277.171081542969
278,1,186.837738037109
279,1,216.533386230469
280,1,239.038131713867
281,1,335.711181640625
282,1,1059.49462890625
283,1,2972.32250976563
284,1,833.413330078125
285,1,812.470336914063
286,1,162.128341674805
287,1,77.5276260375977
288,1,60.9427452087402
289,1,57.3606147766113
290,1,50.7375259399414
291,1,44.5462799072266
292,1,40.4389991760254
293,1,40.8373641967773
294,1,44.278263092041
295,1,35.1436500549316
296,1,33.2173957824707
297,1,22.7564010620117
298,1,21.615291595459
299,1,17.063814163208
300,1,16.0707607269287
301,1,12.8847789764404
302,1,12.4388885498047
303,1,15.0856485366821
304,1,15.4688005447388
305,1,17.7942562103271
306,1,13.2944355010986
307,1,12.2277126312256
308,1,9.67914962768555
309,1,9.24035453796387
310,1,7.80785846710205
311,1,9.56533145904541
312,1,11.1475620269775
313,1,9.06407737731934
314,1,8.24887084960938
315,1,10.772180557251
316,1,11.8469047546387
317,1,10.6512508392334
318,1,11.9789733886719
319,1,7.15088224411011
320,1,6.04429340362549
323,1,6.12302684783936
326,1,9.02596855163574
327,1,7.06251049041748
328,1,6.3824315071106
334,1,6.68212080001831
335,1,6.72583723068237
336,1,6.92761564254761
337,1,8.32328605651856
338,1,8.43946266174316
339,1,7.69276714324951
340,1,7.69015789031982
341,1,8.42702579498291
342,1,8.55288505554199
343,1,9.18641662597656
344,1,6.14002513885498
42,2,8.4082145690918
43,2,9.28565692901611
44,2,9.53664016723633
45,2,9.70908069610596
46,2,9.29518508911133
47,2,8.70182418823242
48,2,10.0991153717041
49,2,12.4161653518677
50,2,13.224723815918
51,2,12.0459442138672
52,2,11.2496747970581
53,2,10.8259887695313
54,2,12.6154375076294
55,2,16.8451271057129
56,2,24.408203125
57,2,28.0175800323486
58,2,30.3594703674316
59,2,28.5595855712891
60,2,41.0359039306641
61,2,40.4474830627441
62,2,31.3309841156006
63,2,19.01145362854
64,2,15.6927976608276
65,2,19.4842166900635
66,2,22.1532516479492
67,2,19.02073097229
68,2,17.1447143554688
69,2,15.8848762512207
70,2,16.0701103210449
71,2,12.2288684844971
72,2,7.26611709594727
73,2,6.19690704345703
74,2,8.6165828704834
75,2,7.11712598800659
76,2,6.91864013671875
77,2,8.71308612823486
78,2,9.2404203414917
79,2,10.0373983383179
80,2,12.7109470367432
81,2,11.8796977996826
82,2,14.5520305633545
83,2,18.6662101745605
84,2,30.4337463378906
85,2,42.1834487915039
86,2,55.6372299194336
87,2,103.103645324707
88,2,174.419006347656
89,2,86.4330368041992
90,2,48.2222671508789
91,2,66.7756271362305
92,2,69.17626953125
93,2,49.4434852600098
94,2,61.0755729675293
95,2,80.8349990844727
96,2,94.3957901000977
97,2,94.3762741088867
98,2,131.109909057617
99,2,125.731185913086
100,2,99.8457641601563
101,2,84.2521133422852
102,2,73.996452331543
103,2,89.6169509887695
104,2,77.0103073120117
105,2,49.1523590087891
106,2,30.4751262664795
107,2,24.83957862854
108,2,17.3445644378662
109,2,12.6637687683105
110,2,17.1389083862305
111,2,15.5166063308716
112,2,18.7206745147705
113,2,19.6379222869873
114,2,11.4965143203735
115,2,11.2486658096313
116,2,7.85157203674316
141,2,6.04452991485596
142,2,7.19159317016602
144,2,6.1205415725708
145,2,7.63602781295776
146,2,14.7995939254761
147,2,6.5124397277832
234,2,6.23335886001587
235,2,7.86398506164551
236,2,10.5058746337891
237,2,12.4785413742065
238,2,9.36984729766846
239,2,8.69060230255127
240,2,10.3834762573242
241,2,10.3521957397461
242,2,9.01867294311523
243,2,8.88146781921387
244,2,8.47762584686279
245,2,6.67127704620361
246,2,6.27011203765869
247,2,6.37923002243042
248,2,7.02908086776733
249,2,6.78388118743897
250,2,6.9321665763855
251,2,7.31026935577393
252,2,6.58085250854492
253,2,7.81680774688721
254,2,10.7798080444336
255,2,12.8148021697998
256,2,15.3998336791992
257,2,16.7454872131348
258,2,18.1271114349365
259,2,21.7780094146729
260,2,19.0826969146729
261,2,16.5765247344971
262,2,18.4768161773682
263,2,25.869441986084
264,2,23.664608001709
265,2,29.4953994750977
266,2,47.8888626098633
267,2,39.0309257507324
268,2,28.4570999145508
269,2,26.7795257568359
270,2,24.511173248291
271,2,28.1281433105469
272,2,34.9606513977051
273,2,54.6460304260254
274,2,74.3702239990234
275,2,97.2187271118164
276,2,123.944564819336
277,2,122.625686645508
278,2,147.550216674805
279,2,186.008682250977
280,2,210.872055053711
281,2,263.240661621094
282,2,561.185729980469
283,2,1885.67272949219
284,2,1274.39379882813
285,2,469.115173339844
286,2,172.476837158203
287,2,97.4123916625977
288,2,73.690071105957
289,2,54.0881958007813
290,2,54.6259307861328
291,2,38.5929718017578
292,2,34.9334220886231
293,2,43.7421569824219
294,2,37.5305442810059
295,2,39.3385047912598
296,2,29.9373512268066
297,2,23.645378112793
298,2,19.0842895507813
299,2,16.2623691558838
300,2,13.3693752288818
301,2,10.9679527282715
302,2,11.1003875732422
303,2,13.5912609100342
304,2,16.5645732879639
305,2,16.5047454833984
306,2,10.6241941452026
307,2,11.4414710998535
308,2,11.2365980148315
309,2,8.99106788635254
310,2,8.30695056915283
311,2,12.1081066131592
312,2,11.1895475387573
313,2,10.830265045166
314,2,11.633129119873
315,2,9.4460973739624
316,2,9.24520683288574
317,2,11.2696228027344
318,2,7.52440643310547
321,2,6.25727891921997
323,2,6.82227659225464
324,2,7.3658504486084
326,2,8.0367603302002
327,2,6.19198513031006
328,2,6.06663417816162
335,2,6.7706241607666
336,2,8.93275833129883
337,2,8.74158477783203
338,2,8.19597244262695
339,2,8.63237476348877
340,2,8.70527648925781
341,2,8.49463844299316
342,2,8.7110013961792
343,2,12.4518251419067
344,2,10.1167278289795
345,2,8.01152038574219
42,3,8.99981117248535
43,3,10.7241954803467
44,3,10.5645151138306
45,3,9.32861709594727
46,3,10.3409557342529
47,3,10.6087226867676
48,3,10.3981695175171
49,3,12.2552099227905
50,3,12.0766286849976
51,3,10.5938816070557
52,3,9.50786972045898
53,3,14.236762046814
54,3,15.4103326797485
55,3,21.9689102172852
56,3,23.7714176177979
57,3,29.5705623626709
58,3,29.6464958190918
59,3,32.1938056945801
60,3,35.2713623046875
61,3,34.4836311340332
62,3,32.4110221862793
63,3,25.3022594451904
64,3,23.1338920593262
65,3,27.4576416015625
66,3,25.9407348632813
67,3,24.5856418609619
68,3,22.0503101348877
69,3,20.252534866333
70,3,20.9446659088135
71,3,7.72859764099121
72,3,6.2829384803772
74,3,6.31736612319946
75,3,6.39826011657715
76,3,6.86110019683838
77,3,8.87516403198242
78,3,8.45387363433838
79,3,10.9680604934692
80,3,13.8345108032227
81,3,16.6055583953857
82,3,15.6846494674683
83,3,21.2462711334229
84,3,40.9173469543457
85,3,65.5563735961914
86,3,63.7391204833984
87,3,92.9987716674805
88,3,106.817001342773
89,3,69.0847091674805
90,3,59.4313812255859
91,3,70.0090942382813
92,3,95.0602264404297
93,3,74.0532531738281
94,3,70.2792358398438
95,3,96.8531723022461
96,3,79.8269653320313
97,3,99.9306793212891
98,3,184.618988037109
99,3,130.925170898438
100,3,118.656684875488
101,3,93.0467529296875
102,3,115.60856628418
103,3,90.660530090332
104,3,78.5739212036133
105,3,42.7849502563477
106,3,39.6443023681641
107,3,21.0922946929932
108,3,20.7742729187012
109,3,14.3935413360596
110,3,10.7823839187622
111,3,12.2511672973633
112,3,11.0290727615356
113,3,6.76787710189819
114,3,7.59754276275635
115,3,9.39126396179199
235,3,7.35578632354736
236,3,9.7812442779541
237,3,12.5783843994141
238,3,14.3780164718628
239,3,14.0681295394897
240,3,11.1677207946777
241,3,8.1301441192627
242,3,7.60304975509644
243,3,6.88052415847778
244,3,6.34071063995361
246,3,6.71283102035523
247,3,6.62441921234131
248,3,6.3126277923584
249,3,6.50240421295166
250,3,7.2382984161377
251,3,7.66773891448975
252,3,7.6846776008606
253,3,7.81386280059815
254,3,9.77917289733887
255,3,12.2675380706787
256,3,11.8662395477295
257,3,15.4707183837891
258,3,19.0347785949707
259,3,16.4368782043457
260,3,13.6896514892578
261,3,13.361291885376
262,3,15.5317449569702
263,3,15.9502410888672
264,3,20.9013748168945
265,3,27.1964721679688
266,3,38.2315254211426
267,3,24.1898460388184
268,3,20.6017284393311
269,3,22.3457183837891
270,3,18.6794948577881
271,3,18.8224697113037
272,3,26.1055183410645
273,3,36.7191581726074
274,3,44.3930931091309
275,3,62.4415168762207
276,3,73.9782791137695
277,3,86.6634979248047
278,3,106.438690185547
279,3,133.151214599609
280,3,186.88232421875
281,3,283.019378662109
282,3,420.613098144531
283,3,1098.09484863281
284,3,1287.62719726563
285,3,449.059967041016
286,3,170.242874145508
287,3,96.2005996704102
288,3,92.8649749755859
289,3,76.6393966674805
290,3,57.0278587341309
291,3,38.0427665710449
292,3,31.7335624694824
293,3,30.2668933868408
294,3,33.0808410644531
295,3,35.1149063110352
296,3,26.7248268127441
297,3,18.7772197723389
298,3,16.8752536773682
299,3,14.0291519165039
300,3,13.2895240783691
301,3,9.58174800872803
302,3,8.64492797851563
303,3,13.9717750549316
304,3,12.0306377410889
305,3,16.4198913574219
306,3,11.0477285385132
307,3,8.85308742523193
308,3,8.43739891052246
309,3,8.3137845993042
310,3,10.6183004379272
311,3,11.4155263900757
312,3,10.4390916824341
313,3,9.31511402130127
314,3,9.00973320007324
315,3,10.1940813064575
316,3,9.26448345184326
317,3,7.59702348709106
318,3,6.91844415664673
319,3,6.76613998413086
321,3,7.51773357391357
324,3,8.46961116790772
325,3,9.52524852752686
326,3,6.39158916473389
327,3,7.14231204986572
328,3,6.60398292541504
333,3,7.10126113891602
334,3,7.04321098327637
335,3,9.88741111755371
336,3,10.2798624038696
337,3,9.31179428100586
338,3,8.33887577056885
339,3,6.6600079536438
340,3,8.11401462554932
341,3,6.25375127792358
342,3,6.5238676071167
343,3,7.10514545440674
344,3,6.09691953659058
349,3,6.59995365142822
350,3,6.11110782623291
352,3,6.87002086639404
353,3,8.17891502380371
354,3,7.24117183685303
42,4,6.1296534538269
43,4,7.4440541267395
44,4,16.3837661743164
45,4,14.6809616088867
46,4,16.7852306365967
47,4,17.0482349395752
48,4,11.7758941650391
49,4,12.8066711425781
50,4,13.4185638427734
51,4,14.0284557342529
52,4,19.6534996032715
53,4,17.6765918731689
54,4,18.0173969268799
55,4,21.7938747406006
56,4,26.6540908813477
57,4,26.0694713592529
58,4,30.7457008361816
59,4,27.9384136199951
60,4,28.6527214050293
61,4,41.5548515319824
62,4,41.7181968688965
63,4,24.3418407440186
64,4,24.353702545166
65,4,31.0357761383057
66,4,28.7232723236084
67,4,33.3620910644531
68,4,29.5812683105469
69,4,25.7588405609131
70,4,12.0320796966553
71,4,8.5134162902832
72,4,7.69952297210693
73,4,7.17365741729736
74,4,7.02211427688599
76,4,8.21849727630615
77,4,9.89235782623291
78,4,12.5136642456055
79,4,12.4217176437378
80,4,11.0362491607666
81,4,15.5646181106567
82,4,20.9457359313965
83,4,32.5275230407715
84,4,49.5496826171875
85,4,44.3242301940918
86,4,63.7838592529297
87,4,92.5597534179687
88,4,96.3850021362305
89,4,67.0758209228516
90,4,63.0167350769043
91,4,52.6332969665527
92,4,55.729133605957
93,4,87.892204284668
94,4,76.2350463867188
95,4,77.4887466430664
96,4,60.0227279663086
97,4,157.882751464844
98,4,193.561706542969
99,4,109.916831970215
100,4,95.1462783813477
101,4,82.5231704711914
102,4,106.129058837891
103,4,101.713104248047
104,4,62.4969367980957
105,4,42.4495658874512
106,4,35.4571342468262
107,4,37.2361602783203
108,4,24.5242004394531
109,4,34.2278137207031
110,4,20.7776699066162
111,4,11.9198894500732
112,4,7.12420654296875
234,4,6.19924783706665
236,4,9.41210079193115
237,4,11.988995552063
238,4,12.6844444274902
239,4,11.2328462600708
240,4,10.5717458724976
241,4,8.75314521789551
242,4,7.01630401611328
244,4,6.28472518920898
246,4,6.30293369293213
247,4,6.40444564819336
248,4,6.84411191940308
249,4,6.78601551055908
250,4,7.0633659362793
251,4,8.63471412658691
252,4,9.14578437805176
253,4,8.72145462036133
254,4,10.0314254760742
255,4,11.1044406890869
256,4,11.8910884857178
257,4,14.8665809631348
258,4,14.078314781189
259,4,10.3296365737915
260,4,10.605507850647
261,4,13.231837272644
262,4,17.0141658782959
263,4,17.1586666107178
264,4,21.3373317718506
265,4,29.4072360992432
266,4,34.5261116027832
267,4,23.9169883728027
268,4,20.494722366333
269,4,19.0635013580322
270,4,18.1799240112305
271,4,18.644832611084
272,4,19.3661842346191
273,4,25.3990135192871
274,4,33.8269386291504
275,4,44.6521644592285
276,4,50.6528167724609
277,4,87.6681594848633
278,4,104.547348022461
279,4,110.730567932129
280,4,119.066055297852
281,4,221.530502319336
282,4,333.32275390625
283,4,606.701232910156
284,4,1850.56640625
285,4,1840.4462890625
286,4,270.102813720703
287,4,217.338836669922
288,4,132.23551940918
289,4,97.3563461303711
290,4,95.4319381713867
291,4,54.9043464660645
292,4,38.7886734008789
293,4,35.0072402954102
294,4,37.7526016235352
295,4,28.8647003173828
296,4,22.185884475708
297,4,18.3822193145752
298,4,14.2904853820801
299,4,11.9700469970703
300,4,12.9402389526367
301,4,12.2790355682373
302,4,13.7202377319336
303,4,13.5112438201904
304,4,15.3433103561401
305,4,14.9589805603027
306,4,9.07376670837402
307,4,9.85336017608643
308,4,10.2287158966064
309,4,12.1429920196533
310,4,10.7537746429443
311,4,10.2596340179443
312,4,8.61721134185791
313,4,9.17495918273926
314,4,10.0611715316772
315,4,11.5845136642456
316,4,11.5682992935181
317,4,9.49340343475342
318,4,8.37802791595459
319,4,9.01551055908203
320,4,8.79304790496826
321,4,7.2641978263855
324,4,7.06046962738037
325,4,9.75518608093262
327,4,6.83998966217041
328,4,6.98843669891357
333,4,7.43175983428955
334,4,11.7827215194702
335,4,12.7309494018555
336,4,12.7252960205078
337,4,10.1450309753418
338,4,10.2345972061157
339,4,6.45758104324341
340,4,6.26867008209229
345,4,6.38942670822144
346,4,6.29963064193726
348,4,6.37078475952148
349,4,7.5686559677124
350,4,6.35480546951294
351,4,6.18938827514648
352,4,6.70328664779663
353,4,8.25055503845215
354,4,6.94160079956055
355,4,7.62197160720825
356,4,6.20965433120728
36,5,6.29333019256592
39,5,10.6934757232666
40,5,6.32016324996948
41,5,7.85918045043945
42,5,11.8021297454834
43,5,13.1945848464966
44,5,12.5712938308716
45,5,15.0377826690674
46,5,20.4207992553711
47,5,22.0183811187744
48,5,17.1411628723145
49,5,18.1398620605469
50,5,15.3354139328003
51,5,16.7237567901611
52,5,24.2241592407227
53,5,24.6305980682373
54,5,21.453742980957
55,5,24.342945098877
56,5,27.3079414367676
57,5,27.9253520965576
58,5,23.0023822784424
59,5,29.516284942627
60,5,26.2734241485596
61,5,31.7460498809814
62,5,39.98193359375
63,5,28.6468105316162
64,5,26.1038627624512
65,5,31.410099029541
66,5,33.4674301147461
67,5,34.2965431213379
68,5,26.4876747131348
69,5,19.5107669830322
70,5,13.6996974945068
71,5,8.64408302307129
72,5,8.91581153869629
73,5,7.0677227973938
74,5,8.47622108459473
75,5,6.34653854370117
76,5,11.5911331176758
77,5,11.7428693771362
78,5,12.943920135498
79,5,15.8482103347778
80,5,18.131628036499
81,5,18.9793758392334
82,5,34.5439720153809
83,5,33.5860977172852
84,5,56.0759010314941
85,5,44.8764724731445
86,5,53.509407043457
87,5,87.3417587280274
88,5,95.9829788208008
89,5,81.6653137207031
90,5,63.3334693908692
91,5,38.9141120910645
92,5,36.1303520202637
93,5,54.4739685058594
94,5,44.4395980834961
95,5,51.5301246643066
96,5,103.99732208252
97,5,169.154937744141
98,5,127.654602050781
99,5,73.0214309692383
100,5,80.8742294311523
101,5,93.6079711914063
102,5,90.2051544189453
103,5,88.3825607299805
104,5,42.0304107666016
105,5,33.8714218139648
106,5,26.0166530609131
107,5,24.9346885681152
108,5,17.0365047454834
109,5,15.9683828353882
110,5,13.9866504669189
111,5,7.86068820953369
112,5,6.12449407577515
114,5,7.20810842514038
236,5,6.72135162353516
237,5,7.47134923934937
238,5,6.7017993927002
239,5,6.7505373954773
240,5,6.74441909790039
241,5,6.42327785491943
243,5,7.01816177368164
244,5,6.94292259216309
245,5,6.38631391525269
247,5,6.19249820709229
248,5,7.59087371826172
249,5,7.85957050323486
250,5,10.1250972747803
251,5,9.51894569396973
252,5,9.99921894073486
253,5,11.7972469329834
254,5,14.0800857543945
255,5,13.1405544281006
256,5,12.827841758728
257,5,15.3493404388428
258,5,13.3588457107544
259,5,11.6607341766357
260,5,11.1054754257202
261,5,11.3451118469238
262,5,13.4640779495239
263,5,17.5136833190918
264,5,21.6875400543213
265,5,23.1592884063721
266,5,28.8993759155273
267,5,23.1896095275879
268,5,21.4677925109863
269,5,18.7400665283203
270,5,19.2349243164063
271,5,18.9061279296875
272,5,18.5076999664307
273,5,20.8523406982422
274,5,28.4439964294434
275,5,38.506275177002
276,5,51.3796768188477
277,5,76.8885498046875
278,5,88.3147659301758
279,5,85.4230880737305
280,5,99.2770233154297
281,5,177.420516967773
282,5,305.954467773438
283,5,502.471557617188
284,5,1083.24633789063
285,5,1786.07836914063
286,5,701.196533203125
287,5,317.055450439453
288,5,160.84326171875
289,5,131.802322387695
290,5,130.107116699219
291,5,57.2316284179688
292,5,44.1036186218262
293,5,32.0885620117188
294,5,37.4084091186523
295,5,24.6175289154053
296,5,20.0187664031982
297,5,15.9337978363037
298,5,15.0425672531128
299,5,16.3020496368408
300,5,15.2962083816528
301,5,16.2477836608887
302,5,17.5074443817139
303,5,13.5277376174927
304,5,15.2167444229126
305,5,12.3720664978027
306,5,8.21196556091309
307,5,10.5730447769165
308,5,11.5036468505859
309,5,8.92347049713135
310,5,8.6084041595459
311,5,11.116060256958
312,5,8.90087127685547
313,5,10.1529636383057
314,5,9.4563102722168
315,5,9.45952415466309
316,5,10.4709739685059
317,5,12.948709487915
318,5,11.2901496887207
319,5,11.4565916061401
320,5,8.94642543792725
321,5,7.71073627471924
322,5,6.49462985992432
323,5,6.30184650421143
324,5,6.06579494476318
325,5,15.5353355407715
326,5,6.76788234710693
327,5,6.50156688690186
328,5,6.2273588180542
331,5,6.23518466949463
332,5,6.07821130752564
333,5,10.5760650634766
334,5,10.2551212310791
335,5,12.8143815994263
336,5,16.7734260559082
337,5,13.3093538284302
338,5,13.0403652191162
339,5,9.15543746948242
340,5,7.87949275970459
341,5,6.77043008804321
342,5,7.06875896453857
343,5,7.89790534973145
344,5,7.95224952697754
345,5,6.35777902603149
346,5,6.113525390625
347,5,7.73670434951782
348,5,8.35667991638184
349,5,7.05450487136841
350,5,6.56360816955566
351,5,7.09623622894287
352,5,8.3178825378418
353,5,7.55789279937744
354,5,8.07756996154785
355,5,10.8672132492065
356,5,9.46508407592773
357,5,6.65491676330566
1,6,7.21389389038086
34,6,6.39731550216675
36,6,6.56489181518555
38,6,7.23733139038086
39,6,7.81285381317139
40,6,11.9708662033081
41,6,11.8562269210815
42,6,19.1416416168213
43,6,20.4511241912842
44,6,17.1229343414307
45,6,11.3896903991699
46,6,17.7603664398193
47,6,25.6679725646973
48,6,26.8778495788574
49,6,24.4490699768066
50,6,22.4485359191895
51,6,27.2167663574219
52,6,28.1443901062012
53,6,26.7060260772705
54,6,28.2060394287109
55,6,19.9327430725098
56,6,26.4266510009766
57,6,26.6670761108398
58,6,26.9099502563477
59,6,26.6696701049805
60,6,24.4595336914063
61,6,31.9670925140381
62,6,41.8267440795898
63,6,27.7805366516113
64,6,26.1049327850342
65,6,23.1293239593506
66,6,21.4425659179688
67,6,20.9364280700684
68,6,18.652042388916
69,6,16.1471939086914
70,6,12.9626426696777
71,6,12.8836708068848
72,6,9.82509708404541
73,6,9.34301090240479
74,6,8.85047340393066
75,6,10.5218963623047
76,6,11.3910856246948
77,6,10.678656578064
78,6,13.8385696411133
79,6,15.6690921783447
80,6,30.3529510498047
81,6,60.6724357604981
82,6,34.843563079834
83,6,41.0173721313477
84,6,42.2404937744141
85,6,93.9352722167969
86,6,70.9120788574219
87,6,72.4744415283203
88,6,74.6527709960938
89,6,52.3551254272461
90,6,45.7254409790039
91,6,42.4459075927734
92,6,38.2910957336426
93,6,42.7476501464844
94,6,46.8680534362793
95,6,63.5793533325195
96,6,106.717018127441
97,6,61.8281784057617
98,6,55.0888862609863
99,6,74.602783203125
100,6,88.8982772827148
101,6,67.8680801391602
102,6,55.6509857177734
103,6,33.1935653686523
104,6,31.0321731567383
105,6,24.9709739685059
106,6,22.3859405517578
107,6,18.2063426971436
108,6,12.7586364746094
109,6,10.0511293411255
110,6,8.90787887573242
111,6,6.10762691497803
113,6,6.7485466003418
114,6,7.19780778884888
144,6,6.68996047973633
168,6,6.45427370071411
169,6,6.9848222732544
234,6,6.51893901824951
235,6,6.69789171218872
236,6,6.28412675857544
245,6,6.94166707992554
246,6,6.59274387359619
247,6,6.83046197891235
248,6,7.95885467529297
249,6,7.5368595123291
250,6,8.33842658996582
251,6,9.16108989715576
252,6,11.2001457214355
253,6,12.4011516571045
254,6,11.8245935440063
255,6,12.4815683364868
256,6,12.3289623260498
257,6,14.6623077392578
258,6,17.8677406311035
259,6,19.0482082366943
260,6,14.5149221420288
261,6,11.5882034301758
262,6,11.8264970779419
263,6,10.4338464736938
264,6,13.7801322937012
265,6,19.7910861968994
266,6,18.0903434753418
267,6,18.0878944396973
268,6,20.1775302886963
269,6,18.6458873748779
270,6,21.1638412475586
271,6,22.8332214355469
272,6,21.0657348632813
273,6,22.1410140991211
274,6,25.718994140625
275,6,32.4998588562012
276,6,43.7674179077148
277,6,56.3548583984375
278,6,57.2465476989746
279,6,77.6050567626953
280,6,97.4843368530274
281,6,173.701217651367
282,6,259.31201171875
283,6,416.502197265625
284,6,639.888122558594
285,6,1236.03015136719
286,6,1327.60595703125
287,6,481.830169677734
288,6,207.394302368164
289,6,139.006607055664
290,6,98.7723541259766
291,6,78.5359649658203
292,6,46.5091590881348
293,6,34.2898330688477
294,6,25.1704635620117
295,6,27.7921676635742
296,6,20.6462631225586
297,6,18.8216876983643
298,6,19.0494804382324
299,6,15.4452848434448
300,6,13.7819385528564
301,6,16.7524337768555
302,6,16.3943290710449
303,6,14.5481595993042
304,6,17.4022045135498
305,6,13.4244165420532
306,6,9.94900608062744
307,6,11.4665994644165
308,6,9.36104011535645
309,6,11.2623920440674
310,6,9.22140502929688
311,6,10.3534250259399
312,6,8.89431667327881
313,6,9.18007564544678
314,6,10.3594131469727
315,6,7.3009295463562
316,6,7.55880546569824
317,6,10.1799840927124
318,6,9.17849349975586
319,6,7.56313800811768
320,6,6.83061981201172
321,6,7.22643947601318
322,6,6.72685956954956
325,6,9.46533107757568
328,6,6.32890176773071
330,6,6.21377611160278
331,6,7.68002223968506
332,6,10.8671760559082
333,6,9.18163585662842
334,6,10.9959993362427
335,6,9.63807201385498
336,6,11.7238483428955
337,6,14.7209730148315
338,6,14.0303325653076
339,6,11.4324035644531
340,6,11.5866813659668
341,6,8.44491386413574
342,6,8.06484794616699
343,6,8.1725959777832
344,6,7.11793422698975
345,6,7.05674171447754
346,6,6.2088212966919
347,6,8.90468502044678
348,6,11.1513023376465
349,6,8.67465019226074
350,6,9.28992080688477
351,6,8.35147285461426
352,6,6.94684600830078
353,6,7.28594446182251
354,6,9.13098526000977
355,6,12.1449317932129
356,6,13.9380283355713
357,6,8.70608425140381
358,6,6.52501583099365
1,7,7.3669810295105
2,7,15.2418460845947
3,7,9.50232124328613
12,7,6.70412540435791
13,7,9.25533485412598
14,7,7.77383804321289
27,7,6.03657817840576
28,7,6.09113502502441
29,7,6.42166709899902
30,7,8.52444171905518
33,7,8.52060794830322
34,7,10.031156539917
35,7,6.29856204986572
36,7,7.60330104827881
37,7,8.44538497924805
38,7,13.7190790176392
39,7,10.7531547546387
40,7,13.4207639694214
41,7,14.4344692230225
42,7,19.4770908355713
43,7,17.1288223266602
44,7,23.9450302124023
45,7,28.3336639404297
46,7,40.3184967041016
47,7,41.9643135070801
48,7,38.4603958129883
49,7,24.0304260253906
50,7,30.2590713500977
51,7,32.5857429504395
52,7,29.8660011291504
53,7,31.495080947876
54,7,29.0410194396973
55,7,19.8101177215576
56,7,18.7470684051514
57,7,20.3975601196289
58,7,22.2480411529541
59,7,21.7562217712402
60,7,22.1739273071289
61,7,24.8806667327881
62,7,23.9934177398682
63,7,28.9161815643311
64,7,21.3965187072754
65,7,18.9813976287842
66,7,21.3510513305664
67,7,20.7333679199219
68,7,14.4829807281494
69,7,15.3637685775757
70,7,13.4878730773926
71,7,10.208607673645
72,7,11.1622266769409
73,7,12.412446975708
74,7,8.97982025146484
75,7,13.0133037567139
76,7,13.0710506439209
77,7,15.0037641525269
78,7,18.911434173584
79,7,74.9947052001953
80,7,54.0884170532227
81,7,46.6591186523438
82,7,28.8274803161621
83,7,30.132417678833
84,7,42.117301940918
85,7,48.9697036743164
86,7,53.7554626464844
87,7,51.983024597168
88,7,49.8297920227051
89,7,47.8977508544922
90,7,42.1952476501465
91,7,38.7402114868164
92,7,54.8582916259766
93,7,50.732048034668
94,7,41.3927612304688
95,7,56.5259399414063
96,7,79.7601470947266
97,7,82.0548477172852
98,7,89.2043304443359
99,7,98.6098785400391
100,7,85.7373657226563
101,7,66.9988098144531
102,7,43.618465423584
103,7,31.1955490112305
104,7,25.8448009490967
105,7,21.5175838470459
106,7,17.5388088226318
107,7,12.2048397064209
108,7,8.4132194519043
133,7,6.96402168273926
134,7,6.30665922164917
169,7,6.27935409545898
170,7,6.80300188064575
245,7,6.69486999511719
246,7,6.13358020782471
247,7,6.94572019577026
248,7,8.0192928314209
249,7,9.03618431091309
250,7,9.73077201843262
251,7,8.65430927276611
252,7,8.96694087982178
253,7,11.3921680450439
254,7,12.7827215194702
255,7,9.2861270904541
256,7,11.5484790802002
257,7,12.3347835540772
258,7,15.3727397918701
259,7,14.3717632293701
260,7,12.526291847229
261,7,12.0122756958008
262,7,11.3345308303833
263,7,13.7127456665039
264,7,12.2424411773682
265,7,17.5967674255371
266,7,18.3992938995361
267,7,18.1904640197754
268,7,17.3709487915039
269,7,18.5263938903809
270,7,22.1658153533936
271,7,27.7496891021729
272,7,25.6584167480469
273,7,24.7144508361816
274,7,24.847562789917
275,7,26.8424377441406
276,7,27.8989696502686
277,7,32.1689300537109
278,7,47.8016128540039
279,7,55.4662666320801
280,7,98.4469528198242
281,7,180.942932128906
282,7,239.410568237305
283,7,404.797546386719
284,7,576.872802734375
285,7,715.05810546875
286,7,1386.47180175781
287,7,755.234741210938
288,7,251.080963134766
289,7,162.712188720703
290,7,99.1890029907227
291,7,67.3268585205078
292,7,40.6778945922852
293,7,28.1693420410156
294,7,30.9350128173828
295,7,32.6417770385742
296,7,47.2470703125
297,7,27.9064121246338
298,7,18.3014793395996
299,7,17.040397644043
300,7,19.1255340576172
301,7,20.5845947265625
302,7,13.9900903701782
303,7,20.2740440368652
304,7,20.9437465667725
305,7,13.8723602294922
306,7,13.5566692352295
307,7,13.2393169403076
308,7,11.4996747970581
309,7,8.9406042098999
310,7,9.66431140899658
311,7,9.0623893737793
312,7,8.91844749450684
313,7,8.45580196380615
314,7,7.85351896286011
315,7,6.29367065429688
316,7,7.45589113235474
317,7,10.0301733016968
318,7,8.44332790374756
319,7,6.54268836975098
320,7,7.11987972259522
321,7,6.62621116638184
322,7,6.63970375061035
325,7,7.28227996826172
326,7,7.8234453201294
327,7,6.30700588226318
330,7,6.70277166366577
331,7,8.58928298950195
332,7,7.48090171813965
333,7,8.84951210021973
334,7,10.6128711700439
335,7,11.2064952850342
336,7,13.5208559036255
337,7,11.1836919784546
338,7,13.9639129638672
339,7,10.7256107330322
340,7,11.3251533508301
341,7,13.5491313934326
342,7,8.47239875793457
343,7,8.00504302978516
344,7,6.85892629623413
347,7,6.86375141143799
348,7,9.31315994262695
349,7,11.1398258209229
350,7,10.3888092041016
351,7,11.4029130935669
352,7,8.19349956512451
353,7,8.1834716796875
354,7,12.4283199310303
355,7,16.3480548858643
356,7,17.4335689544678
357,7,10.8009796142578
358,7,6.36398983001709
1,8,13.382399559021
2,8,13.772798538208
3,8,17.2759704589844
4,8,14.8023204803467
9,8,6.06585502624512
10,8,6.34003734588623
13,8,6.56749439239502
14,8,6.90210390090942
18,8,7.31527233123779
27,8,9.0688009262085
28,8,6.8778715133667
29,8,7.14822721481323
30,8,7.55111455917358
31,8,8.50521755218506
33,8,12.4697227478027
34,8,10.8155975341797
35,8,8.38365459442139
36,8,7.64644241333008
37,8,12.5971450805664
38,8,15.0390625
39,8,15.177417755127
40,8,14.1431684494019
41,8,16.2706909179688
42,8,25.6507987976074
43,8,24.2788200378418
44,8,26.2601203918457
45,8,36.9422187805176
46,8,41.7669410705566
47,8,50.7683715820313
48,8,40.1111373901367
49,8,38.9170570373535
50,8,25.6375751495361
51,8,23.6804885864258
52,8,36.6512298583984
53,8,35.4540557861328
54,8,29.1853256225586
55,8,25.1028919219971
56,8,20.9666156768799
57,8,15.1523847579956
58,8,16.5338020324707
59,8,17.2166538238525
60,8,25.3645935058594
61,8,29.0624885559082
62,8,30.0393028259277
63,8,33.692985534668
64,8,26.4128761291504
65,8,23.3851203918457
66,8,24.736349105835
67,8,18.3252582550049
68,8,14.7368745803833
69,8,16.6403503417969
70,8,17.5048751831055
71,8,13.8773784637451
72,8,11.7383108139038
73,8,12.0812282562256
74,8,13.5992574691772
75,8,13.9307565689087
76,8,15.6644973754883
77,8,24.1000022888184
78,8,25.4462261199951
79,8,70.1021423339844
80,8,60.7623977661133
81,8,34.4438247680664
82,8,33.876091003418
83,8,32.5198173522949
84,8,30.1883335113525
85,8,32.2550201416016
86,8,42.0026626586914
87,8,68.8742904663086
88,8,41.6808395385742
89,8,44.678295135498
90,8,36.2582473754883
91,8,44.8785667419434
92,8,51.1951675415039
93,8,46.2434196472168
94,8,47.474308013916
95,8,50.413143157959
96,8,66.2980499267578
97,8,84.8391647338867
98,8,85.0314407348633
99,8,90.9420700073242
100,8,91.8797454833984
101,8,61.6703491210938
102,8,40.5379943847656
103,8,28.6992073059082
104,8,15.8187522888184
105,8,11.9880971908569
106,8,15.4541435241699
107,8,10.2152843475342
108,8,8.44773578643799
109,8,7.19495296478272
130,8,6.38883781433106
131,8,6.72843980789185
133,8,7.03946971893311
134,8,8.05306148529053
135,8,6.36856365203857
171,8,6.4647970199585
244,8,6.09623289108276
245,8,7.7982325553894
246,8,6.95899677276611
247,8,7.35956954956055
248,8,8.59468269348145
249,8,9.35306167602539
250,8,9.59303379058838
251,8,10.4139204025269
252,8,10.0054206848145
253,8,12.4527359008789
254,8,12.3081693649292
255,8,9.1320686340332
256,8,9.32942390441895
257,8,15.5774450302124
258,8,16.020658493042
259,8,14.5556449890137
260,8,14.2112989425659
261,8,10.7323932647705
262,8,12.1448173522949
263,8,17.053337097168
264,8,13.9668951034546
265,8,14.0531158447266
266,8,17.0611095428467
267,8,14.9406023025513
268,8,15.3298540115356
269,8,20.6592807769775
270,8,21.5058994293213
271,8,21.48486328125
272,8,23.2053260803223
273,8,27.5709838867188
274,8,26.5672016143799
275,8,21.2453327178955
276,8,22.117847442627
277,8,28.3605918884277
278,8,30.5421276092529
279,8,40.0037117004395
280,8,77.1246566772461
281,8,137.353897094727
282,8,169.975769042969
283,8,503.462219238281
284,8,335.552886962891
285,8,439.067077636719
286,8,1157.51147460938
287,8,1385.95153808594
288,8,371.497375488281
289,8,191.437469482422
290,8,99.2386245727539
291,8,73.3513641357422
292,8,46.8897666931152
293,8,32.8821182250977
294,8,36.6977157592773
295,8,43.0508041381836
296,8,39.0631446838379
297,8,22.1699523925781
298,8,14.9651517868042
299,8,19.2113971710205
300,8,18.1767826080322
301,8,14.290075302124
302,8,18.1329574584961
303,8,17.7397289276123
304,8,18.1332378387451
305,8,14.3899211883545
306,8,15.134105682373
307,8,10.9465427398682
308,8,9.9262866973877
309,8,8.18861103057861
310,8,7.26763868331909
311,8,8.33482646942139
312,8,8.0690860748291
313,8,8.57454204559326
314,8,7.65184020996094
315,8,7.53064632415772
316,8,9.09390068054199
317,8,10.8539638519287
318,8,9.24474143981934
319,8,7.19743251800537
325,8,6.76276302337647
326,8,7.38911581039429
327,8,6.24859285354614
330,8,9.38990020751953
331,8,6.98149538040161
332,8,6.65147304534912
333,8,6.82597160339356
334,8,7.70000743865967
335,8,8.38148212432861
336,8,10.787618637085
337,8,12.1817779541016
338,8,14.0672512054443
339,8,13.2458744049072
340,8,9.72707366943359
341,8,10.0565147399902
342,8,8.88810539245606
343,8,7.8512282371521
344,8,6.11546611785889
348,8,6.94275569915772
349,8,7.57266473770142
350,8,7.38479661941528
351,8,8.15934181213379
352,8,6.87222957611084
353,8,10.3806896209717
354,8,11.1389131546021
355,8,15.5373592376709
356,8,16.0393390655518
357,8,9.32637786865234
1,9,13.9351663589478
2,9,13.7973709106445
3,9,21.3321685791016
4,9,21.3067836761475
5,9,12.5028610229492
6,9,9.39654064178467
8,9,8.38206100463867
9,9,8.0384111404419
10,9,8.88190937042236
11,9,7.30179500579834
12,9,6.69275379180908
13,9,6.17163896560669
18,9,6.84301090240479
21,9,8.84042549133301
22,9,7.78385782241821
23,9,7.68931531906128
24,9,6.15621137619019
25,9,9.95228290557861
26,9,6.85107707977295
27,9,6.5172700881958
29,9,6.42768383026123
30,9,8.89028358459473
31,9,8.55720901489258
32,9,9.05319499969482
33,9,9.45557498931885
34,9,8.56808185577393
35,9,7.87286567687988
36,9,8.48125839233398
37,9,12.4568252563477
38,9,13.5875835418701
39,9,16.0900440216064
40,9,19.693998336792
41,9,23.794340133667
42,9,22.6344566345215
43,9,24.1505241394043
44,9,29.2848663330078
45,9,21.9257354736328
46,9,29.6594200134277
47,9,33.3022079467773
48,9,30.4319038391113
49,9,25.9729118347168
50,9,27.7020702362061
51,9,25.6995143890381
52,9,35.7744293212891
53,9,49.2674255371094
54,9,41.1920928955078
55,9,31.0534648895264
56,9,23.7106227874756
57,9,17.5303192138672
58,9,18.2855987548828
59,9,23.5052852630615
60,9,38.7579498291016
61,9,36.2139663696289
62,9,28.7476272583008
63,9,36.4979705810547
64,9,29.9781894683838
65,9,32.0866317749023
66,9,43.4193649291992
67,9,28.4392433166504
68,9,22.858814239502
69,9,23.4537391662598
70,9,24.0618591308594
71,9,21.9328212738037
72,9,21.9936676025391
73,9,17.1123294830322
74,9,15.8383922576904
75,9,13.9325170516968
76,9,15.5749864578247
77,9,18.0970230102539
78,9,29.8019714355469
79,9,53.455924987793
80,9,45.6157493591309
81,9,36.9635391235352
82,9,28.8680267333984
83,9,31.329948425293
84,9,28.0963039398193
85,9,41.5907554626465
86,9,42.8678665161133
87,9,51.9868774414063
88,9,44.7491798400879
89,9,38.6279602050781
90,9,38.4283905029297
91,9,42.305606842041
92,9,41.3927803039551
93,9,45.083438873291
94,9,48.7676086425781
95,9,59.5957107543945
96,9,66.3934173583984
97,9,77.0783309936524
98,9,78.0017700195313
99,9,97.6202621459961
100,9,107.905319213867
101,9,72.4205322265625
102,9,36.5778541564941
103,9,22.8229827880859
104,9,14.1654195785522
105,9,12.5022239685059
106,9,12.5205507278442
107,9,9.93835067749023
108,9,9.18429946899414
136,9,7.09728860855103
246,9,6.06783962249756
247,9,7.14288854598999
248,9,7.0244951248169
249,9,6.35093212127686
250,9,6.58290529251099
251,9,6.912926197052
252,9,8.32631015777588
253,9,12.229905128479
254,9,14.5616207122803
255,9,9.64928722381592
256,9,10.4266300201416
257,9,12.6329383850098
258,9,12.9636917114258
259,9,11.070294380188
260,9,11.7104816436768
261,9,11.7077217102051
262,9,11.9772157669067
263,9,17.8944225311279
264,9,16.6574382781982
265,9,17.7293949127197
266,9,16.9911346435547
267,9,15.3629741668701
268,9,15.7991952896118
269,9,18.154972076416
270,9,21.8535385131836
271,9,20.8603839874268
272,9,21.5087718963623
273,9,23.1042461395264
274,9,26.0169906616211
275,9,24.5246677398682
276,9,20.3971157073975
277,9,20.1360816955566
278,9,27.3517723083496
279,9,37.8283271789551
280,9,55.767692565918
281,9,80.379508972168
282,9,116.335487365723
283,9,170.917678833008
284,9,265.114929199219
285,9,302.665252685547
286,9,492.518127441406
287,9,2655.8583984375
288,9,504.073791503906
289,9,284.441711425781
290,9,160.442886352539
291,9,109.607925415039
292,9,74.6515274047852
293,9,48.6579704284668
294,9,42.02001953125
295,9,51.8509292602539
296,9,32.901309967041
297,9,20.6353282928467
298,9,19.7828998565674
299,9,18.6298217773438
300,9,18.5247840881348
301,9,16.9014339447022
302,9,20.0685691833496
303,9,20.3505325317383
304,9,21.124490737915
305,9,17.8864879608154
306,9,11.9998569488525
307,9,11.1141109466553
308,9,10.4800319671631
309,9,8.66124439239502
310,9,9.18408203125
311,9,6.75606775283814
312,9,6.76506519317627
313,9,7.93413972854614
314,9,6.56052398681641
315,9,7.6418604850769
316,9,11.3462352752686
317,9,10.4314422607422
318,9,10.8012685775757
319,9,8.900071144104
325,9,6.09878063201904
326,9,7.59666585922241
327,9,6.39778232574463
329,9,7.55149364471436
330,9,6.76929998397827
332,9,7.73001098632813
333,9,6.95987892150879
334,9,6.7559814453125
335,9,7.00638484954834
336,9,7.01587724685669
337,9,9.69193267822266
338,9,10.7981357574463
339,9,10.863468170166
340,9,11.7460737228394
341,9,6.67624950408936
342,9,6.34443283081055
343,9,7.15735626220703
344,9,6.79918670654297
345,9,6.81713581085205
353,9,8.40464782714844
354,9,11.0616683959961
355,9,16.1796951293945
356,9,8.92976760864258
357,9,9.62353229522705
358,9,8.68632507324219
359,9,7.55620765686035
1,10,8.46138668060303
2,10,8.45746517181397
3,10,17.7786655426025
4,10,18.3872470855713
5,10,11.4120655059814
6,10,14.2347002029419
7,10,7.52296209335327
8,10,8.81805801391602
9,10,14.4881439208984
10,10,9.27383232116699
11,10,10.3696527481079
12,10,6.11543846130371
14,10,6.56230401992798
18,10,6.050856590271
19,10,7.00440216064453
20,10,6.72530651092529
21,10,9.91205024719238
22,10,11.2391223907471
23,10,9.50777912139893
24,10,7.37525844573975
25,10,9.02149200439453
26,10,11.1536569595337
27,10,8.8490686416626
28,10,9.60194396972656
29,10,9.80203151702881
30,10,8.44401264190674
31,10,7.92896318435669
32,10,10.0887994766235
33,10,10.7704410552979
34,10,8.06025981903076
35,10,8.38821125030518
36,10,10.7660303115845
37,10,9.3405237197876
38,10,11.4644832611084
39,10,12.7270431518555
40,10,24.3855934143066
41,10,23.1027374267578
42,10,22.184211730957
43,10,31.8001842498779
44,10,32.8359375
45,10,22.5493011474609
46,10,22.5765419006348
47,10,38.6784896850586
48,10,49.0991821289063
49,10,55.5801849365234
50,10,47.4234275817871
51,10,31.4404411315918
52,10,35.9010925292969
53,10,47.3763046264649
54,10,44.1868667602539
55,10,31.9823150634766
56,10,24.5491714477539
57,10,20.2693462371826
58,10,18.391170501709
59,10,21.5174522399902
60,10,31.68115234375
61,10,39.8937339782715
62,10,31.5966815948486
63,10,38.3546447753906
64,10,49.9424552917481
65,10,54.703052520752
66,10,40.5023384094238
67,10,37.0147552490234
68,10,32.1820449829102
69,10,32.8591918945313
70,10,33.5691871643066
71,10,43.3423728942871
72,10,35.5102005004883
73,10,32.8895721435547
74,10,21.7857456207275
75,10,19.000919342041
76,10,22.7616271972656
77,10,32.2907409667969
78,10,42.4390602111816
79,10,47.7434158325195
80,10,57.8045158386231
81,10,29.76833152771
82,10,29.6551990509033
83,10,45.4076042175293
84,10,29.1411972045898
85,10,38.5774917602539
86,10,40.0020065307617
87,10,63.3726654052734
88,10,50.4225921630859
89,10,40.9636535644531
90,10,42.4978561401367
91,10,52.4988441467285
92,10,56.2044219970703
93,10,57.9383583068848
94,10,65.3106536865234
95,10,67.9124908447266
96,10,87.3210372924805
97,10,202.781799316406
98,10,90.3691101074219
99,10,94.230110168457
100,10,186.034103393555
101,10,58.7906951904297
102,10,31.1136512756348
103,10,17.9759693145752
104,10,15.2040071487427
105,10,11.6869344711304
106,10,8.87354564666748
107,10,10.2058095932007
108,10,9.58437252044678
109,10,7.64352178573608
110,10,6.96329879760742
127,10,7.33279323577881
137,10,6.89383125305176
246,10,7.02815675735474
247,10,6.38734340667725
248,10,7.17171287536621
249,10,7.30255889892578
250,10,6.16611957550049
252,10,7.78883743286133
253,10,10.8115329742432
254,10,11.0079622268677
255,10,10.3948059082031
256,10,9.80008888244629
257,10,12.0120582580566
258,10,11.4181346893311
259,10,11.2834825515747
260,10,12.0573015213013
261,10,13.654275894165
262,10,14.6410789489746
263,10,19.0851764678955
264,10,14.3242835998535
265,10,15.8986778259277
266,10,16.7607364654541
267,10,17.5883121490479
268,10,19.9713268280029
269,10,17.4223937988281
270,10,15.2077035903931
271,10,15.7587776184082
272,10,17.9695510864258
273,10,18.4161071777344
274,10,23.2801914215088
275,10,21.6484222412109
276,10,20.8490562438965
277,10,21.4604721069336
278,10,26.3992710113525
279,10,31.5466003417969
280,10,41.552619934082
281,10,56.0212898254395
282,10,63.4677810668945
283,10,107.045753479004
284,10,143.954498291016
285,10,185.403198242188
286,10,344.262634277344
287,10,1039.50122070313
288,10,1039.05480957031
289,10,506.818969726563
290,10,233.105621337891
291,10,146.162963867188
292,10,87.2145385742188
293,10,57.3440551757813
294,10,57.0424346923828
295,10,43.2925643920898
296,10,38.8332023620606
297,10,39.5733642578125
298,10,34.5297241210938
299,10,25.7520694732666
300,10,22.1323318481445
301,10,19.4503631591797
302,10,19.6402645111084
303,10,19.759593963623
304,10,23.4938945770264
305,10,26.0935764312744
306,10,11.5419301986694
307,10,11.3905181884766
308,10,10.2952356338501
309,10,10.5632820129395
310,10,9.40515518188477
311,10,7.23642826080322
312,10,7.6182427406311
313,10,9.75386714935303
314,10,12.3442583084106
315,10,7.76984548568726
316,10,9.34555053710938
317,10,8.31890773773193
318,10,7.35092926025391
324,10,6.41696977615356
325,10,7.58147716522217
326,10,6.81914806365967
327,10,8.09335899353027
328,10,6.59353923797607
329,10,6.3083291053772
331,10,6.36334133148193
332,10,6.99980068206787
333,10,7.50440740585327
334,10,7.57114362716675
335,10,7.25695705413818
336,10,8.47932624816895
337,10,9.33825874328613
338,10,9.7556209564209
339,10,8.28045463562012
340,10,6.34741878509522
341,10,8.52175045013428
342,10,8.10140991210938
343,10,8.66203689575195
344,10,9.66371536254883
350,10,6.19934797286987
352,10,6.64989709854126
353,10,7.04671812057495
354,10,7.57584476470947
355,10,6.89440155029297
357,10,7.36765241622925
358,10,8.6463623046875
359,10,10.4805088043213
1,11,8.20485782623291
2,11,9.31394195556641
3,11,9.51238059997559
4,11,9.67106246948242
5,11,8.76139831542969
6,11,8.31560802459717
7,11,10.7960195541382
8,11,12.7628784179688
9,11,9.13557052612305
10,11,6.9494047164917
11,11,6.49450397491455
12,11,6.56058359146118
13,11,6.37222337722778
14,11,6.51505374908447
21,11,6.95213556289673
22,11,10.6538696289063
23,11,6.26111030578613
26,11,8.07486629486084
27,11,9.13437843322754
28,11,9.52642250061035
29,11,11.5255832672119
30,11,12.1985960006714
31,11,13.9224185943604
32,11,17.1738433837891
33,11,14.2319774627686
34,11,10.036524772644
35,11,12.368350982666
36,11,10.6562452316284
37,11,13.8352279663086
38,11,14.0131139755249
39,11,15.8261470794678
40,11,17.6351013183594
41,11,15.4739751815796
42,11,17.7235717773438
43,11,26.1720714569092
44,11,27.0574378967285
45,11,32.9782333374023
46,11,27.3895988464356
47,11,38.6229400634766
48,11,61.3506469726563
49,11,78.9308624267578
50,11,66.4637145996094
51,11,49.2549209594727
52,11,45.5823516845703
53,11,47.6868629455566
54,11,39.9822654724121
55,11,38.9304389953613
56,11,31.3799171447754
57,11,28.1383438110352
58,11,20.0766830444336
59,11,26.7700691223145
60,11,25.5009422302246
61,11,39.6945648193359
62,11,64.3894500732422
63,11,50.5056419372559
64,11,48.7431716918945
65,11,51.1805152893066
66,11,44.5448684692383
67,11,44.0349159240723
68,11,40.6407165527344
69,11,40.0503082275391
70,11,49.1192665100098
71,11,55.9155197143555
72,11,43.8453216552734
73,11,36.1930236816406
74,11,31.3370628356934
75,11,31.0757713317871
76,11,27.2971706390381
77,11,66.3618850708008
78,11,53.6935539245606
79,11,54.1416702270508
80,11,62.3782196044922
81,11,48.5342216491699
82,11,31.2944755554199
83,11,29.4797229766846
84,11,38.8597984313965
85,11,40.7619552612305
86,11,39.6454772949219
87,11,54.34228515625
88,11,41.7420959472656
89,11,40.1224975585938
90,11,45.2366638183594
91,11,50.7372245788574
92,11,74.0564270019531
93,11,80.8465194702148
94,11,84.8860015869141
95,11,91.6939392089844
96,11,92.4365692138672
97,11,113.255668640137
98,11,158.484771728516
99,11,192.564300537109
100,11,95.7364807128906
101,11,50.728931427002
102,11,31.3958683013916
103,11,16.8638896942139
104,11,15.1159515380859
105,11,11.4944505691528
106,11,8.28401565551758
107,11,11.4017143249512
108,11,9.26228904724121
109,11,9.53396320343018
110,11,9.71799468994141
111,11,6.08881807327271
176,11,6.76164627075195
245,11,7.17439937591553
246,11,6.4594841003418
247,11,6.89274835586548
248,11,7.17780447006226
249,11,6.0861554145813
253,11,6.50806903839111
254,11,7.83269786834717
255,11,7.7322416305542
256,11,8.68239688873291
257,11,10.8401651382446
258,11,16.2374858856201
259,11,17.0406131744385
260,11,15.9339561462402
261,11,17.722635269165
262,11,13.429536819458
263,11,18.033576965332
264,11,16.2617588043213
265,11,14.3016424179077
266,11,15.1561527252197
267,11,19.4374351501465
268,11,22.0815200805664
269,11,17.5517673492432
270,11,14.9831390380859
271,11,14.2210426330566
272,11,13.8849391937256
273,11,15.7200031280518
274,11,19.1749992370605
275,11,18.446907043457
276,11,20.1194076538086
277,11,23.0183525085449
278,11,32.338924407959
279,11,34.1982421875
280,11,33.7043418884277
281,11,38.3020515441895
282,11,54.9195747375488
283,11,72.5672378540039
284,11,111.181129455566
285,11,151.370132446289
286,11,221.990600585938
287,11,469.460571289063
288,11,1290.10302734375
289,11,831.876892089844
290,11,334.421295166016
291,11,176.77734375
292,11,105.45890045166
293,11,54.8174896240234
294,11,52.8589286804199
295,11,51.8699684143066
296,11,42.3953742980957
297,11,39.5986747741699
298,11,34.3760757446289
299,11,22.5232582092285
300,11,16.4966678619385
301,11,14.0628108978272
302,11,16.4746150970459
303,11,17.7192058563232
304,11,21.6435279846191
305,11,19.0979652404785
306,11,12.7714691162109
307,11,12.490761756897
308,11,12.4992923736572
309,11,10.3293495178223
310,11,8.51372146606445
311,11,9.07897853851318
312,11,9.65064239501953
313,11,10.2256469726563
314,11,9.18788146972656
315,11,8.91080665588379
316,11,9.03857040405273
317,11,9.368408203125
318,11,8.96226215362549
319,11,7.77151679992676
320,11,7.96354055404663
321,11,9.16196155548096
322,11,9.28334045410156
323,11,7.24328136444092
324,11,9.21236228942871
325,11,8.32603645324707
326,11,7.51017141342163
327,11,8.44112777709961
328,11,8.76103210449219
329,11,7.42256736755371
330,11,7.58380699157715
331,11,9.16521263122559
332,11,9.73732757568359
333,11,7.01414346694946
334,11,6.72739839553833
335,11,8.17180824279785
336,11,10.1721353530884
337,11,10.3717708587646
338,11,6.75457000732422
342,11,7.39774513244629
343,11,10.4423942565918
344,11,11.7498826980591
345,11,11.1182203292847
346,11,8.05042552947998
351,11,7.13289737701416
352,11,6.97500944137573
353,11,8.51021957397461
357,11,7.18489360809326
358,11,7.79835510253906
359,11,9.01922607421875
1,12,8.31735992431641
2,12,8.82425785064697
3,12,11.2448949813843
4,12,9.85892581939697
5,12,8.10414695739746
6,12,8.03731536865234
7,12,8.13350963592529
8,12,10.9782218933105
9,12,10.1195964813232
10,12,8.72698211669922
11,12,7.78111982345581
12,12,7.50987482070923
14,12,6.6160740852356
22,12,6.12468194961548
26,12,7.67507600784302
27,12,7.26521825790405
28,12,6.18607711791992
29,12,8.7731294631958
30,12,12.8624973297119
31,12,20.0567874908447
32,12,20.2921257019043
33,12,14.7442646026611
34,12,16.5534114837646
35,12,12.1699695587158
36,12,9.35607719421387
37,12,9.44863414764404
38,12,12.6427230834961
39,12,11.9977054595947
40,12,12.5023488998413
41,12,12.1544399261475
42,12,13.4078722000122
43,12,15.6555089950562
44,12,22.9005641937256
45,12,26.9633922576904
46,12,34.7606391906738
47,12,32.7374114990234
48,12,65.8557586669922
49,12,61.7067489624024
50,12,70.7037811279297
51,12,50.2730484008789
52,12,38.459041595459
53,12,49.631591796875
54,12,40.8094902038574
55,12,50.6043090820313
56,12,43.6101341247559
57,12,34.6595077514648
58,12,26.1079883575439
59,12,29.9527378082275
60,12,42.8222923278809
61,12,44.3909149169922
62,12,55.2197151184082
63,12,63.0151138305664
64,12,50.7344474792481
65,12,55.2184829711914
66,12,47.7337150573731
67,12,59.8591995239258
68,12,52.2535018920899
69,12,45.9342613220215
70,12,64.6230163574219
71,12,42.8421020507813
72,12,47.0528221130371
73,12,39.6460914611816
74,12,42.7751655578613
75,12,27.0501441955566
76,12,41.1221084594727
77,12,61.2507133483887
78,12,56.6300773620606
79,12,62.5984077453613
80,12,70.5061645507813
81,12,79.402702331543
82,12,72.2512130737305
83,12,27.830961227417
84,12,35.0994262695313
85,12,37.0128631591797
86,12,39.9068031311035
87,12,45.3207015991211
88,12,34.4498405456543
89,12,45.3556213378906
90,12,50.5445175170899
91,12,59.6579742431641
92,12,82.2521820068359
93,12,80.1505432128906
94,12,86.9438018798828
95,12,119.204452514648
96,12,116.114700317383
97,12,137.286865234375
98,12,111.513336181641
99,12,66.4054336547852
100,12,48.147102355957
101,12,40.6733551025391
102,12,29.0469703674316
103,12,20.7381286621094
104,12,15.4295606613159
105,12,9.47507190704346
106,12,7.30225658416748
107,12,7.99492311477661
108,12,10.6866931915283
109,12,11.3667421340942
110,12,8.96906185150147
111,12,7.00448274612427
245,12,7.01200103759766
246,12,6.91691827774048
247,12,6.53659963607788
248,12,6.32516956329346
255,12,6.20606136322022
256,12,6.95312595367432
257,12,9.4653491973877
258,12,15.0681285858154
259,12,17.2492618560791
260,12,18.2703304290771
261,12,17.0608005523682
262,12,15.2941513061523
263,12,14.041145324707
264,12,14.0855569839478
265,12,14.5622425079346
266,12,13.5554580688477
267,12,14.0409460067749
268,12,17.2184276580811
269,12,16.4509162902832
270,12,17.7306213378906
271,12,16.2050666809082
272,12,13.5132188796997
273,12,16.5512180328369
274,12,19.7243423461914
275,12,22.2841339111328
276,12,20.6988677978516
277,12,29.3218593597412
278,12,36.1688117980957
279,12,37.4782333374023
280,12,41.1550102233887
281,12,43.3746032714844
282,12,53.6822204589844
283,12,63.1911239624024
284,12,101.577972412109
285,12,126.432228088379
286,12,185.954574584961
287,12,277.360656738281
288,12,919.942749023438
289,12,928.754760742187
290,12,516.962097167969
291,12,267.610992431641
292,12,110.301719665527
293,12,54.0195465087891
294,12,42.3299293518066
295,12,35.9832649230957
296,12,39.9634017944336
297,12,26.2493019104004
298,12,25.4549026489258
299,12,22.1263618469238
300,12,18.3763198852539
301,12,13.3507099151611
302,12,15.9599313735962
303,12,16.366340637207
304,12,20.8901329040527
305,12,13.4016952514648
306,12,11.2653350830078
307,12,9.15205478668213
308,12,9.70743465423584
309,12,9.91086959838867
310,12,9.279052734375
311,12,12.1024332046509
312,12,9.7309684753418
313,12,11.0354518890381
314,12,10.291163444519
315,12,11.1048755645752
316,12,10.461856842041
317,12,9.6387939453125
318,12,7.44216394424439
319,12,7.55634832382202
320,12,8.85159397125244
321,12,10.0157032012939
322,12,10.1196823120117
323,12,9.37817478179932
324,12,12.2661514282227
325,12,10.8976402282715
326,12,9.00583839416504
327,12,7.96992206573486
328,12,10.3542566299438
329,12,9.52652168273926
330,12,8.92899513244629
331,12,8.41618728637695
332,12,7.74025821685791
333,12,6.41166734695435
334,12,8.05279541015625
335,12,8.35532379150391
336,12,8.31367301940918
337,12,7.17609739303589
342,12,9.70541572570801
343,12,6.85730838775635
344,12,11.8527278900147
345,12,18.4913368225098
346,12,10.533878326416
347,12,6.89836502075195
350,12,6.33644151687622
351,12,7.65892791748047
353,12,6.73147249221802
354,12,7.93452644348145
355,12,6.49386930465698
356,12,6.03784370422363
358,12,7.51837682723999
359,12,8.86168384552002
1,13,12.6839876174927
2,13,7.53296518325806
3,13,6.98651027679443
4,13,9.12771034240723
5,13,7.72983360290527
6,13,8.50792694091797
7,13,7.9868655204773
8,13,6.90206241607666
9,13,6.90082836151123
10,13,8.95613193511963
11,13,6.55076551437378
12,13,7.25479507446289
13,13,8.41255187988281
14,13,6.35624408721924
27,13,7.49190711975098
28,13,6.3538818359375
30,13,7.99887466430664
31,13,10.0523824691772
32,13,9.6765832901001
33,13,12.366662979126
34,13,14.9478187561035
35,13,14.4012956619263
36,13,12.2077302932739
37,13,11.2791910171509
38,13,9.93097400665283
39,13,11.4038963317871
40,13,11.2584934234619
41,13,12.6272134780884
42,13,15.0670499801636
43,13,16.8999767303467
44,13,16.736083984375
45,13,14.6124620437622
46,13,27.0137062072754
47,13,37.8648529052734
48,13,48.1487503051758
49,13,49.4538269042969
50,13,50.1155471801758
51,13,39.5322113037109
52,13,44.6029052734375
53,13,41.2561874389648
54,13,37.0632438659668
55,13,37.3837089538574
56,13,36.2144508361816
57,13,32.8178291320801
58,13,29.6213607788086
59,13,28.3638381958008
60,13,31.794490814209
61,13,45.3482666015625
62,13,50.6156921386719
63,13,55.0029525756836
64,13,65.8703765869141
65,13,52.5983085632324
66,13,55.0872306823731
67,13,65.9598388671875
68,13,45.719165802002
69,13,52.9609870910645
70,13,51.3842086791992
71,13,36.0204010009766
72,13,38.3190383911133
73,13,38.1556358337402
74,13,35.9833679199219
75,13,39.3268127441406
76,13,39.7994079589844
77,13,49.0513954162598
78,13,56.3434677124024
79,13,72.0436172485352
80,13,57.019344329834
81,13,68.0818099975586
82,13,98.6406173706055
83,13,48.4291191101074
84,13,41.9895248413086
85,13,48.2072563171387
86,13,55.3912200927734
87,13,36.1114158630371
88,13,28.5935573577881
89,13,42.6464996337891
90,13,58.7845573425293
91,13,92.7005920410156
92,13,87.4464874267578
93,13,83.4024124145508
94,13,92.7508010864258
95,13,84.9243087768555
96,13,89.5215454101563
97,13,110.014984130859
98,13,66.7150268554688
99,13,51.3912696838379
100,13,45.2815895080566
101,13,32.3416519165039
102,13,25.4499473571777
103,13,17.7644577026367
104,13,12.3392429351807
105,13,8.69538593292236
106,13,7.53023862838745
108,13,10.8523588180542
109,13,9.41472148895264
110,13,7.68841123580933
111,13,7.64793014526367
245,13,6.6573977470398
253,13,6.42446136474609
255,13,7.6794548034668
256,13,9.03590965270996
257,13,13.0705242156982
258,13,14.1414604187012
259,13,14.932957649231
260,13,15.8819513320923
261,13,16.0170192718506
262,13,14.1622047424316
263,13,15.6621065139771
264,13,14.6632061004639
265,13,15.5862188339233
266,13,15.8265171051025
267,13,13.9980602264404
268,13,12.5553436279297
269,13,16.0606098175049
270,13,16.9511661529541
271,13,16.8714027404785
272,13,18.6142692565918
273,13,15.8110685348511
274,13,17.2043190002441
275,13,23.1250228881836
276,13,24.6752853393555
277,13,29.5458602905273
278,13,45.5834503173828
279,13,61.183723449707
280,13,56.8363723754883
281,13,50.3649635314941
282,13,56.9903182983398
283,13,79.0149230957031
284,13,101.739212036133
285,13,125.766799926758
286,13,155.161743164063
287,13,242.445724487305
288,13,518.833374023438
289,13,720.804626464844
290,13,571.200805664063
291,13,223.200775146484
292,13,129.68977355957
293,13,80.0094833374024
294,13,54.8710060119629
295,13,40.4636917114258
296,13,33.1482429504395
297,13,28.2331695556641
298,13,27.0389156341553
299,13,25.2041301727295
300,13,16.1842575073242
301,13,17.713794708252
302,13,20.2374725341797
303,13,17.6698722839355
304,13,16.8058013916016
305,13,11.4793405532837
306,13,9.38635730743408
307,13,9.66145324707031
308,13,7.32502841949463
309,13,9.57186889648438
310,13,11.002420425415
311,13,11.5340633392334
312,13,9.90538120269775
313,13,9.5977029800415
314,13,11.1891574859619
315,13,9.56046009063721
316,13,9.81813049316406
317,13,9.69964218139648
318,13,7.3795804977417
320,13,8.17132472991943
321,13,9.79886436462402
322,13,10.2446632385254
323,13,12.974027633667
324,13,14.0081167221069
325,13,12.3459930419922
326,13,9.77002716064453
327,13,12.6387882232666
328,13,8.91531658172607
329,13,8.38759231567383
330,13,6.85570526123047
331,13,6.65994644165039
332,13,7.38173913955689
333,13,6.64831352233887
334,13,7.92771720886231
335,13,8.43615341186523
336,13,7.98363161087036
337,13,6.33878707885742
342,13,6.50796604156494
344,13,7.83413124084473
345,13,16.0997886657715
346,13,14.6523990631104
347,13,7.15619468688965
350,13,6.37466812133789
352,13,7.21251821517944
353,13,6.27784061431885
354,13,6.12279319763184
359,13,6.21082735061646
1,14,10.5185594558716
2,14,6.28228521347046
5,14,6.48319530487061
6,14,7.40670824050903
7,14,7.63549089431763
8,14,6.51992130279541
9,14,7.98982238769531
10,14,9.10730934143066
11,14,8.92418670654297
12,14,6.05128049850464
13,14,6.31719493865967
14,14,6.17639112472534
30,14,6.95607995986939
31,14,6.57097721099854
32,14,9.40121364593506
33,14,9.63505363464355
34,14,12.5115661621094
35,14,16.5044498443604
36,14,14.7190208435059
37,14,14.68039894104
38,14,13.8320617675781
39,14,16.2967224121094
40,14,11.7136602401733
41,14,11.0519618988037
42,14,12.3594303131104
43,14,11.7727022171021
44,14,15.2929229736328
45,14,15.4427509307861
46,14,24.6002788543701
47,14,24.494083404541
48,14,27.6898460388184
49,14,24.981616973877
50,14,25.5253162384033
51,14,32.0097846984863
52,14,35.5418319702148
53,14,47.7712936401367
54,14,42.2602767944336
55,14,38.718620300293
56,14,36.5779685974121
57,14,35.5928153991699
58,14,37.6393661499023
59,14,35.8820037841797
60,14,32.1862411499023
61,14,45.8694000244141
62,14,52.2607727050781
63,14,56.9756698608398
64,14,65.9634552001953
65,14,71.2199172973633
66,14,53.9026336669922
67,14,54.7680969238281
68,14,49.0077362060547
69,14,67.2759094238281
70,14,77.0465393066406
71,14,54.3872566223145
72,14,46.1231918334961
73,14,38.1034851074219
74,14,38.3850860595703
75,14,46.691089630127
76,14,42.8178520202637
77,14,44.1011047363281
78,14,50.9670486450195
79,14,60.2634582519531
80,14,45.4490203857422
81,14,55.377082824707
82,14,78.6510925292969
83,14,61.2799072265625
84,14,59.0559043884277
85,14,62.1010818481445
86,14,54.2719383239746
87,14,31.9345321655273
88,14,31.1753253936768
89,14,49.1556816101074
90,14,92.1402740478516
91,14,115.995964050293
92,14,126.940673828125
93,14,143.349227905273
94,14,94.8093719482422
95,14,70.429573059082
96,14,74.9760818481445
97,14,75.2719268798828
98,14,70.3674850463867
99,14,49.1779632568359
100,14,35.6353607177734
101,14,25.9535293579102
102,14,20.0539283752441
103,14,16.6746883392334
104,14,11.8963871002197
105,14,8.55657768249512
106,14,6.73862838745117
108,14,9.50319194793701
109,14,13.2615985870361
110,14,11.6197519302368
111,14,9.60981464385986
112,14,7.84124803543091
113,14,9.5565357208252
114,14,7.5604887008667
115,14,6.61854696273804
248,14,6.0911078453064
249,14,6.09901523590088
250,14,7.15174531936646
251,14,7.41334581375122
252,14,6.52658939361572
254,14,7.31171846389771
255,14,10.8831338882446
256,14,12.338062286377
257,14,16.12353515625
258,14,13.9872617721558
259,14,14.1478204727173
260,14,13.3591728210449
261,14,12.9721937179565
262,14,11.1151933670044
263,14,10.7303628921509
264,14,11.3584222793579
265,14,12.4228391647339
266,14,12.5748596191406
267,14,11.8256587982178
268,14,11.3946676254272
269,14,14.6749019622803
270,14,16.7141742706299
271,14,13.9155731201172
272,14,13.8780298233032
273,14,14.3372325897217
274,14,16.7967319488525
275,14,22.7722625732422
276,14,25.7963905334473
277,14,25.8792152404785
278,14,42.2462196350098
279,14,63.3779525756836
280,14,58.0441360473633
281,14,46.3584518432617
282,14,49.0921821594238
283,14,80.7677230834961
284,14,86.9850845336914
285,14,90.246955871582
286,14,109.431854248047
287,14,170.755706787109
288,14,272.014678955078
289,14,889.685180664062
290,14,2266.37109375
291,14,216.962310791016
292,14,179.745666503906
293,14,144.120941162109
294,14,80.4445037841797
295,14,45.2691955566406
296,14,28.9598369598389
297,14,25.0433712005615
298,14,29.4481964111328
299,14,24.9210186004639
300,14,23.8092269897461
301,14,21.2212715148926
302,14,22.7399368286133
303,14,17.6293449401855
304,14,16.0710277557373
305,14,18.4690093994141
306,14,16.8853054046631
307,14,7.93435764312744
308,14,7.78674030303955
309,14,8.91904735565186
310,14,11.5094175338745
311,14,12.5806922912598
312,14,10.7272338867188
313,14,9.52515506744385
314,14,9.77624416351318
315,14,9.90010738372803
316,14,9.20829391479492
317,14,11.8490571975708
318,14,7.95651292800903
319,14,7.59843158721924
320,14,6.43081903457642
321,14,9.08906555175781
322,14,7.68542718887329
323,14,8.43700504302979
324,14,10.2278890609741
325,14,10.6068305969238
326,14,9.92228126525879
327,14,13.0003862380981
328,14,7.8854250907898
329,14,6.16434955596924
330,14,6.04846286773682
332,14,6.19908618927002
333,14,6.64259767532349
334,14,6.68366384506226
336,14,6.52961921691895
337,14,6.50895595550537
339,14,6.66309928894043
345,14,14.8005046844482
346,14,22.6352272033691
347,14,11.296875
353,14,9.31100845336914
1,15,6.67059898376465
2,15,6.56435680389404
7,15,6.04362773895264
8,15,6.59566020965576
9,15,7.93682193756104
10,15,7.65188550949097
11,15,7.05976486206055
12,15,6.76115798950195
13,15,6.7279372215271
14,15,8.19878482818604
15,15,10.0697546005249
16,15,7.83026313781738
17,15,7.32207012176514
18,15,7.13020181655884
20,15,6.93063259124756
29,15,6.18658542633057
32,15,9.53945350646973
33,15,9.59535312652588
34,15,10.8836107254028
35,15,17.6260185241699
36,15,20.2552757263184
37,15,18.604642868042
38,15,20.0354175567627
39,15,14.7856369018555
40,15,11.713418006897
41,15,9.38790321350098
42,15,8.90623474121094
43,15,10.7773237228394
44,15,19.4724559783936
45,15,20.958646774292
46,15,20.6453437805176
47,15,23.4663906097412
48,15,21.4288063049316
49,15,20.0801181793213
50,15,19.7810859680176
51,15,24.3734531402588
52,15,26.6170387268066
53,15,31.7500839233398
54,15,32.3955001831055
55,15,38.3170166015625
56,15,37.2200736999512
57,15,37.032470703125
58,15,31.6595649719238
59,15,35.6943359375
60,15,41.4781837463379
61,15,47.2150115966797
62,15,48.1038208007813
63,15,54.4401550292969
64,15,64.576545715332
65,15,75.5182342529297
66,15,63.0796051025391
67,15,74.0497817993164
68,15,73.6076583862305
69,15,66.2553176879883
70,15,64.5140686035156
71,15,44.7164154052734
72,15,49.6865577697754
73,15,44.2520904541016
74,15,38.3316268920898
75,15,46.3003463745117
76,15,37.4655303955078
77,15,47.421516418457
78,15,58.8001823425293
79,15,51.9822463989258
80,15,43.691764831543
81,15,52.7017707824707
82,15,68.9016418457031
83,15,63.3989868164063
84,15,48.097297668457
85,15,39.5494918823242
86,15,40.7272605895996
87,15,29.0289840698242
88,15,33.8759346008301
89,15,49.9898452758789
90,15,107.267807006836
91,15,112.519058227539
92,15,116.970207214355
93,15,89.8711700439453
94,15,114.394653320313
95,15,99.0029602050781
96,15,84.9551849365234
97,15,71.5930404663086
98,15,58.4813690185547
99,15,42.2515449523926
100,15,29.7722816467285
101,15,24.8654308319092
102,15,15.9620704650879
103,15,12.580997467041
104,15,9.77054405212402
105,15,8.43313312530518
106,15,8.01696586608887
107,15,9.12458038330078
108,15,10.4830751419067
109,15,9.77125453948975
110,15,10.2657117843628
111,15,10.5558910369873
248,15,6.14228534698486
250,15,7.80139684677124
251,15,7.8235821723938
252,15,7.79891777038574
253,15,8.29868412017822
254,15,8.31854915618897
255,15,11.0948162078857
256,15,13.8691320419312
257,15,13.5652828216553
258,15,10.9596042633057
259,15,9.72568225860596
260,15,10.9969539642334
261,15,10.2018299102783
262,15,9.42678833007812
263,15,8.87119865417481
264,15,8.08814239501953
265,15,8.27381706237793
266,15,9.44375228881836
267,15,8.96688365936279
268,15,9.38103771209717
269,15,11.0218887329102
270,15,14.4860324859619
271,15,13.3540811538696
272,15,16.3647613525391
273,15,18.5682792663574
274,15,22.0830116271973
275,15,26.5950469970703
276,15,29.18603515625
277,15,27.6017189025879
278,15,39.11328125
279,15,62.6975288391113
280,15,60.8229293823242
281,15,35.9235572814941
282,15,45.6049995422363
283,15,75.8033218383789
284,15,89.6437377929688
285,15,84.3524322509766
286,15,100.914672851563
287,15,135.559417724609
288,15,197.894973754883
289,15,329.153686523438
290,15,703.776489257813
291,15,630.628173828125
292,15,377.404907226563
293,15,194.416687011719
294,15,107.405921936035
295,15,55.3081932067871
296,15,34.765754699707
297,15,28.1349334716797
298,15,24.9475135803223
299,15,23.0895881652832
300,15,27.795036315918
301,15,23.6514072418213
302,15,22.3863372802734
303,15,18.2627601623535
304,15,17.1083316802979
305,15,15.8501605987549
306,15,13.5129089355469
307,15,9.88116455078125
308,15,10.4427061080933
309,15,8.99027061462402
310,15,10.1660079956055
311,15,10.5178575515747
312,15,7.29231548309326
313,15,8.01334762573242
314,15,9.92967700958252
315,15,9.67858505249023
316,15,9.2554817199707
317,15,8.47917461395264
318,15,11.170428276062
319,15,8.69291877746582
320,15,8.67665100097656
321,15,8.65031337738037
322,15,9.51615810394287
323,15,9.23904991149902
324,15,10.844578742981
325,15,10.9442558288574
326,15,9.22836303710938
327,15,10.5209159851074
328,15,9.6344165802002
337,15,6.15803813934326
338,15,10.4739694595337
339,15,7.7793140411377
340,15,9.74488353729248
341,15,9.57558059692383
342,15,6.5066442489624
343,15,7.33955764770508
345,15,9.104416847229
346,15,17.8295841217041
347,15,19.383243560791
352,15,6.25161027908325
353,15,7.01255559921265
2,16,6.47722434997559
3,16,6.34900760650635
6,16,6.9586033821106
7,16,9.28417301177979
11,16,6.18593740463257
13,16,7.46200084686279
14,16,6.4087495803833
16,16,6.12598896026611
17,16,8.62040138244629
18,16,12.4924268722534
19,16,9.16237163543701
20,16,9.84473609924316
21,16,6.50160694122315
22,16,7.53103160858154
23,16,6.94944381713867
24,16,8.36981391906738
25,16,8.96150016784668
32,16,8.60144805908203
33,16,8.60453319549561
34,16,12.6322612762451
35,16,19.3725509643555
36,16,22.5292682647705
37,16,29.961217880249
38,16,21.9149951934814
39,16,9.65779781341553
40,16,10.8110256195068
41,16,11.4211950302124
42,16,14.1938400268555
43,16,14.4707279205322
44,16,16.8671913146973
45,16,13.6202850341797
46,16,14.0817918777466
47,16,12.2787342071533
48,16,11.4845333099365
49,16,14.8357057571411
50,16,16.5723457336426
51,16,15.989086151123
52,16,20.7093124389648
53,16,20.8493061065674
54,16,22.0126991271973
55,16,32.974365234375
56,16,38.7954330444336
57,16,37.6480484008789
58,16,30.7942657470703
59,16,36.261116027832
60,16,41.4006462097168
61,16,45.7950286865234
62,16,48.1796417236328
63,16,57.3191299438477
64,16,64.6288986206055
65,16,55.0667114257813
66,16,58.5004539489746
67,16,54.2128753662109
68,16,58.7412605285645
69,16,62.9729423522949
70,16,64.7173767089844
71,16,47.4193000793457
72,16,49.7423934936523
73,16,39.4263496398926
74,16,38.5796165466309
75,16,37.7823448181152
76,16,36.4148254394531
77,16,36.136604309082
78,16,37.8825035095215
79,16,40.6256942749023
80,16,41.571216583252
81,16,59.785285949707
82,16,70.5132827758789
83,16,56.9124794006348
84,16,47.9284248352051
85,16,39.5662879943848
86,16,36.6799774169922
87,16,32.8787231445313
88,16,38.9381103515625
89,16,84.4974594116211
90,16,108.789093017578
91,16,170.88264465332
92,16,142.220336914063
93,16,166.142791748047
94,16,119.666885375977
95,16,96.4027099609375
96,16,65.6076431274414
97,16,62.3953056335449
98,16,60.8418273925781
99,16,45.0403060913086
100,16,29.3774337768555
101,16,18.7654514312744
102,16,14.2981567382813
103,16,12.6461887359619
104,16,10.0586128234863
105,16,7.86734580993652
106,16,12.0686187744141
107,16,23.9077606201172
108,16,17.4354286193848
109,16,10.7086334228516
110,16,9.47167873382568
111,16,9.26040172576904
112,16,6.63070106506348
248,16,6.76298141479492
249,16,6.69207715988159
250,16,6.88699960708618
251,16,6.70449352264404
252,16,7.35488700866699
253,16,8.66524505615234
254,16,10.1790733337402
255,16,11.2644882202148
256,16,13.3336420059204
257,16,9.86721324920654
258,16,8.20010375976563
259,16,8.04921817779541
260,16,9.12063026428223
261,16,9.62630271911621
262,16,10.3345470428467
263,16,8.56289196014404
264,16,8.72956657409668
265,16,11.5475330352783
266,16,10.077956199646
267,16,8.88346672058106
268,16,8.79543399810791
269,16,10.4126930236816
270,16,11.3154106140137
271,16,12.5078258514404
272,16,17.3529453277588
273,16,21.6416893005371
274,16,20.3586006164551
275,16,19.8249053955078
276,16,27.2364921569824
277,16,30.2141952514648
278,16,35.9813041687012
279,16,48.9553909301758
280,16,50.7309112548828
281,16,35.8425712585449
282,16,44.7632141113281
283,16,65.430908203125
284,16,83.6492004394531
285,16,78.030387878418
286,16,88.25146484375
287,16,134.779510498047
288,16,217.665832519531
289,16,364.640808105469
290,16,991.569213867188
291,16,1149.56787109375
292,16,574.43408203125
293,16,235.694366455078
294,16,118.489013671875
295,16,64.1178741455078
296,16,38.4458999633789
297,16,31.8079032897949
298,16,27.8279037475586
299,16,31.5435466766357
300,16,30.6542167663574
301,16,26.6901264190674
302,16,25.182580947876
303,16,21.0359325408936
304,16,15.3785972595215
305,16,22.025806427002
306,16,15.2743263244629
307,16,12.1125621795654
308,16,9.54157066345215
309,16,8.80395221710205
310,16,7.67342472076416
311,16,8.77726364135742
312,16,7.78742647171021
313,16,7.27988815307617
314,16,9.08766555786133
315,16,8.16899871826172
316,16,8.25100994110107
317,16,11.2108640670776
318,16,13.4109106063843
319,16,12.4410676956177
320,16,9.82147598266602
321,16,9.7247486114502
322,16,10.0395479202271
323,16,10.7498254776001
324,16,11.59494972229
325,16,13.074709892273
326,16,11.6926231384277
327,16,10.5922241210938
328,16,7.98831367492676
329,16,7.48575592041016
337,16,6.34327030181885
338,16,7.26045179367065
339,16,6.70131349563599
340,16,8.87807559967041
341,16,8.20462894439697
342,16,9.37870979309082
343,16,8.81418895721436
344,16,6.42906475067139
345,16,9.14571666717529
346,16,12.2918395996094
347,16,17.6681861877441
348,16,7.80847263336182
353,16,6.38719367980957
5,17,7.06145095825195
7,17,6.9716272354126
10,17,7.08382415771484
11,17,8.72399616241455
12,17,6.54821062088013
14,17,6.56468391418457
17,17,6.55735445022583
18,17,6.26908683776856
19,17,9.95674610137939
20,17,14.5044860839844
21,17,13.2071495056152
22,17,9.7918586730957
23,17,8.25039958953857
24,17,10.4168672561646
25,17,6.9095458984375
31,17,6.49418067932129
32,17,10.0166072845459
33,17,10.9337596893311
34,17,13.6888103485107
35,17,18.0004463195801
36,17,29.7912445068359
37,17,40.391471862793
38,17,15.3565149307251
39,17,8.41766357421875
40,17,9.18958568572998
41,17,10.5704307556152
42,17,16.6056804656982
43,17,20.7342281341553
44,17,33.3927764892578
45,17,13.644606590271
46,17,13.2641296386719
47,17,12.0336742401123
48,17,12.0444860458374
49,17,13.1433019638062
50,17,13.1335182189941
51,17,13.1856031417847
52,17,15.7476959228516
53,17,16.5017948150635
54,17,15.4827365875244
55,17,22.8838996887207
56,17,29.0816116333008
57,17,41.9991340637207
58,17,48.2556343078613
59,17,41.3343849182129
60,17,42.9814605712891
61,17,58.2817497253418
62,17,56.6445922851563
63,17,54.5163879394531
64,17,50.8654479980469
65,17,42.1531753540039
66,17,37.0956497192383
67,17,40.313720703125
68,17,43.8713111877441
69,17,52.9830589294434
70,17,69.4836044311523
71,17,81.8442459106445
72,17,55.1848297119141
73,17,54.027961730957
74,17,53.7254219055176
75,17,41.8411026000977
76,17,35.3357391357422
77,17,31.1830501556397
78,17,30.7601795196533
79,17,29.9110870361328
80,17,40.7795562744141
81,17,40.5183258056641
82,17,47.9522476196289
83,17,46.9843978881836
84,17,42.9291305541992
85,17,43.4831657409668
86,17,37.7000541687012
87,17,39.1344757080078
88,17,54.2131652832031
89,17,93.9055633544922
90,17,163.508239746094
91,17,181.939682006836
92,17,164.292892456055
93,17,146.140579223633
94,17,122.487716674805
95,17,80.0422668457031
96,17,55.9230308532715
97,17,56.9776458740234
98,17,70.1230926513672
99,17,43.1258201599121
100,17,29.3995876312256
101,17,14.4897708892822
102,17,13.1569261550903
103,17,8.9592456817627
104,17,8.38837051391602
105,17,7.59894943237305
106,17,8.98443794250488
107,17,26.3214225769043
108,17,32.1601486206055
109,17,10.520378112793
110,17,8.20032501220703
111,17,6.25742769241333
112,17,8.48640441894531
179,17,6.51339530944824
247,17,6.07944822311401
248,17,6.96743059158325
249,17,6.45974349975586
250,17,7.43476343154907
251,17,8.09311962127686
252,17,7.80523300170898
253,17,8.81481742858887
254,17,8.69177150726318
255,17,7.53146934509277
256,17,9.45360851287842
257,17,9.35849857330322
258,17,8.46553325653076
259,17,7.3643593788147
260,17,7.229736328125
261,17,7.6991400718689
262,17,6.8327784538269
263,17,6.23677206039429
264,17,6.90642929077148
265,17,7.05638599395752
266,17,7.95356941223145
267,17,8.20134353637695
268,17,10.2467994689941
269,17,10.7661647796631
270,17,10.225531578064
271,17,12.8208141326904
272,17,14.4347171783447
273,17,20.9994277954102
274,17,22.9386215209961
275,17,20.0297927856445
276,17,27.8861999511719
277,17,33.5996627807617
278,17,29.8078784942627
279,17,38.5358352661133
280,17,41.5995597839355
281,17,41.1438369750977
282,17,34.4840431213379
283,17,47.1551895141602
284,17,59.3057518005371
285,17,58.4376449584961
286,17,84.4903259277344
287,17,136.328155517578
288,17,236.01139831543
289,17,328.593139648438
290,17,589.976440429688
291,17,681.684753417969
292,17,811.714721679688
293,17,359.619750976563
294,17,159.559524536133
295,17,68.9549179077149
296,17,51.9506912231445
297,17,42.8758964538574
298,17,36.2146453857422
299,17,31.7112770080566
300,17,34.6767845153809
301,17,30.7716979980469
302,17,32.7868347167969
303,17,20.8554019927979
304,17,14.2569713592529
305,17,16.4530563354492
306,17,12.3717985153198
307,17,9.57835960388184
308,17,10.1708087921143
309,17,10.5355701446533
310,17,9.87007331848145
311,17,10.9455890655518
312,17,8.60690498352051
313,17,9.28630352020264
314,17,8.95123958587647
315,17,8.60749053955078
316,17,9.84447193145752
317,17,11.2126474380493
318,17,14.3994588851929
319,17,10.4144525527954
320,17,9.14156627655029
321,17,8.1629524230957
322,17,11.5379486083984
323,17,10.7481784820557
324,17,14.0602531433105
325,17,12.486177444458
326,17,11.1455678939819
327,17,9.46729564666748
328,17,9.62625217437744
329,17,8.72734069824219
336,17,6.25393676757813
337,17,7.26656484603882
341,17,7.26883029937744
342,17,7.81936550140381
343,17,8.66061687469482
344,17,6.73097324371338
345,17,8.26374816894531
346,17,10.2272577285767
347,17,13.716404914856
348,17,7.5489091873169
353,17,7.43591022491455
354,17,6.47019672393799
355,17,6.46092033386231
356,17,6.5915093421936
5,18,6.26878929138184
6,18,9.1500358581543
7,18,9.50271606445312
8,18,9.27948951721191
9,18,6.39721870422363
10,18,8.20610618591309
12,18,6.50018119812012
16,18,6.87379837036133
17,18,6.54383087158203
20,18,6.51213312149048
21,18,7.91567659378052
22,18,6.17011880874634
23,18,7.69514513015747
24,18,8.01042938232422
25,18,6.3906946182251
29,18,6.22146892547607
30,18,6.30092334747315
31,18,9.03692054748535
32,18,11.9648847579956
33,18,13.8910942077637
34,18,13.2316513061523
35,18,21.7362194061279
36,18,25.514030456543
37,18,16.734058380127
38,18,11.0410537719727
39,18,8.35089111328125
40,18,7.61292457580566
41,18,9.6381721496582
42,18,15.1062278747559
43,18,28.5438003540039
44,18,24.749324798584
45,18,15.6730699539185
46,18,14.7726049423218
47,18,10.68812084198
48,18,9.83280181884766
49,18,13.322154045105
50,18,12.5500822067261
51,18,13.4453945159912
52,18,14.120020866394
53,18,15.3184356689453
54,18,19.4585933685303
55,18,27.2567710876465
56,18,30.7693881988525
57,18,32.9549942016602
58,18,32.780704498291
59,18,39.4588432312012
60,18,47.0579299926758
61,18,46.5420837402344
62,18,52.8184928894043
63,18,51.8045158386231
64,18,49.6329727172852
65,18,50.3157157897949
66,18,59.1399650573731
67,18,71.2663497924805
68,18,43.2059936523438
69,18,42.7951316833496
70,18,51.3448295593262
71,18,62.2704467773438
72,18,45.0294189453125
73,18,45.0965156555176
74,18,51.4609146118164
75,18,55.4492607116699
76,18,41.9191703796387
77,18,36.835090637207
78,18,45.1766891479492
79,18,34.28662109375
80,18,36.9769668579102
81,18,47.3786735534668
82,18,47.7490959167481
83,18,45.0942306518555
84,18,39.6631240844727
85,18,39.7231521606445
86,18,44.121711730957
87,18,57.2698211669922
88,18,88.9543533325195
89,18,139.189758300781
90,18,165.65705871582
91,18,162.373321533203
92,18,260.310150146484
93,18,243.427856445313
94,18,109.609161376953
95,18,78.4306564331055
96,18,59.1439247131348
97,18,47.3538360595703
98,18,50.0868606567383
99,18,50.5893898010254
100,18,28.0019474029541
101,18,20.509578704834
102,18,9.41709136962891
103,18,7.73934650421143
104,18,7.65192031860352
105,18,6.48893642425537
107,18,14.4071245193481
108,18,17.0780029296875
109,18,14.8841781616211
110,18,6.9241189956665
112,18,6.69818735122681
230,18,6.10902214050293
248,18,6.4025297164917
249,18,7.28515434265137
250,18,8.96464252471924
251,18,8.32938003540039
252,18,8.6061315536499
253,18,8.39484214782715
254,18,8.07977771759033
255,18,7.5154914855957
256,18,7.72469472885132
257,18,8.26578903198242
258,18,7.81642913818359
259,18,6.49565029144287
260,18,6.23798131942749
263,18,6.13895463943481
265,18,6.25064325332642
266,18,7.01008939743042
267,18,7.56406211853027
268,18,8.70213127136231
269,18,10.6055688858032
270,18,10.6727828979492
271,18,9.32841491699219
272,18,11.7895431518555
273,18,18.4266796112061
274,18,20.663158416748
275,18,21.9671249389648
276,18,19.8459281921387
277,18,31.6583595275879
278,18,28.5944919586182
279,18,34.5952758789063
280,18,38.1946563720703
281,18,34.6749572753906
282,18,35.1692771911621
283,18,44.6039505004883
284,18,57.0642280578613
285,18,55.9104156494141
286,18,72.5538101196289
287,18,122.121353149414
288,18,209.716751098633
289,18,280.373321533203
290,18,386.363464355469
291,18,644.386108398438
292,18,847.569885253906
293,18,307.282196044922
294,18,170.358642578125
295,18,96.4368591308594
296,18,69.5481567382813
297,18,53.1155624389649
298,18,31.624080657959
299,18,37.2551231384277
300,18,47.9394111633301
301,18,40.4737396240234
302,18,34.7587127685547
303,18,21.6977081298828
304,18,15.3271150588989
305,18,14.7376050949097
306,18,11.6951560974121
307,18,7.74332809448242
308,18,9.74546909332275
309,18,11.1155815124512
310,18,13.3714141845703
311,18,11.3294906616211
312,18,9.1440896987915
313,18,9.25137710571289
314,18,11.4017391204834
315,18,8.40288162231445
316,18,11.1327362060547
317,18,9.77105712890625
318,18,13.4096031188965
319,18,9.51584434509277
320,18,8.01678085327148
321,18,6.98526668548584
322,18,9.13744068145752
323,18,10.9705715179443
324,18,13.9860858917236
325,18,12.2853527069092
326,18,11.666392326355
327,18,9.90843391418457
328,18,9.18604183197021
329,18,8.65124607086182
330,18,6.89201402664185
336,18,6.31167936325073
337,18,6.29066944122315
342,18,6.47005367279053
343,18,7.79860353469849
344,18,8.98645114898682
345,18,11.4281187057495
346,18,12.792631149292
347,18,16.5348262786865
348,18,14.0376882553101
352,18,6.13767528533936
353,18,7.5740647315979
354,18,6.25036907196045
355,18,8.27218723297119
356,18,7.94794464111328
357,18,6.19606447219849
5,19,7.53740692138672
6,19,7.46945524215698
7,19,8.57596302032471
8,19,6.94545364379883
26,19,6.44274950027466
27,19,6.94160223007202
28,19,7.05959129333496
29,19,7.4905309677124
30,19,9.4224739074707
31,19,12.6108407974243
32,19,17.9711589813232
33,19,15.2785663604736
34,19,20.1286659240723
35,19,29.0898303985596
36,19,18.2916870117188
37,19,14.2913646697998
38,19,9.63269805908203
39,19,8.51568222045898
40,19,8.05662822723389
41,19,9.71842288970947
42,19,18.7751655578613
43,19,83.2504730224609
44,19,33.5620994567871
45,19,13.8779048919678
46,19,27.3774242401123
47,19,14.908805847168
48,19,14.2341384887695
49,19,14.9420337677002
50,19,12.4974527359009
51,19,15.5793542861938
52,19,17.1420936584473
53,19,22.2142429351807
54,19,29.0974884033203
55,19,37.7900505065918
56,19,27.4641876220703
57,19,30.4335384368897
58,19,29.4963874816895
59,19,26.3284587860107
60,19,31.0877723693848
61,19,40.664665222168
62,19,59.7006454467774
63,19,54.5935897827149
64,19,51.601490020752
65,19,68.7529754638672
66,19,85.9795455932617
67,19,59.2592735290527
68,19,44.1228141784668
69,19,37.5452079772949
70,19,55.1523361206055
71,19,52.1290664672852
72,19,44.0485649108887
73,19,43.4149055480957
74,19,48.5866279602051
75,19,52.9229202270508
76,19,57.4037208557129
77,19,57.4807777404785
78,19,55.4794387817383
79,19,50.3189239501953
80,19,45.3354110717774
81,19,53.6927719116211
82,19,44.5481948852539
83,19,40.1623268127441
84,19,42.2329254150391
85,19,46.0836715698242
86,19,63.9454803466797
87,19,86.9049301147461
88,19,97.5726623535156
89,19,148.932479858398
90,19,167.043762207031
91,19,168.512390136719
92,19,142.34309387207
93,19,198.087768554688
94,19,80.7420120239258
95,19,56.3155326843262
96,19,51.2457962036133
97,19,39.7310104370117
98,19,40.2979888916016
99,19,37.5529670715332
100,19,24.2566890716553
101,19,16.3372898101807
102,19,11.0152616500854
103,19,8.70917701721191
105,19,6.10176420211792
106,19,6.68336915969849
107,19,10.4127235412598
108,19,17.9578266143799
109,19,11.877121925354
110,19,6.36368083953857
230,19,7.24624395370483
231,19,8.45307540893555
248,19,6.11851930618286
249,19,8.2725076675415
250,19,9.09973430633545
251,19,10.697473526001
252,19,7.89004373550415
253,19,8.27391338348389
254,19,7.3507661819458
255,19,7.04371500015259
256,19,6.92094230651856
257,19,6.41524934768677
258,19,6.57558441162109
262,19,6.04915237426758
263,19,6.85511016845703
264,19,6.40518236160278
265,19,7.39395189285278
266,19,9.08497142791748
267,19,8.70849132537842
268,19,8.41015911102295
269,19,8.59879779815674
270,19,10.247371673584
271,19,9.02565002441406
272,19,9.23143768310547
273,19,13.0490055084229
274,19,18.4990081787109
275,19,21.5292854309082
276,19,23.5771598815918
277,19,23.3470401763916
278,19,24.1727714538574
279,19,27.6502094268799
280,19,30.3483581542969
281,19,34.5286979675293
282,19,38.0739784240723
283,19,37.5044059753418
284,19,51.3031730651856
285,19,57.8219413757324
286,19,69.1133728027344
287,19,108.304183959961
288,19,136.770004272461
289,19,215.318542480469
290,19,278.132202148438
291,19,322.858337402344
292,19,492.559967041016
293,19,460.446350097656
294,19,255.572021484375
295,19,143.372589111328
296,19,90.3329238891602
297,19,62.4924697875977
298,19,46.6542625427246
299,19,48.6750335693359
300,19,51.4272727966309
301,19,42.2551116943359
302,19,31.688648223877
303,19,26.8360366821289
304,19,21.5635356903076
305,19,16.0721340179443
306,19,14.4782409667969
307,19,11.8150510787964
308,19,8.05780601501465
309,19,10.582615852356
310,19,11.9052982330322
311,19,12.1547384262085
312,19,10.4134922027588
313,19,12.6971588134766
314,19,12.5386829376221
315,19,10.2417907714844
316,19,10.99729347229
317,19,10.5232038497925
318,19,11.9476594924927
319,19,9.09307956695557
320,19,8.13350963592529
321,19,8.44360637664795
322,19,9.18133354187012
323,19,8.96041679382324
324,19,13.9331436157227
325,19,11.6306591033936
326,19,11.6008682250977
327,19,12.1780071258545
328,19,9.30458450317383
329,19,7.82375144958496
330,19,7.57033205032349
344,19,6.55129432678223
345,19,9.54247188568115
346,19,13.2766399383545
347,19,22.5449256896973
348,19,18.2828197479248
349,19,6.57881355285645
351,19,6.21828746795654
352,19,7.70177793502808
353,19,6.63592386245728
355,19,8.19071102142334
356,19,10.1040382385254
357,19,6.774329662323
358,19,6.36238384246826
5,20,7.29907846450806
6,20,9.18813323974609
7,20,6.29432058334351
25,20,6.58060932159424
26,20,7.22307538986206
27,20,8.28830432891846
28,20,7.66935110092163
29,20,7.8772234916687
30,20,21.2276802062988
31,20,24.6892242431641
32,20,22.2371196746826
33,20,25.392147064209
34,20,18.0218276977539
35,20,22.3185901641846
36,20,17.294979095459
37,20,14.4020881652832
38,20,11.5732126235962
39,20,10.5223188400269
40,20,9.50364685058594
41,20,14.8149833679199
42,20,24.8160247802734
43,20,98.2725677490235
44,20,75.373420715332
45,20,29.6336784362793
46,20,28.022762298584
47,20,25.4098453521729
48,20,19.1066818237305
49,20,18.8519248962402
50,20,17.2792224884033
51,20,22.9531364440918
52,20,22.9549331665039
53,20,21.5563545227051
54,20,25.6894798278809
55,20,32.3110198974609
56,20,24.0972900390625
57,20,25.4023933410645
58,20,25.3004455566406
59,20,23.978702545166
60,20,24.8912448883057
61,20,31.8269920349121
62,20,53.8815956115723
63,20,52.6905059814453
64,20,48.364990234375
65,20,49.4703674316406
66,20,57.598388671875
67,20,51.1237716674805
68,20,51.6025924682617
69,20,47.4088249206543
70,20,50.8814926147461
71,20,53.2769508361816
72,20,30.9295711517334
73,20,40.9922027587891
74,20,39.9111709594727
75,20,61.8787841796875
76,20,59.0496597290039
77,20,74.2734680175781
78,20,56.6121520996094
79,20,66.2815399169922
80,20,54.885311126709
81,20,57.0467834472656
82,20,42.7002830505371
83,20,43.0300636291504
84,20,54.4885635375977
85,20,62.9816246032715
86,20,74.5732727050781
87,20,97.7854614257813
88,20,115.710647583008
89,20,164.122100830078
90,20,156.083938598633
91,20,157.73779296875
92,20,171.171768188477
93,20,147.423919677734
94,20,116.639938354492
95,20,74.8885116577149
96,20,60.0248565673828
97,20,40.2418251037598
98,20,36.4325332641602
99,20,30.9875774383545
100,20,24.1786155700684
101,20,18.0868549346924
102,20,12.632360458374
103,20,9.34529113769531
104,20,7.35213994979858
105,20,8.16778087615967
106,20,7.4981951713562
107,20,10.0517501831055
108,20,11.3223266601563
109,20,6.53201675415039
110,20,6.61532974243164
111,20,6.19734382629395
230,20,6.65969657897949
231,20,6.98346948623657
232,20,7.51432037353516
233,20,6.30648231506348
245,20,6.60386896133423
246,20,7.34003782272339
248,20,6.46712255477905
249,20,6.40120220184326
250,20,6.43828392028809
251,20,6.77615880966187
252,20,7.42880201339722
253,20,7.50672101974487
254,20,7.72912883758545
255,20,7.32966232299805
256,20,6.80906391143799
261,20,7.07520198822022
262,20,6.34396171569824
263,20,6.26913785934448
264,20,6.67809200286865
265,20,7.96951150894165
266,20,8.88928413391113
267,20,7.80440998077393
268,20,9.40519428253174
269,20,9.52668380737305
270,20,10.2358570098877
271,20,9.10216617584229
272,20,8.66926765441895
273,20,12.4523363113403
274,20,16.1534481048584
275,20,18.29469871521
276,20,17.5159168243408
277,20,21.2999000549316
278,20,20.8047866821289
279,20,22.0616054534912
280,20,25.2353286743164
281,20,33.1069869995117
282,20,35.4853782653809
283,20,33.2828979492188
284,20,40.5815811157227
285,20,54.3048629760742
286,20,71.6695404052734
287,20,97.0094451904297
288,20,145.9921875
289,20,175.00634765625
290,20,233.581176757813
291,20,334.258728027344
292,20,496.537872314453
293,20,660.087341308594
294,20,434.359741210938
295,20,217.621276855469
296,20,135.78662109375
297,20,86.6489944458008
298,20,61.1090850830078
299,20,55.6715965270996
300,20,47.6177101135254
301,20,39.4070358276367
302,20,33.1677055358887
303,20,40.2455215454102
304,20,28.190673828125
305,20,17.9664764404297
306,20,21.68137550354
307,20,17.3299217224121
308,20,10.1154537200928
309,20,10.4816093444824
310,20,10.1163463592529
311,20,14.1150455474854
312,20,12.3387680053711
313,20,13.5758762359619
314,20,14.500186920166
315,20,17.9844131469727
316,20,17.1829261779785
317,20,12.9662981033325
318,20,10.2308292388916
319,20,9.568190574646
320,20,8.97946453094482
321,20,9.78272247314453
322,20,8.99492454528809
323,20,9.59325408935547
324,20,11.6773128509521
325,20,13.6899166107178
326,20,12.4896011352539
327,20,13.6277170181274
328,20,9.98755359649658
329,20,9.23246479034424
330,20,8.91538429260254
331,20,7.25898027420044
342,20,7.93776750564575
343,20,6.34416389465332
345,20,10.6070575714111
346,20,18.8391170501709
347,20,22.0357837677002
348,20,17.579231262207
349,20,13.9282207489014
350,20,9.48196601867676
351,20,9.15712356567383
352,20,10.3102741241455
353,20,6.76597404479981
354,20,6.22830581665039
355,20,10.1125717163086
356,20,13.0713386535645
357,20,7.76260185241699
358,20,7.0851092338562
359,20,6.5185546875
5,21,6.20954704284668
6,21,6.06042098999023
23,21,6.69076251983643
24,21,6.69039916992188
25,21,7.01684141159058
26,21,9.50106239318848
27,21,7.13962173461914
28,21,7.31186151504517
29,21,8.79813766479492
30,21,10.3454570770264
31,21,13.3418235778809
32,21,13.121940612793
33,21,14.2289552688599
34,21,10.8464670181274
35,21,11.9253911972046
36,21,14.2482528686523
37,21,14.2151803970337
38,21,13.7699728012085
39,21,16.635181427002
40,21,15.8065004348755
41,21,22.9548435211182
42,21,37.7734794616699
43,21,45.6476058959961
44,21,50.553279876709
45,21,40.9439811706543
46,21,26.5520057678223
47,21,22.684741973877
48,21,24.972827911377
49,21,31.9048328399658
50,21,28.5459136962891
51,21,22.4832992553711
52,21,23.8045883178711
53,21,18.300874710083
54,21,25.707950592041
55,21,28.2420463562012
56,21,19.7776145935059
57,21,19.8145847320557
58,21,19.6617164611816
59,21,20.6057395935059
60,21,25.7485027313232
61,21,34.270565032959
62,21,57.0959281921387
63,21,54.7985382080078
64,21,59.5457611083984
65,21,47.4805297851563
66,21,51.4029006958008
67,21,44.4449882507324
68,21,43.7932777404785
69,21,48.9832077026367
70,21,41.384952545166
71,21,40.039249420166
72,21,42.2534141540527
73,21,38.0622406005859
74,21,39.0997047424316
75,21,53.3836669921875
76,21,53.6991767883301
77,21,68.4452514648438
78,21,65.2764129638672
79,21,72.1468353271484
80,21,63.867130279541
81,21,47.0645523071289
82,21,40.9315147399902
83,21,47.1936645507813
84,21,58.5562629699707
85,21,72.2073364257813
86,21,66.905158996582
87,21,76.2543106079102
88,21,95.4608154296875
89,21,144.289398193359
90,21,128.141891479492
91,21,153.8701171875
92,21,263.878997802734
93,21,90.6203765869141
94,21,85.6745300292969
95,21,70.3925323486328
96,21,59.4219169616699
97,21,34.6994400024414
98,21,29.1447219848633
99,21,23.7306880950928
100,21,16.1381130218506
101,21,14.1655721664429
102,21,11.8183546066284
103,21,9.89538288116455
104,21,8.24512577056885
105,21,7.24786567687988
106,21,7.73605155944824
107,21,8.00473880767822
108,21,9.5870361328125
109,21,7.92594528198242
110,21,6.14959239959717
118,21,6.63059711456299
119,21,7.62410879135132
229,21,7.26037216186523
230,21,6.54948425292969
231,21,6.46819877624512
232,21,6.81819009780884
233,21,6.22581911087036
240,21,7.85597610473633
241,21,11.0233459472656
242,21,7.43175077438355
243,21,7.52970123291016
244,21,6.99167156219482
254,21,6.79777574539185
255,21,6.60461807250977
256,21,6.58127593994141
257,21,6.28520011901856
258,21,6.1840181350708
259,21,6.09889984130859
260,21,6.19245338439941
262,21,6.28127956390381
263,21,7.93162345886231
264,21,9.45257377624512
265,21,9.09525489807129
266,21,9.48868846893311
267,21,8.71120929718018
268,21,8.22386074066162
269,21,9.21192932128906
270,21,11.2652854919434
271,21,8.2744722366333
272,21,7.44966506958008
273,21,10.6855850219727
274,21,14.20556640625
275,21,16.5031967163086
276,21,16.0716800689697
277,21,17.2944450378418
278,21,21.6065711975098
279,21,22.1875114440918
280,21,21.79079246521
281,21,23.0384998321533
282,21,28.6087646484375
283,21,32.1113166809082
284,21,38.6042175292969
285,21,59.1993789672852
286,21,72.8339614868164
287,21,95.8300170898437
288,21,122.58674621582
289,21,177.074996948242
290,21,190.952850341797
291,21,239.992034912109
292,21,364.7861328125
293,21,631.467163085938
294,21,707.746704101563
295,21,375.245513916016
296,21,203.128509521484
297,21,99.976806640625
298,21,74.3663940429688
299,21,60.1433792114258
300,21,47.5815048217774
301,21,45.7666053771973
302,21,35.9181137084961
303,21,48.735466003418
304,21,38.0613098144531
305,21,22.982349395752
306,21,25.8952255249023
307,21,16.7099838256836
308,21,10.9049663543701
309,21,8.93781089782715
310,21,9.47568321228027
311,21,11.5978412628174
312,21,12.7072048187256
313,21,13.1757259368896
314,21,15.5802412033081
315,21,17.4307498931885
316,21,17.9366569519043
317,21,14.5469045639038
318,21,12.1684532165527
319,21,12.5941028594971
320,21,11.5426788330078
321,21,9.10054016113281
322,21,7.00885391235352
323,21,7.88619232177734
324,21,9.23235416412354
325,21,8.01271343231201
326,21,11.3200101852417
327,21,10.805103302002
328,21,8.70479869842529
329,21,9.12047863006592
330,21,10.9292621612549
331,21,9.06885528564453
332,21,6.6615138053894
342,21,7.17159032821655
343,21,10.4004316329956
344,21,7.90073585510254
345,21,33.4714622497559
346,21,29.3562908172607
347,21,20.279369354248
348,21,24.2331218719482
349,21,12.6578235626221
350,21,9.45809078216553
351,21,6.51547241210938
352,21,7.08548879623413
353,21,6.77004337310791
355,21,7.61510467529297
356,21,19.305793762207
357,21,11.9630165100098
358,21,7.76160907745361
1,22,6.92674732208252
2,22,6.84111833572388
3,22,7.30470085144043
4,22,6.90152740478516
5,22,6.53665637969971
21,22,6.73586988449097
22,22,7.16275691986084
23,22,8.80290126800537
24,22,9.68353462219238
25,22,10.1591444015503
26,22,9.33055400848389
27,22,8.02706718444824
28,22,9.12929344177246
29,22,10.033052444458
30,22,10.5966911315918
31,22,11.1400575637817
32,22,11.7372064590454
33,22,10.1823387145996
34,22,10.1622047424316
35,22,13.503547668457
36,22,14.084623336792
37,22,18.0130653381348
38,22,17.0568389892578
39,22,15.1606435775757
40,22,17.5152816772461
41,22,28.1260280609131
42,22,35.0835838317871
43,22,34.0330238342285
44,22,35.1333160400391
45,22,32.5745162963867
46,22,32.5615043640137
47,22,24.9597473144531
48,22,25.3515243530273
49,22,26.8815670013428
50,22,21.892219543457
51,22,20.8385581970215
52,22,29.3253955841064
53,22,25.4294662475586
54,22,27.1014556884766
55,22,28.2302646636963
56,22,16.4808902740479
57,22,21.0698471069336
58,22,21.959644317627
59,22,21.9331436157227
60,22,31.909502029419
61,22,40.091438293457
62,22,51.2014999389649
63,22,44.1707649230957
64,22,37.1130752563477
65,22,40.6311340332031
66,22,49.3886032104492
67,22,68.0321044921875
68,22,52.0507125854492
69,22,38.9958000183105
70,22,44.6575241088867
71,22,47.283821105957
72,22,43.8760604858398
73,22,45.9336128234863
74,22,45.7912826538086
75,22,50.3581504821777
76,22,51.3637466430664
77,22,52.1116790771484
78,22,54.7884521484375
79,22,93.5149154663086
80,22,78.3504486083984
81,22,51.2507171630859
82,22,45.1931037902832
83,22,69.6636276245117
84,22,99.5373077392578
85,22,85.9067459106445
86,22,73.5849609375
87,22,86.2662887573242
88,22,107.746109008789
89,22,122.231323242188
90,22,96.2783355712891
91,22,88.2830200195313
92,22,251.910034179688
93,22,102.372314453125
94,22,90.657585144043
95,22,65.2087860107422
96,22,47.8451728820801
97,22,31.1900444030762
98,22,22.5847988128662
99,22,19.7840557098389
100,22,17.2191715240479
101,22,24.5114231109619
102,22,13.1440486907959
103,22,8.80283546447754
104,22,6.58961296081543
107,22,6.44625949859619
108,22,8.46866416931152
109,22,6.15520286560059
118,22,6.25314617156982
119,22,6.21498012542725
120,22,6.12882423400879
238,22,6.36651659011841
239,22,6.55066299438477
240,22,6.11511325836182
241,22,6.78243684768677
242,22,17.4261455535889
243,22,8.90585613250732
244,22,7.46909761428833
253,22,6.17135381698608
254,22,6.29543352127075
255,22,6.36206007003784
256,22,7.17628955841065
257,22,6.04037141799927
262,22,6.55984306335449
263,22,6.45061683654785
264,22,8.34196186065674
265,22,10.0152435302734
266,22,11.1386127471924
267,22,11.1913414001465
268,22,9.20688819885254
269,22,10.1932716369629
270,22,11.8627700805664
271,22,9.83896064758301
272,22,9.54841995239258
273,22,11.4937381744385
274,22,14.6365060806274
275,22,15.3497409820557
276,22,14.8131332397461
277,22,15.1654510498047
278,22,17.6171588897705
279,22,17.5804595947266
280,22,19.4306659698486
281,22,22.3626670837402
282,22,26.305290222168
283,22,35.2363357543945
284,22,44.1353454589844
285,22,61.7848434448242
286,22,97.7965087890625
287,22,79.4783630371094
288,22,95.2667922973633
289,22,130.18034362793
290,22,155.491546630859
291,22,174.923919677734
292,22,302.585266113281
293,22,447.439270019531
294,22,884.366760253906
295,22,521.453552246094
296,22,295.513488769531
297,22,157.756958007813
298,22,128.993347167969
299,22,87.8425598144531
300,22,62.5664100646973
301,22,51.9258842468262
302,22,41.8796882629395
303,22,49.2990608215332
304,22,56.1529502868652
305,22,38.8135871887207
306,22,26.459020614624
307,22,23.458797454834
308,22,15.1632022857666
309,22,10.6052799224854
310,22,8.92109966278076
311,22,12.7210636138916
312,22,11.3706150054932
313,22,11.3143711090088
314,22,13.7917060852051
315,22,15.2747926712036
316,22,16.830171585083
317,22,16.0245265960693
318,22,17.7570629119873
319,22,21.14404296875
320,22,12.9925594329834
321,22,9.74423122406006
322,22,8.39701652526856
323,22,8.33016777038574
324,22,11.0077342987061
325,22,10.3605194091797
326,22,11.6055011749268
327,22,8.56042289733887
328,22,7.67704391479492
329,22,8.63229560852051
330,22,8.47268104553223
331,22,9.10580921173096
332,22,8.15349769592285
333,22,6.4383602142334
342,22,8.39906597137451
343,22,9.32324600219727
345,22,23.6866207122803
346,22,21.228816986084
347,22,20.6029586791992
348,22,22.0670356750488
349,22,9.86676025390625
355,22,7.73681163787842
356,22,10.2369213104248
357,22,16.4505043029785
358,22,11.3984184265137
359,22,6.12064075469971
1,23,11.9678611755371
2,23,9.75958061218262
3,23,7.4530029296875
4,23,7.35103702545166
19,23,6.37853622436523
20,23,6.72551918029785
21,23,7.2252688407898
22,23,8.58644199371338
23,23,10.2988834381104
24,23,12.1686534881592
25,23,14.0023193359375
26,23,11.1597423553467
27,23,10.233980178833
28,23,11.6071662902832
29,23,10.9065647125244
30,23,9.28052043914795
31,23,9.52542495727539
32,23,8.84053421020508
33,23,9.1170711517334
34,23,9.80226898193359
35,23,11.8283920288086
36,23,13.1154890060425
37,23,14.2543745040894
38,23,15.4301490783691
39,23,16.1001453399658
40,23,20.7479801177979
41,23,24.783618927002
42,23,22.7402496337891
43,23,22.1212120056152
44,23,25.9311180114746
45,23,18.299165725708
46,23,18.0368213653564
47,23,18.9652900695801
48,23,19.9801349639893
49,23,25.0825881958008
50,23,17.7710666656494
51,23,18.0004138946533
52,23,29.9906196594238
53,23,27.5105857849121
54,23,22.2541236877441
55,23,21.4497661590576
56,23,16.2453575134277
57,23,17.5467681884766
58,23,19.9553108215332
59,23,19.8464164733887
60,23,21.4285926818848
61,23,24.2752265930176
62,23,33.565055847168
63,23,43.5511054992676
64,23,28.342493057251
65,23,37.6513824462891
66,23,73.6649551391602
67,23,87.8727798461914
68,23,114.798614501953
69,23,57.2916717529297
70,23,50.5320930480957
71,23,53.846305847168
72,23,52.0515174865723
73,23,52.2366371154785
74,23,45.6419677734375
75,23,48.0537834167481
76,23,44.9933547973633
77,23,54.358341217041
78,23,64.1032638549805
79,23,82.2417449951172
80,23,99.9564971923828
81,23,80.4217071533203
82,23,62.9770889282227
83,23,82.917236328125
84,23,152.008255004883
85,23,138.540756225586
86,23,131.256790161133
87,23,140.107330322266
88,23,157.136749267578
89,23,126.542427062988
90,23,114.27751159668
91,23,86.2319030761719
92,23,70.5197830200195
93,23,110.307281494141
94,23,139.51318359375
95,23,162.962890625
96,23,56.0737762451172
97,23,29.9983654022217
98,23,20.9849433898926
99,23,18.0578670501709
100,23,24.1778545379639
101,23,22.7336807250977
102,23,19.0509624481201
103,23,8.53712558746338
107,23,6.15370512008667
109,23,6.58862686157227
110,23,6.44228792190552
117,23,6.78306436538696
118,23,6.10381603240967
119,23,6.20213890075684
238,23,6.1746973991394
242,23,6.67824268341065
243,23,9.7806396484375
244,23,8.48231029510498
245,23,7.7543363571167
252,23,6.24647521972656
253,23,6.96293354034424
254,23,7.0345516204834
260,23,6.04530906677246
263,23,7.0037260055542
264,23,9.13262271881104
265,23,10.5982627868652
266,23,11.8335847854614
267,23,9.60353660583496
268,23,10.0374746322632
269,23,9.65382957458496
270,23,11.2574605941772
271,23,10.7783212661743
272,23,12.5865058898926
273,23,15.1502561569214
274,23,15.4615516662598
275,23,14.8541650772095
276,23,11.6282176971436
277,23,11.8309831619263
278,23,13.8455410003662
279,23,15.2953662872314
280,23,17.8231754302979
281,23,21.5596828460693
282,23,25.521183013916
283,23,37.3098526000977
284,23,46.6772918701172
285,23,58.6419982910156
286,23,60.1337814331055
287,23,63.9254531860352
288,23,86.9649276733398
289,23,109.354705810547
290,23,139.639953613281
291,23,156.355941772461
292,23,202.65055847168
293,23,312.351501464844
294,23,681.224853515625
295,23,631.38818359375
296,23,385.297607421875
297,23,245.254348754883
298,23,149.545532226563
299,23,118.321334838867
300,23,96.269905090332
301,23,102.046363830566
302,23,60.9921340942383
303,23,51.4485969543457
304,23,60.3022842407227
305,23,45.1231002807617
306,23,39.0047264099121
307,23,25.3908920288086
308,23,19.6323490142822
309,23,14.1258449554443
310,23,11.3901252746582
311,23,13.6501502990723
312,23,14.057843208313
313,23,16.6176223754883
314,23,17.787036895752
315,23,14.7161693572998
316,23,16.4313850402832
317,23,19.5027236938477
318,23,18.0795440673828
319,23,15.1521949768066
320,23,13.2865657806396
321,23,11.450795173645
322,23,10.8408279418945
323,23,9.55093193054199
324,23,10.1134328842163
325,23,10.0221166610718
326,23,10.4584503173828
327,23,6.92021703720093
328,23,6.6056866645813
329,23,7.34378051757813
330,23,8.1838493347168
331,23,9.40980529785156
332,23,8.48721790313721
333,23,7.10351657867432
334,23,6.80524158477783
341,23,8.46284866333008
342,23,15.0570116043091
344,23,7.89645481109619
345,23,15.2069206237793
346,23,19.1233673095703
347,23,19.7633819580078
348,23,12.584056854248
349,23,8.55480289459229
350,23,6.2950963973999
353,23,7.160231590271
356,23,6.81088733673096
357,23,11.5964603424072
358,23,10.832311630249
359,23,10.3772859573364
1,24,9.35971069335938
2,24,6.13862276077271
19,24,7.36176061630249
20,24,8.17013931274414
21,24,8.78383445739746
22,24,10.9114208221436
23,24,11.0515766143799
24,24,11.3503723144531
25,24,11.9606761932373
26,24,11.7247819900513
27,24,12.3184289932251
28,24,11.1488008499146
29,24,9.52127170562744
30,24,9.0981559753418
31,24,7.47661066055298
32,24,10.605583190918
33,24,10.5250453948975
34,24,7.89427661895752
35,24,8.56673812866211
36,24,12.5494260787964
37,24,13.5978994369507
38,24,14.1688957214355
39,24,16.6421756744385
40,24,22.9648818969727
41,24,20.9262218475342
42,24,17.8800601959229
43,24,13.2202367782593
44,24,21.7202644348145
45,24,20.6871128082275
46,24,16.6134757995605
47,24,18.5390319824219
48,24,15.2683811187744
49,24,18.6215019226074
50,24,17.5339603424072
51,24,18.9011878967285
52,24,22.4186496734619
53,24,26.2354831695557
54,24,26.1682243347168
55,24,32.871467590332
56,24,26.549186706543
57,24,11.0628776550293
58,24,14.7926902770996
59,24,13.9826612472534
60,24,26.0358581542969
61,24,37.4363212585449
62,24,43.1672439575195
63,24,42.3732299804688
64,24,50.6960830688477
65,24,60.2981491088867
66,24,99.9154586791992
67,24,156.777603149414
68,24,117.32780456543
69,24,102.41722869873
70,24,86.8444671630859
71,24,74.3183822631836
72,24,59.7697944641113
73,24,54.8732681274414
74,24,51.4628982543945
75,24,48.0908050537109
76,24,45.6384124755859
77,24,50.2217292785645
78,24,84.9373931884766
79,24,98.492057800293
80,24,86.9637298583984
81,24,112.691268920898
82,24,89.5398025512695
83,24,115.641548156738
84,24,130.472015380859
85,24,104.640106201172
86,24,104.086051940918
87,24,129.56623840332
88,24,112.131271362305
89,24,100.631118774414
90,24,111.063980102539
91,24,90.1957473754883
92,24,62.701904296875
93,24,78.7632141113281
94,24,76.3190765380859
95,24,66.0732192993164
96,24,50.5654983520508
97,24,29.099853515625
98,24,20.0650329589844
99,24,17.9333686828613
100,24,15.8232479095459
101,24,14.2980270385742
102,24,13.4372291564941
103,24,10.331262588501
104,24,7.03389644622803
108,24,6.04545783996582
110,24,6.7445216178894
111,24,6.03790330886841
117,24,6.54973220825195
118,24,6.26753997802734
240,24,6.93308115005493
241,24,7.04971885681152
242,24,7.84238910675049
243,24,7.8291130065918
244,24,7.40637826919556
245,24,6.59486103057861
249,24,6.08497381210327
251,24,7.4884467124939
254,24,6.1317286491394
259,24,6.07266664505005
260,24,6.15922451019287
262,24,6.20527648925781
263,24,7.48004817962647
264,24,9.62874412536621
265,24,9.60578727722168
266,24,7.28765964508057
267,24,7.76095771789551
268,24,8.79438400268555
269,24,9.78633403778076
270,24,10.1080331802368
271,24,11.7425374984741
272,24,12.9910869598389
273,24,13.2796049118042
274,24,14.6166191101074
275,24,13.4277782440186
276,24,11.1350736618042
277,24,10.3909406661987
278,24,11.0759172439575
279,24,12.1871347427368
280,24,11.5088605880737
281,24,16.5894260406494
282,24,22.7137680053711
283,24,23.414176940918
284,24,30.723762512207
285,24,43.0294723510742
286,24,59.9011840820313
287,24,69.7055816650391
288,24,75.3420791625977
289,24,89.1652069091797
290,24,97.3001480102539
291,24,122.102111816406
292,24,149.751525878906
293,24,201.469543457031
294,24,341.921600341797
295,24,543.7255859375
296,24,399.704406738281
297,24,307.008117675781
298,24,251.789169311523
299,24,199.05793762207
300,24,159.339111328125
301,24,131.948333740234
302,24,101.904655456543
303,24,67.4629821777344
304,24,61.0062103271484
305,24,50.7236366271973
306,24,40.3051681518555
307,24,34.9959297180176
308,24,21.5322399139404
309,24,19.114709854126
310,24,14.9783248901367
311,24,17.34716796875
312,24,19.8657264709473
313,24,19.2363033294678
314,24,17.2585124969482
315,24,17.0026702880859
316,24,18.1732711791992
317,24,13.3996696472168
318,24,13.2395315170288
319,24,13.0291194915771
320,24,14.6925220489502
321,24,13.7936820983887
322,24,14.670464515686
323,24,10.9084777832031
324,24,7.9806432723999
325,24,7.25412130355835
326,24,6.98318386077881
328,24,6.05607414245606
329,24,7.02422904968262
330,24,7.24329280853272
331,24,8.102463722229
332,24,7.58206081390381
333,24,6.81985282897949
334,24,6.11518526077271
336,24,6.15285587310791
340,24,6.38868284225464
341,24,8.96491146087647
342,24,13.2435531616211
343,24,7.84228324890137
344,24,13.929817199707
345,24,15.8952903747559
346,24,19.2808971405029
347,24,10.578275680542
348,24,9.74392700195312
349,24,9.02155876159668
350,24,6.45678901672363
352,24,6.23430824279785
353,24,7.63087320327759
357,24,6.68562984466553
358,24,11.7446222305298
359,24,11.7040739059448
16,25,6.79202604293823
17,25,6.68357849121094
18,25,9.67945861816406
19,25,11.6651992797852
20,25,9.83310413360596
21,25,10.5794124603271
22,25,10.2862558364868
23,25,9.13136863708496
24,25,9.83171939849854
25,25,11.1969041824341
26,25,12.8458728790283
27,25,12.03635597229
28,25,11.673282623291
29,25,11.5365324020386
30,25,11.3282041549683
31,25,9.07820510864258
32,25,7.94140720367432
33,25,6.86112689971924
34,25,7.64611148834229
35,25,7.39749622344971
36,25,10.3870716094971
37,25,12.0173835754395
38,25,13.6036233901978
39,25,19.6611099243164
40,25,20.9458236694336
41,25,19.7613697052002
42,25,13.3434267044067
43,25,12.1174697875977
44,25,20.7435817718506
45,25,26.1098136901856
46,25,16.7085132598877
47,25,21.1106548309326
48,25,16.7912178039551
49,25,16.0605545043945
50,25,15.2978792190552
51,25,14.9058399200439
52,25,16.1415004730225
53,25,18.1592102050781
54,25,21.7844161987305
55,25,22.0412139892578
56,25,17.6056213378906
57,25,14.7190551757813
58,25,16.8394718170166
59,25,23.6329402923584
60,25,30.262622833252
61,25,47.0118637084961
62,25,64.7676010131836
63,25,65.0749130249024
64,25,76.2888946533203
65,25,78.5269546508789
66,25,82.2181701660156
67,25,90.8606948852539
68,25,138.449264526367
69,25,198.834014892578
70,25,159.851486206055
71,25,151.092407226563
72,25,87.1242065429688
73,25,64.0528869628906
74,25,75.5803298950195
75,25,94.2134857177734
76,25,67.3221054077149
77,25,59.3019752502442
78,25,73.3117523193359
79,25,89.5196685791016
80,25,111.084678649902
81,25,116.07585144043
82,25,101.291625976563
83,25,91.1683883666992
84,25,91.68701171875
85,25,98.2279815673828
86,25,101.337356567383
87,25,104.317321777344
88,25,127.93335723877
89,25,104.273468017578
90,25,89.2671203613281
91,25,58.8463363647461
92,25,67.236572265625
93,25,71.8464660644531
94,25,64.2419128417969
95,25,51.5681114196777
96,25,39.5364608764648
97,25,33.3234176635742
98,25,27.6590003967285
99,25,17.8522033691406
100,25,14.5425786972046
101,25,11.901328086853
102,25,10.0791082382202
103,25,8.17555618286133
104,25,6.27806997299194
105,25,6.32283544540405
106,25,6.50180244445801
107,25,7.24110412597656
108,25,7.07747173309326
109,25,6.12609100341797
110,25,6.77571773529053
111,25,6.36753416061401
117,25,7.26505470275879
118,25,7.79469585418701
239,25,6.72316360473633
240,25,6.64620304107666
241,25,6.30419063568115
242,25,6.95866203308106
243,25,7.10717916488648
244,25,6.42864513397217
252,25,7.30720138549805
253,25,7.04777956008911
255,25,6.57862138748169
260,25,6.06231737136841
261,25,6.85498189926148
262,25,7.05825901031494
263,25,8.33037090301514
264,25,6.60209035873413
265,25,6.55407285690308
266,25,6.99540996551514
267,25,7.23743391036987
268,25,7.85504245758057
269,25,8.66771411895752
270,25,10.1608924865723
271,25,11.2238264083862
272,25,14.7105846405029
273,25,16.0827045440674
274,25,17.1607246398926
275,25,13.3427438735962
276,25,12.4033517837524
277,25,10.3389377593994
278,25,9.52804279327393
279,25,11.2332620620728
280,25,15.5108461380005
281,25,18.1308059692383
282,25,19.9132976531982
283,25,26.6643867492676
284,25,27.8984985351563
285,25,30.1675910949707
286,25,32.3029823303223
287,25,47.0544128417969
288,25,60.1153564453125
289,25,58.8791198730469
290,25,66.8150863647461
291,25,77.9631042480469
292,25,110.992660522461
293,25,179.068405151367
294,25,250.190338134766
295,25,297.301177978516
296,25,627.705688476563
297,25,360.322204589844
298,25,269.269287109375
299,25,221.493179321289
300,25,178.546173095703
301,25,171.561828613281
302,25,121.056640625
303,25,102.641860961914
304,25,67.0021591186524
305,25,51.0842781066895
306,25,37.4350700378418
307,25,42.7713012695313
308,25,22.6686210632324
309,25,19.9299488067627
310,25,20.2179794311523
311,25,16.2027149200439
312,25,18.1175689697266
313,25,21.8760814666748
314,25,17.5961761474609
315,25,18.9030952453613
316,25,16.5335502624512
317,25,14.3564529418945
318,25,10.5645923614502
319,25,11.4433326721191
320,25,11.4416675567627
321,25,13.0487766265869
322,25,12.4913749694824
323,25,10.278751373291
324,25,8.3341646194458
325,25,7.70703220367432
326,25,8.99137020111084
327,25,7.41655969619751
328,25,6.66544580459595
329,25,6.607590675354
330,25,6.80742931365967
331,25,7.95190620422363
332,25,7.98276948928833
333,25,8.00746631622315
334,25,6.71115303039551
335,25,7.51768779754639
340,25,6.15520906448364
341,25,7.62156581878662
342,25,12.8894367218018
343,25,19.0796051025391
344,25,15.3844232559204
345,25,22.1120414733887
346,25,18.4241352081299
347,25,11.6845979690552
348,25,8.4895830154419
349,25,9.48974227905273
351,25,7.81723690032959
352,25,6.8188648223877
358,25,6.86358499526978
359,25,6.15846729278565
14,26,6.31587314605713
15,26,7.03125762939453
16,26,7.67442464828491
17,26,7.87656211853027
18,26,7.44575023651123
19,26,8.76440811157227
20,26,10.5942754745483
21,26,10.497350692749
22,26,13.4162616729736
23,26,11.6110343933105
24,26,9.68671226501465
25,26,8.47634792327881
26,26,8.64156150817871
27,26,9.14595413208008
28,26,8.94873714447022
29,26,8.01495361328125
30,26,8.33631801605225
31,26,6.86339569091797
33,26,6.1950478553772
34,26,7.84456825256348
35,26,8.62473964691162
36,26,9.50495719909668
37,26,11.8149890899658
38,26,13.6903343200684
39,26,13.4676570892334
40,26,16.1193752288818
41,26,17.2966785430908
42,26,12.7614860534668
43,26,13.35715675354
44,26,23.941873550415
45,26,21.7215881347656
46,26,17.5999641418457
47,26,28.775972366333
48,26,25.6956081390381
49,26,21.8678150177002
50,26,20.3478107452393
51,26,15.7107009887695
52,26,17.1381034851074
53,26,17.0715026855469
54,26,17.859073638916
55,26,19.7569255828857
56,26,15.3968849182129
57,26,14.3049211502075
58,26,15.992169380188
59,26,16.7694034576416
60,26,23.9463729858398
61,26,35.7943649291992
62,26,34.7999572753906
63,26,31.4084739685059
64,26,37.8736534118652
65,26,89.7123260498047
66,26,105.613609313965
67,26,146.915481567383
68,26,176.981292724609
69,26,220.060653686523
70,26,110.040924072266
71,26,92.0466918945313
72,26,95.4801559448242
73,26,95.1923065185547
74,26,110.042846679688
75,26,97.7268447875977
76,26,74.2011642456055
77,26,97.4961547851563
78,26,127.46378326416
79,26,127.524192810059
80,26,111.492958068848
81,26,105.869132995605
82,26,91.3400573730469
83,26,92.5274200439453
84,26,122.020843505859
85,26,137.202545166016
86,26,164.589569091797
87,26,172.897705078125
88,26,142.513580322266
89,26,102.768478393555
90,26,66.8280944824219
91,26,49.939640045166
92,26,55.158374786377
93,26,59.7823905944824
94,26,48.1677742004395
95,26,49.061695098877
96,26,37.7342376708984
97,26,30.8965244293213
98,26,22.5874729156494
99,26,16.8926429748535
100,26,11.3555326461792
101,26,10.9302139282227
102,26,8.59278964996338
103,26,6.80625200271606
105,26,6.19506645202637
106,26,6.40332937240601
107,26,6.28952407836914
108,26,6.86753702163696
109,26,6.26326990127564
110,26,6.47759819030762
111,26,7.00714302062988
126,26,6.38724184036255
127,26,6.04164123535156
228,26,6.23449087142944
236,26,6.08553171157837
239,26,6.63889741897583
240,26,6.33955144882202
251,26,7.6655387878418
252,26,8.80712890625
262,26,6.17418956756592
263,26,6.14195203781128
265,26,6.30550289154053
266,26,7.90853214263916
267,26,8.20048141479492
268,26,9.14052295684814
269,26,8.58837223052979
270,26,10.3659687042236
271,26,10.6031637191772
272,26,15.2954397201538
273,26,14.5562982559204
274,26,14.2098245620728
275,26,12.9791736602783
276,26,10.68199634552
277,26,9.85517692565918
278,26,11.5596237182617
279,26,10.4479293823242
280,26,11.2348785400391
281,26,14.6937036514282
282,26,20.4163398742676
283,26,24.8319988250732
284,26,21.4595031738281
285,26,26.0228424072266
286,26,27.1126365661621
287,26,34.5713729858398
288,26,43.2322006225586
289,26,46.3731117248535
290,26,57.6359977722168
291,26,77.3339080810547
292,26,86.7185821533203
293,26,131.752059936523
294,26,199.205551147461
295,26,277.427154541016
296,26,370.423889160156
297,26,408.3046875
298,26,384.702880859375
299,26,272.185882568359
300,26,212.263946533203
301,26,196.175018310547
302,26,157.337692260742
303,26,109.695114135742
304,26,63.3521995544434
305,26,62.7412109375
306,26,52.3372650146484
307,26,53.6288223266602
308,26,39.7305793762207
309,26,25.390079498291
310,26,24.2171821594238
311,26,20.6499633789063
312,26,19.0082664489746
313,26,21.7126808166504
314,26,26.4735488891602
315,26,23.2722434997559
316,26,20.3355274200439
317,26,15.2355976104736
318,26,12.6755247116089
319,26,11.8821773529053
320,26,12.3906030654907
321,26,11.7255172729492
322,26,13.5452585220337
323,26,12.9272909164429
324,26,8.52906036376953
325,26,9.42806243896484
326,26,8.95589065551758
327,26,6.91111850738525
328,26,6.04772663116455
329,26,6.10522556304932
330,26,6.58829927444458
331,26,7.29843282699585
332,26,7.56501197814941
333,26,9.37121772766113
334,26,10.7522449493408
335,26,7.60665893554688
341,26,6.87284278869629
342,26,10.7186832427979
343,26,10.8016729354858
344,26,9.54537296295166
345,26,6.48160648345947
346,26,9.31095886230469
347,26,6.75571870803833
348,26,8.68859195709229
349,26,8.54648494720459
350,26,8.75408267974854
351,26,8.65293979644775
355,26,8.19994449615479
356,26,7.12769603729248
1,27,6.41899156570435
15,27,7.31031036376953
16,27,6.23178672790527
19,27,6.71944856643677
20,27,8.55088615417481
21,27,9.05262088775635
22,27,10.3641948699951
23,27,9.15983390808105
24,27,7.29924154281616
25,27,6.36524629592896
26,27,7.84539127349854
27,27,6.90997362136841
28,27,6.96332550048828
29,27,6.44272089004517
32,27,6.0420389175415
33,27,7.48187303543091
34,27,8.08138275146484
35,27,9.70397472381592
36,27,11.6826181411743
37,27,11.9159812927246
38,27,12.4218168258667
39,27,14.0424957275391
40,27,11.4676742553711
41,27,11.3969030380249
42,27,13.5813541412354
43,27,16.883768081665
44,27,18.6229972839355
45,27,18.3590888977051
46,27,21.570837020874
47,27,32.725040435791
48,27,37.1742248535156
49,27,32.9251670837402
50,27,26.7026977539063
51,27,19.9082412719727
52,27,18.6299419403076
53,27,19.0184211730957
54,27,18.3647918701172
55,27,15.4098033905029
56,27,11.6181230545044
57,27,10.6096382141113
58,27,13.4837036132813
59,27,22.6080265045166
60,27,20.9562835693359
61,27,27.2673377990723
62,27,40.6078987121582
63,27,69.699951171875
64,27,109.184921264648
65,27,116.592216491699
66,27,127.630363464355
67,27,154.423248291016
68,27,133.43913269043
69,27,81.1489944458008
70,27,72.5782775878906
71,27,69.9496002197266
72,27,87.0494766235352
73,27,89.4549713134766
74,27,101.969818115234
75,27,84.4813842773438
76,27,78.8289184570313
77,27,98.5645904541016
78,27,104.78734588623
79,27,97.7200622558594
80,27,91.4842529296875
81,27,78.271484375
82,27,109.834373474121
83,27,109.880554199219
84,27,120.121620178223
85,27,142.531707763672
86,27,152.141220092773
87,27,484.272277832031
88,27,119.054183959961
89,27,74.9070587158203
90,27,52.9990386962891
91,27,57.0064277648926
92,27,64.8990097045899
93,27,80.0220489501953
94,27,48.9893302917481
95,27,37.2461700439453
96,27,32.0773811340332
97,27,26.2489147186279
98,27,19.0211791992188
99,27,15.3121042251587
100,27,11.1043367385864
101,27,10.756516456604
102,27,8.88592338562012
103,27,8.30147933959961
104,27,7.01073741912842
105,27,7.4135479927063
106,27,6.55968379974365
107,27,6.46837043762207
108,27,6.29784202575684
109,27,6.76435613632202
110,27,7.39937210083008
111,27,6.44050884246826
112,27,6.08244037628174
248,27,6.3910608291626
249,27,7.3387508392334
250,27,8.52085876464844
251,27,8.76225566864014
252,27,10.3941402435303
253,27,7.64166069030762
254,27,6.25569438934326
266,27,6.3651933670044
267,27,6.20128536224365
268,27,6.99458885192871
269,27,6.9708890914917
270,27,8.82896137237549
271,27,10.2610855102539
272,27,10.9096717834473
273,27,12.5833473205566
274,27,12.9938945770264
275,27,10.3065891265869
276,27,9.16115283966064
277,27,10.8064966201782
278,27,10.3828020095825
279,27,11.0501480102539
280,27,12.9011917114258
281,27,14.7971363067627
282,27,17.5943222045898
283,27,18.6489849090576
284,27,22.7644920349121
285,27,23.6139850616455
286,27,22.6637477874756
287,27,24.4160881042481
288,27,28.4829425811768
289,27,39.2900390625
290,27,45.1786575317383
291,27,60.3040161132813
292,27,72.8330154418945
293,27,103.068412780762
294,27,153.134902954102
295,27,255.127563476563
296,27,284.071960449219
297,27,313.109008789063
298,27,409.074859619141
299,27,269.419830322266
300,27,226.251510620117
301,27,200.817626953125
302,27,212.115509033203
303,27,123.125473022461
304,27,89.0465698242188
305,27,77.088981628418
306,27,58.8563537597656
307,27,61.4228210449219
308,27,55.6216278076172
309,27,39.7715759277344
310,27,33.6640701293945
311,27,20.8445720672607
312,27,21.7934646606445
313,27,19.7844715118408
314,27,23.1028137207031
315,27,25.7289199829102
316,27,22.7837467193604
317,27,13.2585296630859
318,27,14.709849357605
319,27,14.9994421005249
320,27,12.9262981414795
321,27,11.4801788330078
322,27,16.0085048675537
323,27,17.1566505432129
324,27,13.3944339752197
325,27,9.99237251281738
326,27,7.94136953353882
327,27,6.75860643386841
328,27,6.45507764816284
329,27,6.74634265899658
330,27,6.75411605834961
331,27,7.73243093490601
332,27,7.81629037857056
333,27,9.42055606842041
334,27,9.46727180480957
335,27,7.71034574508667
336,27,6.47346115112305
343,27,6.7501802444458
346,27,9.68061828613281
347,27,12.2889823913574
348,27,8.76568222045898
349,27,11.4170150756836
350,27,9.6534252166748
351,27,8.55020809173584
352,27,6.53830242156982
354,27,9.08049774169922
355,27,7.83032846450806
356,27,7.75361728668213
11,28,6.05737590789795
14,28,6.25714683532715
15,28,6.61404848098755
20,28,8.68485164642334
21,28,8.04206657409668
22,28,8.11543464660645
23,28,8.24889469146729
24,28,7.75674295425415
25,28,6.2208833694458
26,28,6.46371173858643
27,28,6.20240545272827
28,28,6.92824411392212
29,28,6.86151885986328
30,28,6.17638206481934
31,28,6.75685977935791
32,28,7.16662359237671
33,28,8.06242656707764
34,28,9.0324649810791
35,28,10.0944156646729
36,28,11.5384473800659
37,28,10.2767677307129
38,28,11.7751932144165
39,28,16.0283260345459
40,28,14.1737957000732
41,28,13.6686229705811
42,28,14.5532560348511
43,28,14.8795852661133
44,28,16.9502964019775
45,28,17.2782402038574
46,28,23.2411861419678
47,28,42.0376129150391
48,28,47.1280632019043
49,28,67.5346527099609
50,28,45.1649131774902
51,28,29.7134323120117
52,28,22.8418273925781
53,28,22.6689834594727
54,28,17.4694595336914
55,28,13.2067651748657
56,28,15.1267776489258
57,28,15.0202569961548
58,28,16.1656494140625
59,28,21.0725917816162
60,28,27.8044052124023
61,28,67.0664138793945
62,28,120.644737243652
63,28,176.653045654297
64,28,154.134674072266
65,28,96.9214782714844
66,28,85.9775924682617
67,28,93.4544982910156
68,28,72.9788665771484
69,28,65.3605041503906
70,28,80.5512008666992
71,28,61.1627960205078
72,28,71.7979965209961
73,28,77.2213973999024
74,28,74.6701889038086
75,28,75.9643859863281
76,28,83.5305099487305
77,28,75.1961898803711
78,28,70.8124313354492
79,28,64.929328918457
80,28,65.6031646728516
81,28,76.8218383789063
82,28,117.502456665039
83,28,128.811248779297
84,28,146.306793212891
85,28,126.335304260254
86,28,105.424011230469
87,28,109.121444702148
88,28,76.8481979370117
89,28,64.9288940429688
90,28,47.4487457275391
91,28,37.0756683349609
92,28,70.1872787475586
93,28,90.1960830688477
94,28,50.7263832092285
95,28,34.2461471557617
96,28,31.0614776611328
97,28,24.5567016601563
98,28,21.6371879577637
99,28,15.6435461044312
100,28,11.0922050476074
101,28,11.0593242645264
102,28,8.2466402053833
103,28,7.71322822570801
104,28,7.88311433792114
105,28,7.21483421325684
106,28,6.51041698455811
107,28,6.19348526000977
108,28,6.58601570129395
109,28,6.26169586181641
245,28,6.97922277450562
246,28,6.63072395324707
248,28,6.62850999832153
251,28,7.58471441268921
252,28,7.0215163230896
253,28,6.47448778152466
254,28,6.58499908447266
255,28,8.12565422058106
256,28,11.7288770675659
270,28,7.08805656433106
271,28,8.18368721008301
272,28,8.29293441772461
273,28,9.69088649749756
274,28,10.6113891601563
275,28,12.3659782409668
276,28,10.8871307373047
277,28,11.6463651657104
278,28,14.3465757369995
279,28,13.8600978851318
280,28,14.9621343612671
281,28,17.4540100097656
282,28,18.7981586456299
283,28,18.6575355529785
284,28,23.0540657043457
285,28,23.832145690918
286,28,23.8314266204834
287,28,22.9608173370361
288,28,25.8112945556641
289,28,30.1543426513672
290,28,32.4821243286133
291,28,38.4037437438965
292,28,50.7200698852539
293,28,59.7786445617676
294,28,95.5775680541992
295,28,124.078338623047
296,28,225.846160888672
297,28,270.059631347656
298,28,403.948638916016
299,28,264.405639648438
300,28,264.756530761719
301,28,244.157653808594
302,28,253.940826416016
303,28,215.678253173828
304,28,113.18790435791
305,28,95.0169296264649
306,28,77.0137634277344
307,28,56.3636436462402
308,28,52.4642906188965
309,28,53.209228515625
310,28,44.4297218322754
311,28,27.8039493560791
312,28,18.4734897613525
313,28,17.4760303497314
314,28,19.438196182251
315,28,22.3757553100586
316,28,19.6239337921143
317,28,14.4411296844482
318,28,14.5420751571655
319,28,12.6611824035645
320,28,13.6733541488647
321,28,14.845739364624
322,28,15.5701122283936
323,28,21.5690402984619
324,28,18.8265266418457
325,28,10.5925645828247
326,28,8.30039024353027
327,28,8.25759315490723
328,28,7.98221492767334
329,28,6.97611618041992
330,28,8.07652759552002
331,28,8.88703441619873
332,28,7.83342218399048
333,28,9.0021562576294
334,28,8.88105773925781
335,28,8.20688438415527
336,28,7.8214225769043
342,28,6.25909042358398
343,28,6.23535776138306
344,28,6.64960289001465
345,28,7.10936546325684
346,28,10.5162572860718
347,28,13.8753747940063
348,28,10.7528066635132
349,28,10.6587028503418
350,28,11.0559358596802
351,28,10.539119720459
352,28,9.42815399169922
353,28,10.742751121521
354,28,20.0906677246094
355,28,12.9287223815918
356,28,7.69343519210815
359,28,6.93926095962524
14,29,6.78748798370361
15,29,6.54527568817139
16,29,6.58452987670898
17,29,6.15144395828247
19,29,6.22534894943237
20,29,8.54207038879395
21,29,8.44802951812744
22,29,6.18508434295654
23,29,6.46596431732178
26,29,6.06103563308716
31,29,6.34208059310913
32,29,7.88178300857544
33,29,10.08274269104
34,29,8.92234611511231
35,29,9.21720314025879
36,29,10.5862693786621
37,29,10.8588047027588
38,29,11.759783744812
39,29,13.962420463562
40,29,18.0313453674316
41,29,15.9491729736328
42,29,13.8986005783081
43,29,15.9355316162109
44,29,19.1069107055664
45,29,20.5523509979248
46,29,26.8477802276611
47,29,34.033576965332
48,29,50.5218811035156
49,29,70.7275695800781
50,29,60.9484977722168
51,29,62.3903884887695
52,29,42.7830848693848
53,29,28.8656101226807
54,29,27.4837741851807
55,29,25.1739768981934
56,29,21.6607551574707
57,29,19.9884777069092
58,29,29.3067398071289
59,29,47.2048683166504
60,29,57.0689086914063
61,29,67.3572845458984
62,29,80.3260040283203
63,29,92.5674362182617
64,29,68.3745803833008
65,29,49.2793312072754
66,29,86.8968658447266
67,29,109.904808044434
68,29,80.2238540649414
69,29,102.867561340332
70,29,78.1074066162109
71,29,56.0455589294434
72,29,56.707878112793
73,29,66.3798599243164
74,29,63.9147682189941
75,29,56.9790573120117
76,29,61.2930450439453
77,29,59.8947257995606
78,29,56.5323638916016
79,29,62.2024078369141
80,29,58.5190544128418
81,29,64.5190582275391
82,29,105.534523010254
83,29,144.639801025391
84,29,139.607849121094
85,29,150.701690673828
86,29,119.105735778809
87,29,82.6681594848633
88,29,59.3207626342774
89,29,59.6826400756836
90,29,48.1401214599609
91,29,63.79296875
92,29,88.6119613647461
93,29,96.501953125
94,29,54.5919647216797
95,29,33.1647529602051
96,29,29.5789966583252
97,29,23.6083450317383
98,29,20.1235847473145
99,29,13.2981472015381
100,29,11.2680206298828
101,29,10.5634832382202
102,29,7.93778705596924
103,29,6.57935190200806
104,29,7.82947158813477
105,29,8.84369468688965
106,29,9.56651782989502
107,29,8.1835880279541
108,29,6.55003213882446
120,29,6.16172122955322
256,29,7.64134168624878
270,29,6.36543703079224
271,29,6.96040153503418
272,29,7.46609783172607
273,29,8.40676307678223
274,29,9.59900283813477
275,29,11.5550889968872
276,29,10.955885887146
277,29,14.9475879669189
278,29,19.4407234191895
279,29,19.5785179138184
280,29,23.738317489624
281,29,21.0038795471191
282,29,17.8910713195801
283,29,17.7971630096436
284,29,18.8622283935547
285,29,20.2545032501221
286,29,22.9520664215088
287,29,19.7563800811768
288,29,23.2259197235107
289,29,24.4760055541992
290,29,27.0946846008301
291,29,33.7615013122559
292,29,41.6625061035156
293,29,40.5735969543457
294,29,72.5311279296875
295,29,102.62629699707
296,29,179.070724487305
297,29,230.912094116211
298,29,334.220947265625
299,29,296.453979492188
300,29,278.39697265625
301,29,447.202575683594
302,29,196.450775146484
303,29,168.173889160156
304,29,135.814712524414
305,29,101.641448974609
306,29,78.1460876464844
307,29,78.0312347412109
308,29,64.5925140380859
309,29,69.9775695800781
310,29,45.9889221191406
311,29,29.4105262756348
312,29,20.1580123901367
313,29,16.8354225158691
314,29,17.5869274139404
315,29,21.2207527160645
316,29,17.48095703125
317,29,15.5907344818115
318,29,13.4278793334961
319,29,14.1577091217041
320,29,17.333309173584
321,29,17.4567337036133
322,29,18.1212787628174
323,29,18.0188903808594
324,29,14.1170530319214
325,29,12.2917156219482
326,29,10.3560333251953
327,29,9.88337802886963
328,29,10.4214153289795
329,29,8.41692161560059
330,29,7.18417596817017
331,29,8.62356948852539
332,29,8.52071571350098
333,29,7.73913145065308
334,29,7.56470203399658
335,29,6.95969200134277
336,29,6.69845676422119
337,29,7.23924446105957
338,29,8.86720275878906
339,29,6.72497367858887
340,29,6.5414400100708
341,29,6.78027820587158
342,29,6.68490505218506
343,29,6.06439018249512
345,29,6.05061006546021
346,29,7.88677215576172
347,29,10.3158359527588
348,29,11.0268621444702
349,29,10.3027944564819
350,29,16.710693359375
351,29,12.3017349243164
352,29,10.9011669158936
353,29,14.3113088607788
354,29,17.8098125457764
355,29,15.2657585144043
356,29,10.5601673126221
1,30,6.07735252380371
2,30,6.14080095291138
3,30,6.14245510101318
4,30,6.34761476516724
5,30,6.68476009368897
6,30,6.6998815536499
12,30,6.95957756042481
13,30,6.38070631027222
14,30,6.59205055236816
16,30,6.92540597915649
17,30,7.00488138198853
31,30,6.63987445831299
32,30,9.01492309570312
33,30,10.9461030960083
34,30,9.10596656799316
35,30,8.45932674407959
36,30,8.59133720397949
37,30,10.0049686431885
38,30,13.350679397583
39,30,16.0234317779541
40,30,19.2333755493164
41,30,18.9048767089844
42,30,18.7680187225342
43,30,22.2969360351563
44,30,22.2535667419434
45,30,18.7557811737061
46,30,24.6425399780273
47,30,34.3018531799316
48,30,45.0870971679688
49,30,60.5381851196289
50,30,80.9573211669922
51,30,105.474304199219
52,30,100.734977722168
53,30,49.055778503418
54,30,36.4937019348145
55,30,27.2805156707764
56,30,33.941837310791
57,30,47.3599052429199
58,30,44.9042625427246
59,30,45.6016006469727
60,30,49.8089904785156
61,30,67.3837051391602
62,30,59.3534126281738
63,30,45.114501953125
64,30,42.6421051025391
65,30,47.3281745910645
66,30,54.9473495483399
67,30,57.8965187072754
68,30,81.5917892456055
69,30,115.164695739746
70,30,89.8750915527344
71,30,101.040199279785
72,30,73.0620956420898
73,30,59.103931427002
74,30,53.6084480285645
75,30,54.478084564209
76,30,51.7591781616211
77,30,52.4128684997559
78,30,46.7623252868652
79,30,62.7885475158691
80,30,61.9787902832031
81,30,94.9467468261719
82,30,117.722610473633
83,30,122.313705444336
84,30,163.889511108398
85,30,122.335426330566
86,30,96.0686416625977
87,30,73.8361663818359
88,30,61.4044151306152
89,30,50.665225982666
90,30,60.4702491760254
91,30,82.7320556640625
92,30,91.1218338012695
93,30,73.345703125
94,30,53.054874420166
95,30,34.6682777404785
96,30,27.659273147583
97,30,20.4248886108398
98,30,19.415699005127
99,30,16.1750621795654
100,30,13.4579982757568
101,30,10.6696643829346
102,30,9.61975383758545
103,30,8.52041053771973
104,30,8.30711460113525
105,30,8.67831420898438
106,30,8.36631584167481
107,30,7.76414108276367
108,30,6.93048334121704
109,30,6.40292406082153
110,30,6.08558702468872
112,30,6.41393899917603
113,30,6.03810930252075
270,30,6.17950534820557
271,30,7.22086477279663
272,30,7.27281379699707
273,30,9.72697257995605
274,30,10.1739501953125
275,30,10.4349155426025
276,30,12.4503631591797
277,30,15.6853847503662
278,30,17.9255332946777
279,30,20.496768951416
280,30,20.4706802368164
281,30,15.5518951416016
282,30,17.2625179290772
283,30,20.4647426605225
284,30,17.409065246582
285,30,17.1370639801025
286,30,21.5030822753906
287,30,18.7280120849609
288,30,19.8474826812744
289,30,21.0815563201904
290,30,25.4532852172852
291,30,32.6426696777344
292,30,35.8320083618164
293,30,40.5850067138672
294,30,58.4178848266602
295,30,82.8225936889649
296,30,148.247817993164
297,30,202.273651123047
298,30,293.8056640625
299,30,238.995040893555
300,30,248.320495605469
301,30,285.216033935547
302,30,240.367797851563
303,30,156.218719482422
304,30,143.750640869141
305,30,109.570762634277
306,30,97.3979644775391
307,30,103.695594787598
308,30,89.3230133056641
309,30,64.8420486450195
310,30,61.803653717041
311,30,51.5297966003418
312,30,23.2925453186035
313,30,16.2565097808838
314,30,19.5881290435791
315,30,25.6231784820557
316,30,20.4608402252197
317,30,17.6379280090332
318,30,20.0383262634277
319,30,15.1344871520996
320,30,15.9604759216309
321,30,19.9373722076416
322,30,19.3207874298096
323,30,16.0576629638672
324,30,14.2126693725586
325,30,12.4777765274048
326,30,11.7155542373657
327,30,10.9446048736572
328,30,11.1918611526489
329,30,11.0145254135132
330,30,9.57963848114014
331,30,9.59322071075439
332,30,6.88762664794922
333,30,8.14731407165527
334,30,7.23117637634277
335,30,6.97080039978027
336,30,6.23706340789795
337,30,7.60997295379639
338,30,7.87587356567383
339,30,7.22880935668945
340,30,6.81018877029419
341,30,6.71296501159668
342,30,6.09806108474731
343,30,6.12535381317139
346,30,6.42913103103638
347,30,6.20143365859985
348,30,6.23011541366577
349,30,10.4368658065796
350,30,13.2781505584717
351,30,15.6358184814453
352,30,14.3444995880127
353,30,8.60288524627686
354,30,7.86425685882568
355,30,13.9144983291626
356,30,7.89533042907715
357,30,6.30484390258789
3,31,7.18977069854736
4,31,8.62377166748047
5,31,8.35097980499268
6,31,8.06886100769043
7,31,6.48037242889404
11,31,6.55714273452759
12,31,6.36752986907959
14,31,6.60449028015137
19,31,6.50951766967773
31,31,6.96664619445801
32,31,7.54941368103027
33,31,8.11540126800537
34,31,7.83165454864502
35,31,7.67413139343262
36,31,8.69675254821777
37,31,10.2725734710693
38,31,13.7985553741455
39,31,20.2570209503174
40,31,21.6186141967773
41,31,20.6167430877686
42,31,22.074104309082
43,31,22.193868637085
44,31,20.115852355957
45,31,21.8956050872803
46,31,24.0635414123535
47,31,25.469633102417
48,31,32.6463279724121
49,31,49.3386154174805
50,31,73.9869537353516
51,31,128.73942565918
52,31,111.419235229492
53,31,105.108116149902
54,31,160.156555175781
55,31,90.1985168457031
56,31,50.7486686706543
57,31,31.4744625091553
58,31,42.8930854797363
59,31,30.2035236358643
60,31,32.0725898742676
61,31,39.9345550537109
62,31,38.5498504638672
63,31,28.9564304351807
64,31,34.4698181152344
65,31,52.6476058959961
66,31,64.4377670288086
67,31,55.8491134643555
68,31,59.1135864257813
69,31,94.0547409057617
70,31,112.438781738281
71,31,103.992080688477
72,31,102.092529296875
73,31,77.9344863891602
74,31,62.3602828979492
75,31,73.1125564575195
76,31,63.9092216491699
77,31,62.3100700378418
78,31,54.238395690918
79,31,67.5886840820313
80,31,94.0565338134766
81,31,117.346244812012
82,31,156.913711547852
83,31,148.793441772461
84,31,205.332397460938
85,31,124.315780639648
86,31,90.0767135620117
87,31,60.2274894714356
88,31,58.891845703125
89,31,60.1757392883301
90,31,72.7392501831055
91,31,82.5016632080078
92,31,87.0260314941406
93,31,72.9619827270508
94,31,63.9818954467773
95,31,43.2193069458008
96,31,25.2779960632324
97,31,23.0354042053223
98,31,20.6075572967529
99,31,17.4503784179688
100,31,14.317572593689
101,31,14.1736040115356
102,31,12.737398147583
103,31,10.3513431549072
104,31,8.76081848144531
105,31,7.80348443984985
106,31,8.02377986907959
107,31,7.48749923706055
108,31,6.86790275573731
109,31,6.82421350479126
110,31,6.84091711044312
111,31,6.81704998016357
112,31,6.45512962341309
271,31,6.05281639099121
272,31,6.49675559997559
273,31,7.53582668304443
274,31,10.9459762573242
275,31,12.1305885314941
276,31,12.5256662368774
277,31,12.0043478012085
278,31,12.6303434371948
279,31,14.7576999664307
280,31,13.4182596206665
281,31,10.5762796401978
282,31,13.6526079177856
283,31,17.6925201416016
284,31,17.1986751556397
285,31,14.0578451156616
286,31,16.4356060028076
287,31,18.5491619110107
288,31,26.8659248352051
289,31,23.8584289550781
290,31,26.5743770599365
291,31,30.1294536590576
292,31,27.8337516784668
293,31,34.5700798034668
294,31,41.1008377075195
295,31,63.5907325744629
296,31,111.428108215332
297,31,145.598785400391
298,31,235.875396728516
299,31,337.876892089844
300,31,329.112182617188
301,31,293.285766601563
302,31,356.505065917969
303,31,269.69921875
304,31,172.606414794922
305,31,97.9521026611328
306,31,99.1863861083984
307,31,89.6569137573242
308,31,82.1460571289063
309,31,76.1843490600586
310,31,82.0661926269531
311,31,54.8434257507324
312,31,25.7640151977539
313,31,16.5673847198486
314,31,20.0413341522217
315,31,20.9583835601807
316,31,23.0879364013672
317,31,16.9736881256104
318,31,18.1201782226563
319,31,16.6440391540527
320,31,17.0265998840332
321,31,18.4260902404785
322,31,16.5963611602783
323,31,16.6607570648193
324,31,17.1878356933594
325,31,15.7269868850708
326,31,13.7080736160278
327,31,12.1263675689697
328,31,11.498064994812
329,31,10.4521389007568
330,31,10.5096616744995
331,31,10.1786727905273
332,31,7.91504573822022
333,31,9.61922454833984
334,31,7.81014537811279
335,31,8.34438705444336
336,31,8.27363109588623
337,31,8.08005046844482
338,31,8.11043071746826
339,31,8.80203819274902
340,31,7.56947422027588
342,31,6.80009317398071
344,31,7.71106290817261
345,31,7.86457633972168
346,31,9.19070053100586
347,31,7.0433554649353
348,31,8.76899528503418
349,31,10.3163299560547
350,31,15.8594312667847
351,31,16.0480480194092
352,31,15.5543727874756
353,31,10.0666723251343
354,31,8.15810298919678
355,31,7.91202640533447
356,31,8.75296020507813
357,31,10.2764263153076
6,32,6.7266206741333
7,32,7.01029920578003
8,32,7.37020397186279
9,32,7.38992500305176
10,32,8.03745269775391
11,32,8.80910491943359
12,32,6.90242338180542
13,32,6.18942403793335
14,32,6.43022060394287
15,32,6.80640316009522
16,32,6.1573634147644
17,32,6.16982936859131
19,32,6.17621326446533
30,32,6.67301750183106
31,32,7.55223274230957
32,32,8.53468990325928
33,32,8.76480484008789
34,32,7.78535842895508
35,32,7.71538925170898
36,32,7.79359436035156
37,32,8.61128997802734
38,32,10.2596235275269
39,32,14.6062746047974
40,32,17.9413070678711
41,32,19.0998687744141
42,32,20.4746398925781
43,32,18.5533237457275
44,32,20.8156242370605
45,32,22.5559387207031
46,32,22.7298049926758
47,32,27.7251014709473
48,32,36.9651718139648
49,32,38.2482490539551
50,32,40.6645965576172
51,32,60.9710388183594
52,32,87.1425628662109
53,32,55.2174491882324
54,32,119.493392944336
55,32,230.290283203125
56,32,57.5599365234375
57,32,30.6851196289063
58,32,27.7912750244141
59,32,26.8986930847168
60,32,23.9099178314209
61,32,29.0438098907471
62,32,27.8648910522461
63,32,31.4402236938477
64,32,33.7387161254883
65,32,43.1062850952149
66,32,46.2718353271484
67,32,44.0657653808594
68,32,64.4916839599609
69,32,87.72607421875
70,32,142.59033203125
71,32,99.2802658081055
72,32,74.1485900878906
73,32,79.5378875732422
74,32,80.2996978759766
75,32,81.3024215698242
76,32,75.9717178344727
77,32,68.3584976196289
78,32,63.8214492797852
79,32,72.3785705566406
80,32,99.0441436767578
81,32,89.9360504150391
82,32,125.387977600098
83,32,137.644592285156
84,32,205.065490722656
85,32,105.793685913086
86,32,71.9010391235352
87,32,52.1340293884277
88,32,52.2151908874512
89,32,64.5668640136719
90,32,74.8688735961914
91,32,77.4665145874024
92,32,66.3660583496094
93,32,54.5119895935059
94,32,53.5512847900391
95,32,33.2757301330566
96,32,25.3856792449951
97,32,29.7438354492188
98,32,26.8456001281738
99,32,18.9892921447754
100,32,15.0953426361084
101,32,13.077338218689
102,32,10.9620532989502
103,32,9.40484714508057
104,32,10.2572317123413
105,32,9.00831317901611
106,32,8.44461250305176
107,32,6.84338569641113
108,32,6.90907621383667
109,32,6.62878513336182
110,32,6.1038293838501
111,32,6.38899517059326
116,32,6.35594034194946
117,32,6.32148122787476
274,32,7.68940114974976
275,32,10.3100910186768
276,32,9.0784854888916
277,32,10.6112184524536
278,32,9.49251937866211
279,32,11.3123044967651
280,32,8.73648166656494
281,32,8.68590450286865
282,32,13.1874437332153
283,32,12.3052415847778
284,32,10.4308767318726
285,32,12.3748435974121
286,32,22.7737865447998
287,32,17.3173408508301
288,32,17.8209438323975
289,32,21.2036552429199
290,32,28.1750450134277
291,32,27.3659973144531
292,32,24.410623550415
293,32,31.6651573181152
294,32,37.1767768859863
295,32,54.3201293945313
296,32,95.6790542602539
297,32,139.137084960938
298,32,178.714370727539
299,32,242.654403686523
300,32,325.736114501953
301,32,355.590393066406
302,32,350.659362792969
303,32,318.146545410156
304,32,262.894958496094
305,32,158.611328125
306,32,125.428741455078
307,32,105.186462402344
308,32,88.6325607299805
309,32,111.2001953125
310,32,78.7394943237305
311,32,55.2904052734375
312,32,33.2166175842285
313,32,23.5864791870117
314,32,22.65283203125
315,32,23.3762741088867
316,32,21.7684745788574
317,32,17.2003288269043
318,32,15.9874753952026
319,32,17.3923645019531
320,32,18.6297435760498
321,32,17.7920036315918
322,32,16.1655044555664
323,32,15.14306640625
324,32,15.111759185791
325,32,15.4187631607056
326,32,14.1037101745605
327,32,12.9960012435913
328,32,12.2608098983765
329,32,10.5704946517944
330,32,13.1881618499756
331,32,11.8321514129639
332,32,9.399001121521
333,32,8.31235504150391
334,32,8.77346706390381
335,32,8.90819454193115
336,32,8.27818584442139
337,32,8.77995491027832
338,32,7.69903945922852
339,32,8.96751499176025
340,32,8.92898845672607
341,32,9.43067646026611
342,32,8.65430736541748
343,32,7.95562648773193
344,32,9.12749671936035
345,32,9.5617504119873
346,32,8.615966796875
347,32,6.50209379196167
348,32,7.83969593048096
349,32,7.13938856124878
350,32,14.1269474029541
351,32,17.1871566772461
352,32,10.9376592636108
353,32,7.8283166885376
354,32,7.78294706344605
355,32,6.12043190002441
356,32,6.03883123397827
7,33,7.82964086532593
8,33,8.17493629455566
9,33,8.21273231506348
10,33,8.07994937896729
11,33,8.69879531860352
12,33,8.40993118286133
13,33,6.28183841705322
14,33,6.25113821029663
20,33,6.30749845504761
29,33,6.42316961288452
30,33,7.92018127441406
31,33,8.24429225921631
32,33,9.11412143707275
33,33,8.26082897186279
34,33,7.12922286987305
35,33,7.70912027359009
36,33,7.54506683349609
37,33,8.51644992828369
38,33,9.44386672973633
39,33,9.23709678649902
40,33,11.2705192565918
41,33,14.8861255645752
42,33,11.0417060852051
43,33,11.7585802078247
44,33,14.2429790496826
45,33,21.1876544952393
46,33,23.8523616790772
47,33,20.679027557373
48,33,23.6470355987549
49,33,27.3034954071045
50,33,32.8319358825684
51,33,38.7412872314453
52,33,52.5361671447754
53,33,47.6744384765625
54,33,51.1131324768066
55,33,55.7024536132813
56,33,61.485034942627
57,33,40.6922302246094
58,33,25.4107990264893
59,33,30.9530773162842
60,33,26.7720947265625
61,33,27.3634376525879
62,33,26.6591014862061
63,33,32.7862281799316
64,33,29.7436466217041
65,33,33.7556419372559
66,33,39.6269683837891
67,33,52.0505714416504
68,33,77.7225341796875
69,33,96.689567565918
70,33,81.0356597900391
71,33,87.1679306030273
72,33,80.8841857910156
73,33,79.3521270751953
74,33,79.9379730224609
75,33,88.2502212524414
76,33,63.8184432983399
77,33,68.0807723999024
78,33,71.4814071655274
79,33,64.0555191040039
80,33,77.6643829345703
81,33,58.9920349121094
82,33,84.9478759765625
83,33,97.1876983642578
84,33,81.3494262695313
85,33,92.7293853759766
86,33,80.6110534667969
87,33,60.947322845459
88,33,53.5127029418945
89,33,51.9063491821289
90,33,61.1686096191406
91,33,57.8656997680664
92,33,49.9615135192871
93,33,59.0499496459961
94,33,47.5566215515137
95,33,33.7807998657227
96,33,29.4967555999756
97,33,23.9342231750488
98,33,22.9042720794678
99,33,17.8786869049072
100,33,14.1793327331543
101,33,12.2646961212158
102,33,10.5354509353638
103,33,11.4484663009644
104,33,10.1228532791138
105,33,10.1091184616089
106,33,6.77139949798584
112,33,6.05256414413452
117,33,6.79708337783814
118,33,6.2946367263794
119,33,6.37671136856079
275,33,7.00342226028442
276,33,9.61152076721191
277,33,7.1693434715271
278,33,6.84169483184815
279,33,8.2955904006958
280,33,8.95409202575684
281,33,7.44315195083618
282,33,8.93144989013672
283,33,7.84923934936523
284,33,7.51432037353516
285,33,8.7816915512085
286,33,9.12305450439453
287,33,10.9416208267212
288,33,14.3649988174438
289,33,18.1012649536133
290,33,23.5502586364746
291,33,28.0703182220459
292,33,28.2948894500732
293,33,28.7524890899658
294,33,32.7288551330566
295,33,43.3538436889648
296,33,61.8723182678223
297,33,101.303886413574
298,33,144.334014892578
299,33,169.553421020508
300,33,280.979797363281
301,33,270.701171875
302,33,388.025390625
303,33,297.779296875
304,33,279.874206542969
305,33,249.354629516602
306,33,157.508483886719
307,33,130.501007080078
308,33,92.4485931396484
309,33,114.172538757324
310,33,54.2895278930664
311,33,46.8835105895996
312,33,27.8248977661133
313,33,21.3876361846924
314,33,24.7639865875244
315,33,22.6287975311279
316,33,19.1422863006592
317,33,18.1559295654297
318,33,14.0756778717041
319,33,16.1890487670898
320,33,15.8014163970947
321,33,15.6532554626465
322,33,17.2362976074219
323,33,16.8863754272461
324,33,16.1822528839111
325,33,15.6899642944336
326,33,18.5506267547607
327,33,14.5420951843262
328,33,13.1278457641602
329,33,14.2729816436768
330,33,14.9127368927002
331,33,13.4937343597412
332,33,10.4432315826416
333,33,9.11273670196533
334,33,8.52261066436768
335,33,8.24379634857178
336,33,9.05167102813721
337,33,9.28594779968262
338,33,8.18631172180176
339,33,8.35317802429199
340,33,8.50978088378906
341,33,8.9865837097168
342,33,10.4643936157227
343,33,9.72861480712891
344,33,10.6460132598877
345,33,12.950626373291
346,33,10.0845851898193
347,33,8.13390731811523
348,33,6.93971061706543
349,33,6.76016902923584
350,33,9.30003643035889
351,33,20.1723175048828
352,33,10.2153797149658
353,33,8.13577175140381
354,33,8.24766254425049
356,33,6.21720504760742
6,34,7.0047459602356
7,34,10.4199542999268
8,34,10.0807065963745
9,34,10.5190782546997
10,34,9.58690452575684
11,34,9.54844760894775
12,34,9.72018432617188
13,34,8.25423622131348
29,34,8.18613815307617
30,34,7.90984296798706
31,34,8.90583038330078
32,34,9.29504776000977
33,34,8.54633903503418
34,34,8.31576538085938
35,34,7.4021372795105
36,34,6.80488252639771
37,34,6.76744270324707
38,34,7.12440919876099
39,34,6.88141870498657
40,34,6.83170413970947
41,34,8.17052173614502
42,34,9.37898063659668
43,34,10.1340408325195
44,34,15.9807033538818
45,34,22.6736030578613
46,34,18.1043891906738
47,34,16.3184280395508
48,34,19.2765293121338
49,34,21.5706024169922
50,34,21.2064075469971
51,34,26.7811031341553
52,34,43.3389854431152
53,34,41.5118293762207
54,34,41.7424774169922
55,34,39.4166564941406
56,34,36.4318161010742
57,34,35.2893943786621
58,34,27.1377944946289
59,34,30.5055599212647
60,34,22.646505355835
61,34,23.1288108825684
62,34,34.9037094116211
63,34,34.6671714782715
64,34,30.4659271240234
65,34,32.6318435668945
66,34,40.4785003662109
67,34,79.1387786865234
68,34,86.2797088623047
69,34,98.1678771972656
70,34,104.191940307617
71,34,115.881523132324
72,34,102.841667175293
73,34,84.3366928100586
74,34,89.4797592163086
75,34,70.2712631225586
76,34,61.2691116333008
77,34,62.904354095459
78,34,97.8787536621094
79,34,77.1631851196289
80,34,98.9653244018555
81,34,101.644958496094
82,34,99.315559387207
83,34,82.1405029296875
84,34,93.9472274780274
85,34,66.1330490112305
86,34,73.5274429321289
87,34,85.7574920654297
88,34,76.4799499511719
89,34,84.2936172485352
90,34,69.8811416625977
91,34,60.1500434875488
92,34,41.7637672424316
93,34,37.5433044433594
94,34,38.107536315918
95,34,38.0582695007324
96,34,32.4420204162598
97,34,26.0357475280762
98,34,22.4451637268066
99,34,16.1739692687988
100,34,14.3380537033081
101,34,11.4308023452759
102,34,10.8752660751343
103,34,10.1975612640381
104,34,8.53728199005127
105,34,7.80880212783814
106,34,7.45416069030762
272,34,6.56986474990845
273,34,6.32563352584839
276,34,7.34568119049072
277,34,6.46786022186279
278,34,6.37973785400391
279,34,7.4606990814209
280,34,7.51204919815064
281,34,7.07853317260742
282,34,8.35574531555176
283,34,6.45627593994141
284,34,6.47020864486694
285,34,7.96962690353394
286,34,8.9024019241333
287,34,10.0710439682007
288,34,13.1755561828613
289,34,15.6419258117676
290,34,14.4763641357422
291,34,17.2388858795166
292,34,21.1241054534912
293,34,21.8920135498047
294,34,25.2372875213623
295,34,33.2103729248047
296,34,45.3297271728516
297,34,79.96533203125
298,34,110.380950927734
299,34,119.534507751465
300,34,228.42561340332
301,34,460.913421630859
302,34,314.892700195313
303,34,256.449584960938
304,34,299.592559814453
305,34,269.216339111328
306,34,260.398345947266
307,34,193.861694335938
308,34,126.954299926758
309,34,101.763458251953
310,34,65.4412536621094
311,34,43.7087326049805
312,34,32.0344009399414
313,34,27.8834915161133
314,34,25.9789695739746
315,34,28.338062286377
316,34,19.1055278778076
317,34,15.6342744827271
318,34,14.1958436965942
319,34,15.8879814147949
320,34,14.6943607330322
321,34,16.6705303192139
322,34,18.2591304779053
323,34,18.6053447723389
324,34,19.085765838623
325,34,19.4876003265381
326,34,20.5675773620606
327,34,18.2117481231689
328,34,16.5865211486816
329,34,15.0930042266846
330,34,15.4942607879639
331,34,16.6032943725586
332,34,13.7643661499023
333,34,12.6942691802979
334,34,9.89080619812012
335,34,10.538836479187
336,34,10.8180847167969
337,34,9.42899131774902
338,34,8.24916458129883
339,34,7.80739736557007
340,34,7.23532962799072
341,34,8.4344367980957
342,34,9.03359413146973
343,34,9.5729398727417
344,34,11.6754693984985
345,34,9.62341403961182
346,34,9.3857479095459
347,34,7.42260313034058
348,34,8.01132011413574
349,34,9.72042179107666
350,34,10.9799022674561
351,34,11.6313419342041
352,34,12.9827327728271
353,34,9.30946826934814
354,34,7.43083190917969
355,34,7.76461696624756
356,34,6.4799222946167
357,34,6.15174198150635
359,34,6.49885940551758
1,35,6.54056167602539
4,35,6.13939714431763
5,35,7.19616365432739
6,35,8.35969924926758
7,35,7.53051471710205
8,35,6.87401866912842
9,35,6.90753078460693
10,35,6.084059715271
11,35,6.28055143356323
28,35,6.44944477081299
29,35,8.70558547973633
30,35,8.93077850341797
31,35,8.93833637237549
32,35,9.87193298339844
33,35,8.02027034759522
35,35,6.93902206420898
36,35,6.50238418579102
37,35,6.30806970596314
38,35,6.5692663192749
41,35,7.38307094573975
42,35,9.53178787231445
43,35,11.5858573913574
44,35,17.8894672393799
45,35,21.8890991210938
46,35,20.5018787384033
47,35,20.1592178344727
48,35,23.954704284668
49,35,26.2156562805176
50,35,24.744701385498
51,35,25.2239112854004
52,35,30.0817127227783
53,35,33.6075973510742
54,35,50.3702087402344
55,35,46.0342216491699
56,35,29.5970077514648
57,35,34.61767578125
58,35,17.7259635925293
59,35,19.6356735229492
60,35,21.0530395507813
61,35,33.6257514953613
62,35,37.5244178771973
63,35,34.5071411132813
64,35,48.9483528137207
65,35,47.9518737792969
66,35,85.3254165649414
67,35,149.375549316406
68,35,94.2925491333008
69,35,120.839736938477
70,35,108.511611938477
71,35,121.250869750977
72,35,99.5759887695313
73,35,102.649391174316
74,35,85.4262771606445
75,35,78.9964981079102
76,35,77.8404541015625
77,35,78.087043762207
78,35,87.4609069824219
79,35,103.28076171875
80,35,138.702011108398
81,35,101.705726623535
82,35,79.8219604492188
83,35,73.6821899414063
84,35,118.997497558594
85,35,124.220039367676
86,35,102.344161987305
87,35,83.8176651000977
88,35,74.9137802124024
89,35,66.9449920654297
90,35,65.5833587646484
91,35,58.0235366821289
92,35,45.8894577026367
93,35,35.0348701477051
94,35,40.0608100891113
95,35,37.0011444091797
96,35,28.0024871826172
97,35,22.2232131958008
98,35,16.8622016906738
99,35,16.9229717254639
100,35,13.6867084503174
101,35,11.3963174819946
102,35,12.557487487793
103,35,11.000922203064
104,35,8.18072032928467
105,35,6.25807952880859
106,35,6.80797386169434
116,35,6.08329916000366
279,35,6.45188236236572
280,35,6.79855251312256
281,35,6.47867774963379
282,35,7.28593587875366
283,35,8.95715522766113
284,35,7.77350807189941
285,35,8.55075550079346
286,35,9.1943187713623
287,35,9.80218982696533
288,35,13.2529172897339
289,35,13.214412689209
290,35,14.408863067627
291,35,15.9659442901611
292,35,15.3852243423462
293,35,17.7069225311279
294,35,22.4498558044434
295,35,32.9140892028809
296,35,41.6034622192383
297,35,70.5958099365234
298,35,110.802864074707
299,35,215.739013671875
300,35,309.197937011719
301,35,315.489624023438
302,35,307.265441894531
303,35,340.341735839844
304,35,368.595458984375
305,35,265.523834228516
306,35,297.261810302734
307,35,268.062072753906
308,35,139.508331298828
309,35,109.284790039063
310,35,85.9041595458984
311,35,53.9611473083496
312,35,34.5225372314453
313,35,37.6027488708496
314,35,39.7345352172852
315,35,31.1802940368652
316,35,20.6855583190918
317,35,14.0147361755371
318,35,14.0779638290405
319,35,15.6402740478516
320,35,16.0074901580811
321,35,19.5309829711914
322,35,17.9539566040039
323,35,19.2969074249268
324,35,21.7729549407959
325,35,22.6596412658691
326,35,23.7085781097412
327,35,22.8163890838623
328,35,23.2982597351074
329,35,17.7558784484863
330,35,18.5906772613525
331,35,16.5770492553711
332,35,14.5524482727051
333,35,13.0345296859741
334,35,11.5563764572144
335,35,12.8706846237183
336,35,12.3828897476196
337,35,11.3132944107056
338,35,9.3630838394165
339,35,7.8619236946106
340,35,8.07649993896484
341,35,9.54874420166016
342,35,10.4842138290405
343,35,11.3990077972412
344,35,13.1353158950806
345,35,9.24646949768066
346,35,7.99035692214966
347,35,7.99928283691406
348,35,8.84325981140137
349,35,9.47486305236816
350,35,13.6873474121094
351,35,11.2384815216064
352,35,10.4609756469727
353,35,10.427191734314
354,35,8.63355827331543
355,35,8.43875312805176
356,35,6.77209949493408
357,35,7.16325950622559
358,35,8.26948165893555
359,35,7.72797155380249
1,36,6.3524661064148
2,36,6.37841653823853
3,36,7.28218793869019
4,36,7.1657657623291
5,36,6.76842403411865
6,36,6.34629583358765
17,36,6.11665630340576
19,36,6.67609977722168
20,36,6.25558423995972
27,36,6.87180662155151
28,36,8.60437965393066
29,36,9.10128116607666
30,36,9.57732677459717
31,36,8.83235836029053
32,36,6.81465148925781
33,36,6.29502010345459
36,36,6.47221517562866
37,36,8.00769424438477
41,36,7.80372095108032
42,36,9.07860469818115
43,36,12.778094291687
44,36,19.8336868286133
45,36,22.1862125396729
46,36,24.2044258117676
47,36,27.7002010345459
48,36,29.4440536499023
49,36,32.7939109802246
50,36,26.0472412109375
51,36,24.5638484954834
52,36,27.0056381225586
53,36,31.5723133087158
54,36,47.2196273803711
55,36,50.0529441833496
56,36,39.7881050109863
57,36,28.3583374023438
58,36,30.7967052459717
59,36,43.7928352355957
60,36,49.4090614318848
61,36,36.4179649353027
62,36,31.9291191101074
63,36,41.9877243041992
64,36,57.2621421813965
65,36,80.0166397094727
66,36,134.951171875
67,36,91.3635406494141
68,36,89.9110336303711
69,36,81.8581085205078
70,36,79.6220245361328
71,36,88.8508224487305
72,36,93.2526168823242
73,36,93.2403717041016
74,36,80.5685043334961
75,36,75.1075897216797
76,36,82.0892639160156
77,36,100.042625427246
78,36,112.793403625488
79,36,95.3528366088867
80,36,117.174812316895
81,36,136.042922973633
82,36,82.744857788086
83,36,100.033409118652
84,36,216.939056396484
85,36,539.440795898438
86,36,74.0085983276367
87,36,74.8088607788086
88,36,70.5909423828125
89,36,57.9686546325684
90,36,48.9911499023438
91,36,40.5343208312988
92,36,35.5813331604004
93,36,32.6455078125
94,36,35.1838455200195
95,36,33.6325569152832
96,36,27.5685214996338
97,36,21.0433406829834
98,36,15.6404342651367
99,36,14.2041673660278
100,36,14.8404312133789
101,36,14.5051536560059
102,36,11.3167209625244
103,36,10.379186630249
104,36,8.47451400756836
105,36,7.46101760864258
106,36,6.26991176605225
108,36,6.38438987731934
115,36,7.20124959945679
116,36,7.28687143325806
124,36,6.4761552810669
125,36,6.3434157371521
278,36,6.33425235748291
280,36,8.08899211883545
281,36,9.50410270690918
282,36,7.24009132385254
283,36,9.01720905303955
284,36,8.16390800476074
285,36,8.16353225708008
286,36,10.6243743896484
287,36,10.7428531646729
288,36,11.0159883499146
289,36,11.7099103927612
290,36,13.1905555725098
291,36,13.1237640380859
292,36,11.8624382019043
293,36,11.9302768707275
294,36,20.2991065979004
295,36,32.7911033630371
296,36,34.6774635314941
297,36,46.5353088378906
298,36,52.3670196533203
299,36,92.063117980957
300,36,126.112678527832
301,36,202.600036621094
302,36,251.095123291016
303,36,351.197937011719
304,36,346.375335693359
305,36,334.007873535156
306,36,318.304534912109
307,36,258.638153076172
308,36,181.045989990234
309,36,148.389114379883
310,36,120.885833740234
311,36,62.5056915283203
312,36,50.7376098632813
313,36,41.1381072998047
314,36,36.4434509277344
315,36,34.7803039550781
316,36,20.1573333740234
317,36,19.7549629211426
318,36,18.7158145904541
319,36,16.7237434387207
320,36,19.1140041351318
321,36,20.0910148620605
322,36,20.5706348419189
323,36,22.420726776123
324,36,21.5054931640625
325,36,22.36940574646
326,36,21.824764251709
327,36,25.2486457824707
328,36,20.4933662414551
329,36,16.3650875091553
330,36,16.2407302856445
331,36,15.7484197616577
332,36,13.8804626464844
333,36,14.4691829681397
334,36,12.8852195739746
335,36,11.9624366760254
336,36,10.8818836212158
337,36,11.752986907959
338,36,15.2998743057251
339,36,13.4466962814331
340,36,14.3540172576904
341,36,17.4957141876221
342,36,12.9760541915894
343,36,11.8358707427979
344,36,11.2268180847168
345,36,8.72446346282959
346,36,8.4328727722168
347,36,10.533353805542
348,36,9.71269416809082
349,36,10.3860416412354
350,36,9.26188278198242
351,36,9.7189302444458
352,36,10.8764772415161
353,36,12.6411027908325
354,36,10.8920831680298
355,36,9.59226608276367
356,36,10.3874349594116
357,36,10.13023853302
358,36,12.7298440933228
359,36,12.908860206604
1,37,7.61581230163574
2,37,8.52166366577148
3,37,9.15503883361816
4,37,6.70798444747925
5,37,6.91876840591431
16,37,6.2438530921936
17,37,6.82707071304321
18,37,6.363205909729
19,37,6.08066606521606
28,37,7.00259971618652
41,37,6.99878120422363
42,37,7.6749119758606
43,37,9.93067169189453
44,37,10.6079511642456
45,37,14.6225843429565
46,37,18.154369354248
47,37,21.7944431304932
48,37,29.6256294250488
49,37,36.0652656555176
50,37,39.1071014404297
51,37,45.1895637512207
52,37,51.4453620910645
53,37,60.9830093383789
54,37,47.9633331298828
55,37,48.1795272827149
56,37,41.7807922363281
57,37,52.8498458862305
58,37,98.708122253418
59,37,81.3268127441406
60,37,41.0833549499512
61,37,38.1357040405273
62,37,46.0748291015625
63,37,70.5860900878906
64,37,118.36304473877
65,37,140.311828613281
66,37,130.284530639648
67,37,113.277030944824
68,37,105.057487487793
69,37,95.6623153686524
70,37,102.4375
71,37,95.6755447387695
72,37,103.603897094727
73,37,95.9801635742187
74,37,87.8748626708985
75,37,84.2043762207031
76,37,95.9857559204102
77,37,157.831756591797
78,37,106.400085449219
79,37,89.7649841308594
80,37,105.91877746582
81,37,130.44953918457
82,37,144.964767456055
83,37,139.036895751953
84,37,121.386848449707
85,37,105.88850402832
86,37,72.6383056640625
87,37,63.9165344238281
88,37,56.4642944335938
89,37,56.470344543457
90,37,43.7581100463867
91,37,37.3413543701172
92,37,31.1589908599854
93,37,30.6336555480957
94,37,32.7121391296387
95,37,25.9073448181152
96,37,19.5580291748047
97,37,16.7380104064941
98,37,14.1398487091064
99,37,18.0670680999756
100,37,14.8544483184814
101,37,13.5541973114014
102,37,9.29188537597656
103,37,9.2990608215332
104,37,9.72085857391357
105,37,9.32646942138672
106,37,7.27138042449951
107,37,6.13210916519165
108,37,7.23090934753418
109,37,7.83714199066162
115,37,7.04656744003296
116,37,10.7238759994507
121,37,7.32654714584351
278,37,6.56203079223633
280,37,6.95412921905518
281,37,6.82310962677002
282,37,7.89721965789795
283,37,9.53787422180176
284,37,10.202127456665
285,37,10.8312168121338
286,37,13.8186540603638
287,37,14.332540512085
288,37,12.435471534729
289,37,13.5138902664185
290,37,17.1898937225342
291,37,18.2540550231934
292,37,17.0749397277832
293,37,19.3301734924316
294,37,23.8103427886963
295,37,29.7332267761231
296,37,36.0266036987305
297,37,34.7788581848145
298,37,37.1364479064941
299,37,55.0372428894043
300,37,91.7501831054688
301,37,217.705184936523
302,37,197.602493286133
303,37,236.750885009766
304,37,310.861114501953
305,37,480.092254638672
306,37,411.225738525391
307,37,380.994873046875
308,37,261.605010986328
309,37,216.90788269043
310,37,168.919723510742
311,37,103.540252685547
312,37,72.6623916625977
313,37,54.0841293334961
314,37,57.6691513061524
315,37,34.1933670043945
316,37,34.0332870483398
317,37,29.4827861785889
318,37,20.0537872314453
319,37,17.3371143341064
320,37,18.663875579834
321,37,24.0709228515625
322,37,26.6205272674561
323,37,22.8730735778809
324,37,28.4316101074219
325,37,25.174596786499
326,37,25.1727390289307
327,37,24.0810947418213
328,37,24.1524353027344
329,37,17.5495052337646
330,37,14.8460845947266
331,37,13.6859378814697
332,37,16.865062713623
333,37,15.7675323486328
334,37,14.3508167266846
335,37,11.8403587341309
336,37,11.2133255004883
337,37,11.2889137268066
338,37,13.5919198989868
339,37,16.5527153015137
340,37,17.1458549499512
341,37,17.4428558349609
342,37,12.9357051849365
343,37,15.194483757019
344,37,15.7041893005371
345,37,13.9583234786987
346,37,15.8860244750977
347,37,13.8976497650146
348,37,15.4252614974976
349,37,13.9191112518311
350,37,13.2522411346436
351,37,14.0330600738525
352,37,14.7892370223999
353,37,16.8934688568115
354,37,15.5978775024414
355,37,15.4730081558228
356,37,15.7545518875122
357,37,14.0484142303467
358,37,12.1968698501587
359,37,10.7087202072144
1,38,9.26707172393799
2,38,10.1944818496704
3,38,9.34081363677979
4,38,6.81275033950806
5,38,6.62542676925659
6,38,6.63244199752808
7,38,6.4110689163208
8,38,6.28087091445923
16,38,6.1662449836731
41,38,6.74427127838135
42,38,8.33741188049316
43,38,8.43689441680908
44,38,10.1796245574951
45,38,13.1589736938477
46,38,18.005786895752
47,38,18.8844757080078
48,38,32.1088676452637
49,38,31.228982925415
50,38,21.0226993560791
51,38,22.7077255249023
52,38,32.253849029541
53,38,39.2283935546875
54,38,30.4802856445313
55,38,34.5155868530273
56,38,59.6280136108399
57,38,109.505325317383
58,38,85.1161346435547
59,38,74.9049835205078
60,38,92.5240173339844
61,38,95.1066207885742
62,38,138.087432861328
63,38,157.649032592773
64,38,157.172088623047
65,38,126.130157470703
66,38,98.8684387207031
67,38,81.4525756835938
68,38,110.249053955078
69,38,128.808547973633
70,38,91.3841247558594
71,38,81.6591949462891
72,38,87.6077194213867
73,38,88.0140228271485
74,38,84.1668472290039
75,38,113.596969604492
76,38,117.579772949219
77,38,121.192398071289
78,38,86.4799270629883
79,38,102.021514892578
80,38,103.165138244629
81,38,112.448471069336
82,38,137.816909790039
83,38,136.473602294922
84,38,88.616828918457
85,38,74.6069946289063
86,38,59.6824378967285
87,38,62.2720565795899
88,38,59.9324913024902
89,38,48.5930099487305
90,38,39.7566032409668
91,38,30.1050491333008
92,38,26.1917896270752
93,38,29.4199142456055
94,38,25.9985752105713
95,38,21.1801719665527
96,38,20.5243396759033
97,38,19.062427520752
98,38,17.9566535949707
99,38,16.6959552764893
100,38,14.5606164932251
101,38,13.1812753677368
102,38,10.9201641082764
103,38,11.2433376312256
104,38,12.2890043258667
105,38,10.9108467102051
106,38,7.39342880249023
109,38,6.9460334777832
114,38,6.27826166152954
279,38,6.07080554962158
280,38,6.73004150390625
281,38,7.37847757339478
282,38,7.03315544128418
283,38,8.32019424438477
284,38,8.69349193572998
285,38,10.6871213912964
286,38,12.2911977767944
287,38,15.6184644699097
288,38,15.0847606658936
289,38,13.5011835098267
290,38,14.3828620910645
291,38,14.8100070953369
292,38,17.3550510406494
293,38,21.5815238952637
294,38,19.3225002288818
295,38,20.7613506317139
296,38,32.3125343322754
297,38,29.7766208648682
298,38,35.5695419311523
299,38,60.7002105712891
300,38,94.5725555419922
301,38,122.603866577148
302,38,208.054595947266
303,38,254.799331665039
304,38,275.914794921875
305,38,339.388305664063
306,38,296.682037353516
307,38,359.622314453125
308,38,407.517974853516
309,38,373.581970214844
310,38,229.485488891602
311,38,135.013061523438
312,38,95.0395278930664
313,38,86.9000091552734
314,38,77.5122375488281
315,38,48.6647491455078
316,38,42.4327850341797
317,38,35.6438217163086
318,38,32.9287185668945
319,38,21.1719226837158
320,38,23.5210380554199
321,38,22.6393814086914
322,38,23.1828231811523
323,38,28.5144824981689
324,38,25.9571228027344
325,38,28.7753868103027
326,38,30.8689231872559
327,38,32.6531600952148
328,38,42.6073760986328
329,38,26.9029350280762
330,38,16.2300624847412
331,38,12.0657119750977
332,38,12.0841732025146
333,38,13.7392139434814
334,38,12.965518951416
335,38,12.326021194458
336,38,11.495756149292
337,38,12.4362936019897
338,38,11.7220163345337
339,38,12.4359683990479
340,38,11.8020458221436
341,38,12.6266107559204
342,38,14.8326320648193
343,38,15.2042818069458
344,38,14.2427539825439
345,38,17.0918350219727
346,38,18.0623054504395
347,38,17.8032321929932
348,38,15.1766262054443
349,38,14.0304050445557
350,38,12.9363069534302
351,38,16.5686454772949
352,38,19.7691993713379
353,38,17.3268051147461
354,38,15.4423732757568
355,38,13.061710357666
356,38,15.8280124664307
357,38,15.7363376617432
358,38,13.3755960464478
359,38,11.7607889175415
1,39,9.86818885803223
2,39,8.16781425476074
3,39,8.10445785522461
4,39,7.49327278137207
5,39,8.50126266479492
6,39,6.71786785125732
21,39,6.04962158203125
22,39,6.20748472213745
23,39,6.67377710342407
24,39,6.46635055541992
33,39,6.10187673568726
38,39,6.20266437530518
39,39,6.05438375473023
40,39,6.3275260925293
41,39,8.72761917114258
42,39,8.97481346130371
43,39,9.00928115844727
44,39,9.15943336486816
45,39,11.660005569458
46,39,16.5987720489502
47,39,17.8992443084717
48,39,21.9226303100586
49,39,21.0417556762695
50,39,19.9658489227295
51,39,19.2208938598633
52,39,17.4072570800781
53,39,18.9124851226807
54,39,18.6445808410645
55,39,27.7130546569824
56,39,55.5071678161621
57,39,85.5904998779297
58,39,85.9669036865235
59,39,106.395118713379
60,39,90.9316711425781
61,39,98.1439971923828
62,39,111.954223632813
63,39,117.683387756348
64,39,89.1984024047852
65,39,99.2820205688477
66,39,80.0803146362305
67,39,71.2685317993164
68,39,88.0979919433594
69,39,89.0025863647461
70,39,71.3730621337891
71,39,81.8474884033203
72,39,82.3861541748047
73,39,77.9044342041016
74,39,87.9602661132813
75,39,115.315567016602
76,39,86.3048782348633
77,39,80.7454681396484
78,39,92.5624313354492
79,39,138.476379394531
80,39,80.0967102050781
81,39,103.029113769531
82,39,107.824897766113
83,39,86.6056594848633
84,39,78.2927322387695
85,39,67.0534515380859
86,39,49.1506881713867
87,39,46.264533996582
88,39,51.0171546936035
89,39,64.2860412597656
90,39,44.5085906982422
91,39,28.9046039581299
92,39,25.2658004760742
93,39,26.7628421783447
94,39,22.881010055542
95,39,20.7201843261719
96,39,18.4928321838379
97,39,15.2294721603394
98,39,14.7604913711548
99,39,13.9123773574829
100,39,14.0430126190186
101,39,12.5256271362305
102,39,11.2503986358643
103,39,10.27903175354
104,39,11.0819578170776
105,39,8.76201057434082
106,39,8.42960643768311
109,39,6.5226321220398
110,39,6.13094615936279
111,39,6.55533933639526
112,39,6.15629053115845
279,39,6.38939237594605
280,39,9.21041584014893
281,39,10.1379175186157
282,39,9.85993194580078
283,39,8.01651859283447
284,39,11.5483894348145
285,39,13.5765695571899
286,39,17.1702365875244
287,39,19.5264053344727
288,39,14.1489763259888
289,39,14.7230777740479
290,39,13.6563053131104
291,39,15.3579368591309
292,39,14.3227996826172
293,39,18.263916015625
294,39,23.0738124847412
295,39,20.0692882537842
296,39,25.9754638671875
297,39,34.5545845031738
298,39,37.9625244140625
299,39,43.7877388000488
300,39,64.9248962402344
301,39,111.290344238281
302,39,166.652191162109
303,39,215.398864746094
304,39,239.616683959961
305,39,388.131378173828
306,39,312.001403808594
307,39,665.673767089844
308,39,661.724731445313
309,39,483.478546142578
310,39,318.094665527344
311,39,220.511734008789
312,39,130.166015625
313,39,91.635368347168
314,39,72.7551574707031
315,39,83.6013641357422
316,39,55.5010299682617
317,39,54.0157852172852
318,39,57.0484352111816
319,39,39.0335655212402
320,39,28.9672470092773
321,39,29.40185546875
322,39,28.0685958862305
323,39,32.2130813598633
324,39,28.2541542053223
325,39,36.3910751342773
326,39,36.9012031555176
327,39,36.6693115234375
328,39,34.9726486206055
329,39,24.7649307250977
330,39,20.0191955566406
331,39,18.8147716522217
332,39,14.238579750061
333,39,14.2337341308594
334,39,14.3590841293335
335,39,12.6306047439575
336,39,12.4846611022949
337,39,13.3566427230835
338,39,14.4103527069092
339,39,16.3258514404297
340,39,13.2111778259277
341,39,14.3563470840454
342,39,13.832013130188
343,39,14.5643129348755
344,39,16.8326892852783
345,39,12.5486936569214
346,39,12.5176162719727
347,39,13.5408582687378
348,39,14.3267040252686
349,39,12.6917781829834
350,39,14.1837358474731
351,39,15.3860034942627
352,39,12.5743064880371
353,39,10.959831237793
354,39,10.9685010910034
355,39,10.0194244384766
356,39,12.0473003387451
357,39,13.6959829330444
358,39,13.6974143981934
359,39,12.4726896286011
1,40,8.25556945800781
2,40,7.49707126617432
3,40,8.31716823577881
4,40,7.81141376495361
5,40,6.3923282623291
6,40,6.33952617645264
7,40,6.27135276794434
8,40,6.46055459976196
9,40,10.2951202392578
10,40,9.15637016296387
11,40,6.58976745605469
20,40,6.05796432495117
21,40,6.10642957687378
22,40,6.64829540252686
30,40,6.70735931396484
31,40,6.78595447540283
38,40,6.10663318634033
39,40,6.46680498123169
40,40,7.91873264312744
41,40,8.14674854278565
42,40,9.59466552734375
43,40,9.8736400604248
44,40,13.080997467041
45,40,14.484935760498
46,40,16.0095806121826
47,40,22.0152454376221
48,40,20.8837051391602
49,40,16.1880130767822
50,40,16.9034233093262
51,40,17.6276950836182
52,40,18.9409732818604
53,40,18.538257598877
54,40,21.5683097839355
55,40,27.9184341430664
56,40,51.2613372802734
57,40,66.3328552246094
58,40,78.1399688720703
59,40,84.9579467773438
60,40,91.9926528930664
61,40,119.065269470215
62,40,107.91983795166
63,40,77.3347473144531
64,40,73.7790603637695
65,40,70.9825592041016
66,40,62.1337966918945
67,40,68.3556137084961
68,40,78.7247467041016
69,40,67.0984878540039
70,40,58.975399017334
71,40,55.5579071044922
72,40,60.2923736572266
73,40,74.5040512084961
74,40,79.6744232177734
75,40,69.5489273071289
76,40,61.7428359985352
77,40,67.3569183349609
78,40,75.6428680419922
79,40,68.3592529296875
80,40,76.1222915649414
81,40,82.3499984741211
82,40,85.1012802124023
83,40,58.3062133789063
84,40,58.5500106811524
85,40,51.5594253540039
86,40,42.1773986816406
87,40,37.8654098510742
88,40,41.5584487915039
89,40,51.3558692932129
90,40,37.8849601745605
91,40,34.0135040283203
92,40,27.3404121398926
93,40,19.8103179931641
94,40,19.4773712158203
95,40,19.4305934906006
96,40,17.7534999847412
97,40,16.4991474151611
98,40,15.0133953094482
99,40,13.1092720031738
100,40,13.5993375778198
101,40,14.1443586349487
102,40,11.0102691650391
103,40,8.51544570922852
104,40,8.52937889099121
105,40,8.14567947387695
106,40,6.70195865631104
107,40,6.40211820602417
108,40,6.81153202056885
109,40,6.04429912567139
277,40,6.11201095581055
278,40,6.864914894104
279,40,6.35373163223267
280,40,7.43433523178101
281,40,8.64260673522949
282,40,11.3904466629028
283,40,13.0458250045776
284,40,13.477087020874
285,40,18.7673473358154
286,40,18.9263935089111
287,40,13.9114475250244
288,40,12.0066232681274
289,40,12.6483221054077
290,40,10.7299327850342
291,40,12.716157913208
292,40,16.5540447235107
293,40,16.3560981750488
294,40,18.5483570098877
295,40,22.686559677124
296,40,35.9567642211914
297,40,54.4523010253906
298,40,37.9319458007813
299,40,35.6614685058594
300,40,59.402156829834
301,40,85.6871643066406
302,40,135.3857421875
303,40,173.296981811523
304,40,251.329620361328
305,40,636.693115234375
306,40,757.509338378906
307,40,566.684448242188
308,40,475.343170166016
309,40,388.278259277344
310,40,303.878112792969
311,40,191.782119750977
312,40,141.625457763672
313,40,114.711624145508
314,40,105.957511901855
315,40,112.345092773438
316,40,98.8313751220703
317,40,76.1082000732422
318,40,65.4994888305664
319,40,54.5472373962402
320,40,59.1402359008789
321,40,56.1749572753906
322,40,58.2959594726563
323,40,41.9834632873535
324,40,33.4876670837402
325,40,38.2572174072266
326,40,39.8945770263672
327,40,48.1782608032227
328,40,36.5697975158691
329,40,28.2691307067871
330,40,24.619026184082
331,40,20.3332748413086
332,40,15.9924831390381
333,40,16.1807136535645
334,40,14.9596061706543
335,40,16.1668853759766
336,40,16.0417594909668
337,40,20.7698421478272
338,40,19.4742813110352
339,40,19.5902118682861
340,40,17.9155769348145
341,40,14.7487363815308
342,40,15.3833656311035
343,40,14.6369762420654
344,40,12.7794990539551
345,40,12.9166173934937
346,40,12.8691501617432
347,40,11.2904491424561
348,40,11.3229885101318
349,40,12.2258758544922
350,40,12.0555582046509
351,40,13.5582904815674
352,40,15.3187074661255
353,40,13.5395202636719
354,40,11.4251747131348
355,40,11.8778800964355
356,40,11.2514839172363
357,40,11.7786636352539
358,40,11.9849472045898
359,40,13.0897741317749
1,41,7.9587254524231
2,41,6.95747518539429
3,41,6.8222451210022
4,41,6.56097650527954
5,41,6.36462068557739
6,41,7.61613941192627
7,41,6.78739929199219
8,41,6.78111410140991
9,41,7.88651514053345
10,41,31.1453247070313
11,41,8.50430107116699
12,41,6.12943553924561
13,41,6.73209381103516
16,41,6.36523246765137
17,41,6.59925317764282
18,41,6.22850465774536
20,41,6.24428081512451
21,41,6.46109580993652
23,41,6.29494762420654
24,41,6.5811710357666
29,41,7.00898027420044
30,41,8.14828395843506
31,41,7.31332302093506
32,41,7.01986789703369
37,41,6.06741333007813
38,41,6.4523515701294
39,41,7.11606979370117
40,41,8.7785701751709
41,41,8.77981948852539
42,41,9.42296028137207
43,41,10.1735744476318
44,41,11.4378890991211
45,41,13.8273153305054
46,41,16.2419700622559
47,41,13.6881408691406
48,41,14.4989280700684
49,41,16.1807880401611
50,41,18.5506153106689
51,41,20.5344467163086
52,41,25.487979888916
53,41,25.4258632659912
54,41,25.1296539306641
55,41,31.6944694519043
56,41,42.887149810791
57,41,59.7826080322266
58,41,87.3701248168945
59,41,99.1494598388672
60,41,99.4906463623047
61,41,84.0569839477539
62,41,74.9925231933594
63,41,68.7211303710938
64,41,71.5464935302734
65,41,61.8183822631836
66,41,58.8083229064942
67,41,57.2732162475586
68,41,53.5133857727051
69,41,59.1015701293945
70,41,57.5654945373535
71,41,54.9021720886231
72,41,62.0245323181152
73,41,79.1563873291016
74,41,72.5708923339844
75,41,59.4668502807617
76,41,56.0829734802246
77,41,49.5800170898438
78,41,60.0312309265137
79,41,77.6765747070313
80,41,87.6184539794922
81,41,70.1667251586914
82,41,63.2702751159668
83,41,50.9346008300781
84,41,44.0934448242188
85,41,44.4031372070313
86,41,40.0272483825684
87,41,34.683219909668
88,41,35.5256652832031
89,41,34.7281494140625
90,41,36.5158309936523
91,41,34.1152458190918
92,41,26.5169525146484
93,41,19.9691257476807
94,41,17.2627944946289
95,41,17.4597053527832
96,41,18.6960105895996
97,41,18.3932914733887
98,41,14.8961715698242
99,41,15.3706665039063
100,41,16.5386180877686
101,41,14.3779392242432
102,41,10.8650693893433
103,41,8.77387619018555
104,41,8.87888526916504
105,41,8.105881690979
106,41,6.54339694976807
107,41,6.90928745269775
108,41,6.17846250534058
109,41,6.2855396270752
110,41,6.63256072998047
111,41,6.22833871841431
112,41,6.21485090255737
276,41,7.67943620681763
277,41,8.70084476470947
278,41,6.73610591888428
279,41,7.17570686340332
280,41,6.37907361984253
281,41,9.98815822601318
282,41,11.3917827606201
283,41,11.9309959411621
284,41,13.2476062774658
285,41,11.3489246368408
286,41,10.5894622802734
287,41,11.1294565200806
288,41,9.87072563171387
289,41,10.583685874939
290,41,9.47509288787842
291,41,11.3410205841064
292,41,14.4198083877563
293,41,16.0026741027832
294,41,17.5578689575195
295,41,24.0935440063477
296,41,32.5558547973633
297,41,43.8069305419922
298,41,34.4017562866211
299,41,36.3018455505371
300,41,67.2002182006836
301,41,64.7313385009766
302,41,78.9306030273438
303,41,152.138549804688
304,41,318.31298828125
305,41,366.993347167969
306,41,429.011779785156
307,41,577.863037109375
308,41,580.726501464844
309,41,387.687683105469
310,41,432.576477050781
311,41,235.334045410156
312,41,225.799499511719
313,41,293.369903564453
314,41,188.778137207031
315,41,149.682922363281
316,41,116.749389648438
317,41,111.469818115234
318,41,88.440788269043
319,41,60.0226669311524
320,41,53.4882659912109
321,41,57.1569137573242
322,41,45.6715354919434
323,41,44.0705184936523
324,41,41.0943183898926
325,41,42.6367149353027
326,41,42.8674163818359
327,41,41.9045791625977
328,41,37.894905090332
329,41,25.5018196105957
330,41,23.1882209777832
331,41,23.3969230651856
332,41,22.9614086151123
333,41,17.009937286377
334,41,18.0825862884522
335,41,14.996826171875
336,41,19.6673889160156
337,41,21.0779857635498
338,41,19.3978309631348
339,41,22.9897041320801
340,41,24.1807746887207
341,41,23.0225887298584
342,41,23.2575798034668
343,41,19.4647846221924
344,41,14.8319358825684
345,41,11.8269014358521
346,41,13.3416166305542
347,41,16.08762550354
348,41,13.4725255966187
349,41,11.2192192077637
350,41,12.1633796691895
351,41,13.9619722366333
352,41,14.7095985412598
353,41,13.9772481918335
354,41,13.5212383270264
355,41,14.3268327713013
356,41,13.9276361465454
357,41,11.5756616592407
358,41,10.5167217254639
359,41,10.1894731521606
1,42,7.58235359191895
2,42,6.30209541320801
3,42,7.41875553131104
4,42,7.49759578704834
5,42,6.83359384536743
6,42,7.28005695343018
7,42,6.91396236419678
8,42,6.33940839767456
9,42,6.40572309494019
10,42,8.5185079574585
11,42,9.82075977325439
12,42,7.68830680847168
13,42,9.11922073364258
14,42,8.16013908386231
15,42,7.98192119598389
16,42,8.17391395568848
17,42,7.21950626373291
18,42,8.59238529205322
19,42,7.13467884063721
21,42,6.50696182250977
23,42,6.77415895462036
24,42,6.58117246627808
28,42,6.27568531036377
29,42,8.58444786071777
30,42,8.72984123229981
31,42,7.75964736938477
32,42,7.21692276000977
33,42,6.53339290618897
34,42,6.60827302932739
35,42,6.29450654983521
36,42,6.75716686248779
37,42,7.17680978775024
38,42,8.00739860534668
39,42,7.63225841522217
40,42,8.82418823242188
41,42,9.18205642700195
42,42,8.5878791809082
43,42,11.200813293457
44,42,12.7743301391602
45,42,13.6522026062012
46,42,18.943042755127
47,42,17.9228477478027
48,42,16.4871711730957
49,42,17.5051231384277
50,42,25.2698402404785
51,42,28.2058429718018
52,42,25.6737861633301
53,42,25.0275592803955
54,42,28.181755065918
55,42,34.6004180908203
56,42,39.4832611083984
57,42,51.0267753601074
58,42,56.944450378418
59,42,55.954761505127
60,42,59.4482688903809
61,42,60.2756042480469
62,42,64.9716491699219
63,42,79.145637512207
64,42,71.2249603271484
65,42,63.5886154174805
66,42,65.2717895507813
67,42,62.3350296020508
68,42,58.8338928222656
69,42,71.7953338623047
70,42,69.6020965576172
71,42,68.357536315918
72,42,69.0647811889649
73,42,69.2994232177734
74,42,59.7418365478516
75,42,57.7266235351563
76,42,52.9820518493652
77,42,53.3132629394531
78,42,67.3934631347656
79,42,75.0776824951172
80,42,73.8257064819336
81,42,67.4886093139649
82,42,87.0525054931641
83,42,52.5576515197754
84,42,38.3561019897461
85,42,42.5388450622559
86,42,38.6217269897461
87,42,31.9455070495606
88,42,29.1616115570068
89,42,28.8916511535645
90,42,25.252498626709
91,42,23.6283073425293
92,42,21.7479972839356
93,42,16.8884544372559
94,42,12.719259262085
95,42,14.1962985992432
96,42,14.7015237808228
97,42,14.5990123748779
98,42,15.489541053772
99,42,14.2576675415039
100,42,14.1033725738525
101,42,14.1617546081543
102,42,12.8191108703613
103,42,10.8862247467041
104,42,9.99512672424316
105,42,9.26561164855957
106,42,8.0015811920166
107,42,6.93958282470703
108,42,7.00825500488281
109,42,8.05984973907471
110,42,7.5251727104187
111,42,8.68128490447998
275,42,6.49630069732666
276,42,7.99636363983154
277,42,6.29604578018189
278,42,6.16762447357178
279,42,6.90961933135986
280,42,7.49090671539307
281,42,8.47764396667481
282,42,10.3004503250122
283,42,11.1759014129639
284,42,9.04795837402344
285,42,8.54311084747315
286,42,9.37342548370361
287,42,10.5451240539551
288,42,10.2362499237061
289,42,8.80928039550781
290,42,8.96831798553467
291,42,10.8369359970093
292,42,11.5728034973145
293,42,13.4827270507813
294,42,14.1123495101929
295,42,21.1046581268311
296,42,27.242115020752
297,42,38.4810676574707
298,42,30.6764621734619
299,42,41.7389373779297
300,42,70.3871917724609
301,42,78.6125640869141
302,42,103.841506958008
303,42,267.807769775391
304,42,417.303161621094
305,42,393.324371337891
306,42,494.01025390625
307,42,487.223327636719
308,42,668.423583984375
309,42,1021.56188964844
310,42,536.921813964844
311,42,291.837097167969
312,42,323.65771484375
313,42,296.484680175781
314,42,247.277267456055
315,42,159.862533569336
316,42,120.873825073242
317,42,119.410797119141
318,42,100.320640563965
319,42,87.2786102294922
320,42,63.6192016601563
321,42,56.3025131225586
322,42,47.4294738769531
323,42,62.1497993469238
324,42,44.1949310302734
325,42,51.2274856567383
326,42,54.9648742675781
327,42,35.5731735229492
328,42,28.9116554260254
329,42,29.1824798583984
330,42,32.3120651245117
331,42,28.2512969970703
332,42,22.2586879730225
333,42,20.3183841705322
334,42,18.4922924041748
335,42,25.2045631408691
336,42,16.3938961029053
337,42,14.3826532363892
338,42,16.3968315124512
339,42,19.5807342529297
340,42,21.4811744689941
341,42,23.7297706604004
342,42,25.7730693817139
343,42,32.3755798339844
344,42,17.9991607666016
345,42,23.3990726470947
346,42,16.524227142334
347,42,15.1281147003174
348,42,14.294397354126
349,42,15.9310970306397
350,42,17.5622406005859
351,42,13.3706893920898
352,42,11.6263179779053
353,42,16.1621246337891
354,42,14.0662498474121
355,42,15.3022384643555
356,42,14.6418418884277
357,42,10.4866762161255
358,42,10.0518598556519
359,42,9.64033508300781
1,43,8.12987232208252
2,43,7.41827154159546
3,43,7.52554416656494
4,43,6.8371524810791
5,43,7.44000053405762
6,43,7.1288743019104
7,43,7.98087882995606
8,43,6.70273780822754
9,43,7.08482313156128
10,43,8.02200317382813
11,43,8.00353527069092
12,43,8.2000904083252
13,43,8.81496143341065
14,43,9.02532958984375
15,43,7.73328971862793
16,43,7.89647245407105
17,43,6.92709684371948
18,43,7.0975546836853
19,43,7.07709932327271
20,43,6.50229454040527
22,43,7.59014415740967
23,43,6.772292137146
24,43,8.34530067443848
25,43,7.67791700363159
26,43,6.55552625656128
27,43,6.28193855285645
28,43,6.94199323654175
29,43,9.46957206726074
30,43,7.83065986633301
31,43,7.26855993270874
32,43,8.4142951965332
33,43,9.63100719451904
34,43,9.22200202941895
35,43,8.2164478302002
36,43,8.18731498718262
37,43,7.83441066741943
38,43,8.51791381835938
39,43,10.7579479217529
40,43,10.9364461898804
41,43,9.24888229370117
42,43,10.4729099273682
43,43,14.125301361084
44,43,15.7351818084717
45,43,16.5914306640625
46,43,17.8175411224365
47,43,22.8896389007568
48,43,20.2701988220215
49,43,19.6915168762207
50,43,24.8887138366699
51,43,25.898365020752
52,43,28.0934677124023
53,43,29.2595157623291
54,43,35.7014770507813
55,43,46.6816444396973
56,43,53.6155853271484
57,43,55.1329231262207
58,43,50.2183532714844
59,43,46.6729354858398
60,43,45.2811813354492
61,43,46.7205963134766
62,43,55.8453598022461
63,43,71.3600158691406
64,43,76.0404739379883
65,43,66.860481262207
66,43,76.9563598632813
67,43,78.613151550293
68,43,74.4631271362305
69,43,85.8110046386719
70,43,94.5102310180664
71,43,67.6776123046875
72,43,64.5071105957031
73,43,58.5854034423828
74,43,65.4343414306641
75,43,58.1665458679199
76,43,65.2467651367188
77,43,66.7447814941406
78,43,64.0392913818359
79,43,66.077262878418
80,43,67.9731292724609
81,43,67.1708755493164
82,43,55.3842620849609
83,43,50.3782501220703
84,43,45.7185707092285
85,43,45.2247543334961
86,43,37.3290367126465
87,43,30.633996963501
88,43,27.7048797607422
89,43,25.8432083129883
90,43,25.7632541656494
91,43,25.1234607696533
92,43,20.8778247833252
93,43,15.3993272781372
94,43,14.3786640167236
95,43,13.5224151611328
96,43,14.5702362060547
97,43,15.8837070465088
98,43,15.43736743927
99,43,12.9624547958374
100,43,11.2700090408325
101,43,11.3829326629639
102,43,10.9040298461914
103,43,10.4815406799316
104,43,11.6346607208252
105,43,12.1791048049927
106,43,11.3647041320801
107,43,8.17530822753906
108,43,7.69826221466065
109,43,7.63787269592285
110,43,7.78176403045654
111,43,7.19603252410889
123,43,7.28139543533325
124,43,6.69409656524658
279,43,6.59400701522827
280,43,7.08989095687866
282,43,8.32797241210938
283,43,8.68610382080078
284,43,8.69756698608398
285,43,7.36410140991211
287,43,6.92038345336914
288,43,8.84610843658447
289,43,8.90334892272949
290,43,10.46044921875
291,43,10.7957324981689
292,43,12.3574514389038
293,43,12.2906532287598
294,43,15.007866859436
295,43,21.5459232330322
296,43,24.4612922668457
297,43,33.1087036132813
298,43,40.4558639526367
299,43,52.067813873291
300,43,103.793487548828
301,43,98.6268615722656
302,43,137.111358642578
303,43,185.063659667969
304,43,190.124725341797
305,43,259.973175048828
306,43,179.671752929688
307,43,253.526412963867
308,43,556.323852539063
309,43,395.78955078125
310,43,582.334106445313
311,43,280.328796386719
312,43,275.213928222656
313,43,243.260437011719
314,43,381.727111816406
315,43,144.629898071289
316,43,123.613983154297
317,43,96.2771453857422
318,43,82.4457244873047
319,43,82.8514785766602
320,43,71.1258697509766
321,43,43.3538360595703
322,43,32.7138175964356
323,43,53.6957206726074
324,43,73.5239334106445
325,43,54.0111923217773
326,43,45.35009765625
327,43,44.3245506286621
328,43,30.5274543762207
329,43,34.703727722168
330,43,39.5956649780273
331,43,34.1712951660156
332,43,25.3636684417725
333,43,25.2745361328125
334,43,39.1558837890625
335,43,29.0653438568115
336,43,15.2978849411011
337,43,15.1235904693604
338,43,15.9483280181885
339,43,18.3742332458496
340,43,18.8953495025635
341,43,19.8934593200684
342,43,23.699031829834
343,43,23.8225231170654
344,43,22.5972366333008
345,43,26.5285224914551
346,43,24.724178314209
347,43,21.1482086181641
348,43,24.4645862579346
349,43,26.1217422485352
350,43,22.1498146057129
351,43,18.660587310791
352,43,15.6127281188965
353,43,14.202018737793
354,43,12.5170440673828
355,43,11.7279739379883
356,43,11.5756816864014
357,43,10.7197952270508
358,43,9.0926456451416
359,43,10.2218856811523
1,44,7.73805904388428
2,44,7.86699390411377
3,44,8.30744457244873
4,44,7.86714696884155
5,44,7.35512971878052
6,44,7.14504528045654
7,44,7.27574729919434
8,44,8.04961109161377
9,44,7.10711765289307
10,44,8.35515880584717
11,44,9.36402797698975
12,44,9.73753833770752
13,44,9.34448719024658
14,44,9.87508583068848
15,44,8.44802570343018
16,44,9.64183521270752
17,44,7.43655824661255
18,44,7.72681951522827
19,44,7.14528131484985
20,44,7.29712343215942
21,44,7.72988986968994
22,44,8.89340782165527
23,44,8.69256591796875
24,44,8.56888103485107
25,44,8.0715503692627
26,44,7.35427856445313
27,44,6.6595458984375
28,44,7.03773593902588
29,44,9.26290702819824
30,44,7.57746171951294
31,44,7.60150814056397
32,44,8.66221523284912
33,44,10.3225088119507
34,44,7.96412897109985
35,44,8.54547882080078
36,44,8.59783363342285
37,44,8.63704681396484
38,44,8.43324947357178
39,44,11.2788972854614
40,44,12.9736633300781
41,44,12.716420173645
42,44,13.2682418823242
43,44,18.4716148376465
44,44,21.7886753082275
45,44,21.6936111450195
46,44,21.0799560546875
47,44,22.8890991210938
48,44,20.4258499145508
49,44,20.0234699249268
50,44,22.0703716278076
51,44,26.4970169067383
52,44,29.9456787109375
53,44,36.1619453430176
54,44,43.6467742919922
55,44,51.6996955871582
56,44,61.9751892089844
57,44,56.4780044555664
58,44,56.6826400756836
59,44,49.0197486877441
60,44,50.1560554504395
61,44,49.1601829528809
62,44,58.3793792724609
63,44,66.7179260253906
64,44,88.0251846313477
65,44,82.2748107910156
66,44,79.0765686035156
67,44,93.9484405517578
68,44,108.410934448242
69,44,108.661560058594
70,44,109.300354003906
71,44,80.1793518066406
72,44,73.2087020874024
73,44,71.2088928222656
74,44,89.3832931518555
75,44,136.262054443359
76,44,95.5475921630859
77,44,76.052131652832
78,44,67.682014465332
79,44,65.1079788208008
80,44,64.2592926025391
81,44,62.1661987304688
82,44,50.4101867675781
83,44,44.369945526123
84,44,40.7336654663086
85,44,39.3447723388672
86,44,31.8295478820801
87,44,31.2890243530273
88,44,27.5118370056152
89,44,25.1056594848633
90,44,21.8489589691162
91,44,21.2715797424316
92,44,18.2212142944336
93,44,16.1877784729004
94,44,16.9149684906006
95,44,15.7646179199219
96,44,14.0881938934326
97,44,13.9836378097534
98,44,13.8854475021362
99,44,13.6103057861328
100,44,11.3335561752319
101,44,10.3434705734253
102,44,10.2054395675659
103,44,10.4611930847168
104,44,10.8916673660278
105,44,11.7811994552612
106,44,10.3772954940796
107,44,8.8662052154541
108,44,7.52558040618897
109,44,7.94987201690674
110,44,7.962890625
111,44,8.03285217285156
112,44,6.25489711761475
123,44,6.36253070831299
124,44,7.51517152786255
272,44,7.07826328277588
280,44,6.46204090118408
282,44,6.11866474151611
283,44,7.04363822937012
284,44,7.01239728927612
285,44,6.28810024261475
287,44,8.54790592193604
288,44,9.41183090209961
289,44,9.40358448028564
290,44,11.0070381164551
291,44,15.1955814361572
292,44,13.7243595123291
293,44,14.1478729248047
294,44,15.1598014831543
295,44,19.8749828338623
296,44,21.8292484283447
297,44,29.7353954315186
298,44,40.3054580688477
299,44,54.8154029846192
300,44,81.7296829223633
301,44,111.438522338867
302,44,150.904541015625
303,44,176.046173095703
304,44,179.914581298828
305,44,219.093597412109
306,44,268.811126708984
307,44,435.485809326172
308,44,424.396667480469
309,44,394.19970703125
310,44,381.263458251953
311,44,424.015258789063
312,44,446.967102050781
313,44,541.969604492188
314,44,280.189270019531
315,44,152.554183959961
316,44,118.48023223877
317,44,91.7671203613281
318,44,76.291633605957
319,44,81.4483413696289
320,44,84.4338760375977
321,44,72.9031143188477
322,44,44.6609497070313
323,44,53.9265899658203
324,44,61.9392166137695
325,44,41.2441787719727
326,44,33.1394538879395
327,44,33.6394004821777
328,44,31.4928703308106
329,44,30.213306427002
330,44,33.4924049377441
331,44,33.8143920898438
332,44,43.3772964477539
333,44,48.2443656921387
334,44,51.0726661682129
335,44,33.0650291442871
336,44,19.0495281219482
337,44,17.5634059906006
338,44,16.84499168396
339,44,15.6813707351685
340,44,15.4262323379517
341,44,25.0068836212158
342,44,25.3303451538086
343,44,20.5362033843994
344,44,21.2030181884766
345,44,23.9915962219238
346,44,24.6846504211426
347,44,25.2565727233887
348,44,27.6363925933838
349,44,20.4243507385254
350,44,22.0749263763428
351,44,19.5833625793457
352,44,13.9661102294922
353,44,10.4946031570435
354,44,12.5948190689087
355,44,11.7619190216064
356,44,9.94524192810059
357,44,9.52326583862305
358,44,10.0065231323242
359,44,10.5802059173584
1,45,11.2889518737793
2,45,8.30242443084717
3,45,8.30710124969482
4,45,8.01057434082031
5,45,6.9355640411377
6,45,6.20131587982178
7,45,6.33687019348145
8,45,7.10744857788086
9,45,7.69594287872315
10,45,8.24190902709961
11,45,9.33420562744141
12,45,10.1325159072876
13,45,10.756628036499
14,45,11.8364562988281
15,45,11.548656463623
16,45,10.398832321167
17,45,8.48078346252441
18,45,8.44387054443359
19,45,7.18075323104858
20,45,6.98388385772705
21,45,6.76511955261231
22,45,7.9749641418457
23,45,9.16986083984375
24,45,10.0882749557495
25,45,8.8005313873291
26,45,7.98890018463135
27,45,7.52485513687134
28,45,10.718602180481
29,45,10.0136489868164
30,45,8.48253059387207
31,45,8.96339225769043
32,45,11.170880317688
33,45,9.07948875427246
34,45,8.61061668395996
35,45,9.6751594543457
36,45,9.85918140411377
37,45,10.8857746124268
38,45,10.1675662994385
39,45,10.7524833679199
40,45,13.3037242889404
41,45,16.7441272735596
42,45,22.4307193756104
43,45,30.2918205261231
44,45,28.2451133728027
45,45,28.2803573608398
46,45,29.2514896392822
47,45,26.186450958252
48,45,25.0858707427979
49,45,23.9922523498535
50,45,27.9715938568115
51,45,32.519660949707
52,45,42.6336212158203
53,45,45.9738960266113
54,45,50.7958526611328
55,45,47.2840080261231
56,45,54.3461799621582
57,45,58.3167724609375
58,45,57.0042953491211
59,45,57.0651969909668
60,45,59.0409851074219
61,45,61.4582061767578
62,45,70.5156936645508
63,45,71.5603561401367
64,45,105.879547119141
65,45,127.931465148926
66,45,115.209251403809
67,45,111.916412353516
68,45,132.483581542969
69,45,151.52685546875
70,45,137.262893676758
71,45,98.5639801025391
72,45,105.823120117188
73,45,106.295707702637
74,45,114.058776855469
75,45,119.140380859375
76,45,90.9256439208984
77,45,71.5023574829102
78,45,69.750114440918
79,45,62.2490348815918
80,45,61.4855499267578
81,45,52.4550018310547
82,45,43.0888252258301
83,45,38.8480949401855
84,45,38.4001541137695
85,45,43.0672988891602
86,45,43.5347862243652
87,45,36.2280426025391
88,45,33.6555099487305
89,45,23.6216087341309
90,45,18.4827346801758
91,45,14.5975818634033
92,45,14.707540512085
93,45,15.9300851821899
94,45,18.3294906616211
95,45,14.3097743988037
96,45,13.7262191772461
97,45,12.4352579116821
98,45,11.9243812561035
99,45,12.053092956543
100,45,12.7965116500855
101,45,11.2328948974609
102,45,10.6579284667969
103,45,10.3795127868652
104,45,11.2396259307861
105,45,10.89084815979
106,45,10.1345548629761
107,45,8.617356300354
108,45,7.89518356323242
109,45,8.97910213470459
110,45,10.8031883239746
111,45,10.5707712173462
112,45,8.21213626861572
113,45,6.67284774780273
123,45,6.16601705551148
124,45,6.46202182769775
279,45,7.16413307189941
280,45,6.59603118896484
281,45,6.08752918243408
284,45,6.06307601928711
286,45,6.40723133087158
287,45,7.76402378082275
288,45,8.61019515991211
289,45,11.3789234161377
290,45,13.3329811096191
291,45,12.7296113967896
292,45,15.2668142318726
293,45,16.9425964355469
294,45,17.0817108154297
295,45,17.9263515472412
296,45,20.0969409942627
297,45,28.0100231170654
298,45,37.1984214782715
299,45,46.9471588134766
300,45,61.1711387634277
301,45,88.1005325317383
302,45,130.470306396484
303,45,130.712631225586
304,45,150.761138916016
305,45,184.873657226563
306,45,146.568588256836
307,45,278.952209472656
308,45,199.893218994141
309,45,260.778839111328
310,45,380.986419677734
311,45,378.982879638672
312,45,331.167449951172
313,45,253.277236938477
314,45,220.734573364258
315,45,181.204208374023
316,45,109.759979248047
317,45,103.747833251953
318,45,94.9115676879883
319,45,98.8688354492188
320,45,95.7629699707031
321,45,86.4117736816406
322,45,55.6968154907227
323,45,57.0952644348145
324,45,48.4203224182129
325,45,27.7821083068848
326,45,31.3883495330811
327,45,37.5162467956543
328,45,34.3155136108398
329,45,32.18310546875
330,45,30.8932285308838
331,45,32.0095405578613
332,45,33.9243812561035
333,45,35.9476318359375
334,45,28.8992137908936
335,45,22.5270843505859
336,45,19.0343856811523
337,45,18.5676403045654
338,45,20.2937622070313
339,45,20.4507694244385
340,45,19.511775970459
341,45,22.040678024292
342,45,26.8350276947022
343,45,21.1869373321533
344,45,21.826099395752
345,45,24.5743827819824
346,45,24.2552757263184
347,45,23.2956409454346
348,45,22.2737503051758
349,45,22.0993518829346
350,45,21.6077346801758
351,45,18.7640075683594
352,45,15.9444580078125
353,45,14.3366136550903
354,45,13.3083477020264
355,45,12.5957078933716
356,45,12.2550382614136
357,45,12.1718835830688
358,45,11.8969488143921
359,45,12.005446434021
1,46,9.90467834472656
2,46,10.2494993209839
3,46,9.45300102233887
4,46,9.08763313293457
5,46,7.69374895095825
6,46,7.55273199081421
7,46,8.59570217132568
8,46,9.34832668304443
9,46,10.8258094787598
10,46,10.8742656707764
11,46,11.643744468689
12,46,12.0785961151123
13,46,11.8353366851807
14,46,11.6362600326538
15,46,12.5905828475952
16,46,11.9955978393555
17,46,9.67115020751953
18,46,8.07171630859375
19,46,7.94711112976074
20,46,8.23333740234375
21,46,9.34298706054688
22,46,9.13639259338379
23,46,9.83886051177979
24,46,10.6435270309448
25,46,10.3485107421875
26,46,10.464693069458
27,46,8.96375274658203
28,46,10.9622449874878
29,46,12.1783580780029
30,46,11.5732421875
31,46,12.3324031829834
32,46,12.7319822311401
33,46,12.5505266189575
34,46,13.5223941802979
35,46,12.9743318557739
36,46,11.0747852325439
37,46,13.4979057312012
38,46,12.954927444458
39,46,16.9644889831543
40,46,17.0588302612305
41,46,19.8303909301758
42,46,23.0904998779297
43,46,26.7530860900879
44,46,22.0588703155518
45,46,22.9205856323242
46,46,24.8807106018066
47,46,27.4701156616211
48,46,32.3726997375488
49,46,39.0168075561523
50,46,39.5435066223145
51,46,39.425407409668
52,46,47.6883163452149
53,46,53.271614074707
54,46,59.4238586425781
55,46,48.3216400146484
56,46,46.3400039672852
57,46,60.7692642211914
58,46,63.694637298584
59,46,61.9394264221192
60,46,76.4125137329102
61,46,83.0895309448242
62,46,76.8763122558594
63,46,83.4239959716797
64,46,103.442199707031
65,46,131.118041992188
66,46,158.596069335938
67,46,150.566589355469
68,46,156.670593261719
69,46,161.051239013672
70,46,156.242492675781
71,46,141.301177978516
72,46,122.151306152344
73,46,105.713096618652
74,46,94.2814025878906
75,46,80.8969497680664
76,46,72.4579315185547
77,46,55.7861976623535
78,46,63.1628074645996
79,46,63.6218986511231
80,46,66.4180679321289
81,46,56.0073776245117
82,46,47.7905540466309
83,46,43.0180892944336
84,46,41.607551574707
85,46,43.5637321472168
86,46,45.4924850463867
87,46,45.8524780273438
88,46,30.750862121582
89,46,23.8578205108643
90,46,20.8766460418701
91,46,15.7745428085327
92,46,14.110782623291
93,46,16.4423217773438
94,46,16.5731964111328
95,46,15.8462839126587
96,46,15.0221462249756
97,46,13.5340766906738
98,46,11.6420831680298
99,46,12.0651016235352
100,46,10.7917137145996
101,46,10.4168891906738
102,46,10.6223468780518
103,46,9.68500518798828
104,46,8.68657684326172
105,46,9.08395195007324
106,46,9.25321483612061
107,46,9.45944499969482
108,46,8.99796199798584
109,46,8.13421154022217
110,46,9.25863838195801
111,46,11.0281963348389
112,46,9.76503372192383
113,46,8.10801124572754
114,46,6.70288991928101
115,46,6.76893138885498
117,46,6.86438846588135
118,46,6.74896097183228
120,46,8.05556201934815
121,46,6.35746145248413
278,46,6.53425121307373
279,46,8.1381139755249
280,46,7.06034898757935
281,46,6.97999620437622
287,46,6.55016851425171
288,46,8.42756748199463
289,46,9.54785251617432
290,46,10.74147605896
291,46,10.6443128585815
292,46,9.82816123962402
293,46,12.5607538223267
294,46,15.6066150665283
295,46,14.6293449401855
296,46,16.7336864471436
297,46,20.3868350982666
298,46,29.6450576782227
299,46,40.4028091430664
300,46,46.4606437683106
301,46,65.0804061889649
302,46,84.2771301269531
303,46,129.797729492188
304,46,116.638854980469
305,46,121.600593566895
306,46,127.133201599121
307,46,168.84033203125
308,46,211.510040283203
309,46,246.919036865234
310,46,290.967468261719
311,46,286.660461425781
312,46,251.120162963867
313,46,260.282104492188
314,46,257.091583251953
315,46,201.328186035156
316,46,144.381744384766
317,46,121.180892944336
318,46,136.966537475586
319,46,152.839721679688
320,46,143.644668579102
321,46,106.966156005859
322,46,54.2927093505859
323,46,57.5332183837891
324,46,48.2156372070313
325,46,42.9960136413574
326,46,38.1142234802246
327,46,38.6979103088379
328,46,33.7886695861816
329,46,27.0596809387207
330,46,27.4541320800781
331,46,26.7597904205322
332,46,27.4462242126465
333,46,22.3061923980713
334,46,17.6208953857422
335,46,18.9187450408936
336,46,22.8850994110107
337,46,18.748649597168
338,46,20.4931468963623
339,46,22.053638458252
340,46,22.2982978820801
341,46,24.8825397491455
342,46,27.1119995117188
343,46,26.9116744995117
344,46,30.998348236084
345,46,27.4883232116699
346,46,23.0809707641602
347,46,19.7327289581299
348,46,17.4533538818359
349,46,17.757303237915
350,46,18.0488815307617
351,46,18.9752445220947
352,46,16.7199516296387
353,46,15.9857988357544
354,46,14.1181859970093
355,46,11.1440925598145
356,46,10.4782848358154
357,46,11.1164035797119
358,46,11.135404586792
359,46,10.5248889923096
1,47,13.7398595809937
2,47,11.090404510498
3,47,10.8537168502808
4,47,10.9209470748901
5,47,8.68611717224121
6,47,9.98468208312988
7,47,12.6962270736694
8,47,11.2681560516357
9,47,11.3782777786255
10,47,11.8072471618652
11,47,13.4865589141846
12,47,13.0715379714966
13,47,13.5500373840332
14,47,14.3521766662598
15,47,13.8933601379395
16,47,13.2652587890625
17,47,12.8219347000122
18,47,10.4291687011719
19,47,10.7621402740479
20,47,13.1240997314453
21,47,13.5649318695068
22,47,15.6016492843628
23,47,12.0341014862061
24,47,12.2323360443115
25,47,13.9657554626465
26,47,16.5788269042969
27,47,13.4683895111084
28,47,12.6390743255615
29,47,15.7205429077148
30,47,14.5086784362793
31,47,14.1477003097534
32,47,16.5753364562988
33,47,17.8111267089844
34,47,18.5815162658691
35,47,19.1514568328857
36,47,17.8921890258789
37,47,18.1354141235352
38,47,16.8167304992676
39,47,16.1176471710205
40,47,19.9728202819824
41,47,19.92014503479
42,47,19.3277702331543
43,47,19.7815341949463
44,47,22.6386222839356
45,47,25.914155960083
46,47,27.9342765808106
47,47,29.3048820495606
48,47,35.9982452392578
49,47,46.4048080444336
50,47,48.6629486083984
51,47,50.8378524780274
52,47,54.2271118164063
53,47,53.5509719848633
54,47,49.7145309448242
55,47,49.4969139099121
56,47,56.5695495605469
57,47,66.0292282104492
58,47,68.7097702026367
59,47,76.86376953125
60,47,87.8531341552734
61,47,93.1364059448242
62,47,109.990203857422
63,47,124.71411895752
64,47,120.490051269531
65,47,128.8642578125
66,47,156.138793945313
67,47,165.072845458984
68,47,162.631851196289
69,47,141.140411376953
70,47,129.570663452148
71,47,109.101898193359
72,47,91.9250793457031
73,47,83.6576309204102
74,47,80.720703125
75,47,83.4531478881836
76,47,62.9537734985352
77,47,61.3241119384766
78,47,69.4865875244141
79,47,64.7592163085938
80,47,58.9932746887207
81,47,56.1904182434082
82,47,43.7154273986816
83,47,41.689998626709
84,47,40.1030426025391
85,47,41.9351997375488
86,47,37.6999244689941
87,47,32.7911758422852
88,47,20.4102077484131
89,47,21.0341796875
90,47,21.7068576812744
91,47,17.9859466552734
92,47,15.1531658172607
93,47,14.6686372756958
94,47,14.7392654418945
95,47,15.3860578536987
96,47,15.520938873291
97,47,13.7877492904663
98,47,12.8004207611084
99,47,10.9703340530396
100,47,9.44922161102295
101,47,10.4361248016357
102,47,10.1861228942871
103,47,8.10592746734619
104,47,6.66921710968018
105,47,8.2063512802124
106,47,8.43059635162354
107,47,8.75211715698242
108,47,10.6693229675293
109,47,10.5482959747314
110,47,8.89990997314453
111,47,7.52780199050903
112,47,10.5261926651001
113,47,12.1498384475708
114,47,9.47487354278564
115,47,6.90223121643066
116,47,7.68578958511353
117,47,7.36956596374512
118,47,6.85368251800537
120,47,6.33988857269287
278,47,6.30894613265991
279,47,7.97254943847656
282,47,6.51432228088379
283,47,6.59095859527588
285,47,6.08151388168335
286,47,6.30773258209229
288,47,6.69238376617432
289,47,7.68543195724487
290,47,7.96535587310791
291,47,8.78647708892822
292,47,10.151948928833
293,47,12.8729648590088
294,47,11.8908596038818
295,47,11.7050256729126
296,47,11.0842609405518
297,47,15.161994934082
298,47,23.7807121276855
299,47,30.6534843444824
300,47,34.1031684875488
301,47,49.1497802734375
302,47,58.9714584350586
303,47,74.2718276977539
304,47,103.060623168945
305,47,120.890670776367
306,47,145.063690185547
307,47,168.694549560547
308,47,355.265747070313
309,47,257.929351806641
310,47,224.660949707031
311,47,230.888946533203
312,47,223.098068237305
313,47,236.050903320313
314,47,234.505813598633
315,47,259.907348632813
316,47,207.515090942383
317,47,215.197784423828
318,47,195.051956176758
319,47,221.053024291992
320,47,230.1103515625
321,47,120.882858276367
322,47,74.5090637207031
323,47,76.4982757568359
324,47,72.7932281494141
325,47,88.3768463134766
326,47,92.9783096313477
327,47,59.4041976928711
328,47,247.78385925293
329,47,22.4833583831787
330,47,28.4748783111572
331,47,25.0278835296631
332,47,23.93625831604
333,47,19.9972591400147
334,47,19.1000537872314
335,47,17.621129989624
336,47,19.8673419952393
337,47,19.7893905639648
338,47,16.1027717590332
339,47,17.0555114746094
340,47,16.9958553314209
341,47,22.6017017364502
342,47,21.1041011810303
343,47,20.6856060028076
344,47,21.839485168457
345,47,24.9187698364258
346,47,29.5471878051758
347,47,20.3384647369385
348,47,18.5164642333984
349,47,19.1119747161865
350,47,17.1019058227539
351,47,16.46116065979
352,47,18.8640441894531
353,47,16.9461631774902
354,47,14.3958568572998
355,47,13.7223405838013
356,47,11.8817234039307
357,47,11.5968132019043
358,47,10.6724100112915
359,47,11.5229568481445
1,48,11.7984457015991
2,48,11.9590911865234
3,48,12.2839326858521
4,48,9.85944652557373
5,48,11.4915065765381
6,48,13.8007974624634
7,48,14.7562551498413
8,48,16.8043174743652
9,48,16.558256149292
10,48,16.1301651000977
11,48,16.3818645477295
12,48,17.9227409362793
13,48,19.545259475708
14,48,17.4348392486572
15,48,15.1330842971802
16,48,15.6645240783691
17,48,14.6006097793579
18,48,14.3966903686523
19,48,15.5065307617188
20,48,15.3771648406982
21,48,14.5056047439575
22,48,15.1246175765991
23,48,17.2418422698975
24,48,16.8575439453125
25,48,19.7645530700684
26,48,17.9574222564697
27,48,19.8879623413086
28,48,24.4826927185059
29,48,23.5186767578125
30,48,19.8166942596436
31,48,18.6218013763428
32,48,21.2529411315918
33,48,22.7950267791748
34,48,18.5463466644287
35,48,21.1239757537842
36,48,21.694974899292
37,48,18.3598728179932
38,48,15.4597339630127
39,48,15.2568502426147
40,48,17.1045932769775
41,48,23.9900665283203
42,48,23.0579643249512
43,48,26.4799022674561
44,48,33.8770713806152
45,48,44.8255081176758
46,48,43.5380325317383
47,48,47.5336151123047
48,48,60.6228485107422
49,48,58.0976181030274
50,48,62.7178688049316
51,48,59.135440826416
52,48,55.8085670471191
53,48,54.1449890136719
54,48,51.315315246582
55,48,62.5396347045898
56,48,73.8656387329102
57,48,85.3102569580078
58,48,85.2641906738281
59,48,102.843826293945
60,48,115.013046264648
61,48,129.732650756836
62,48,147.240661621094
63,48,146.631088256836
64,48,141.744216918945
65,48,164.393493652344
66,48,166.635833740234
67,48,126.513336181641
68,48,143.182891845703
69,48,146.677520751953
70,48,138.448379516602
71,48,103.852447509766
72,48,83.0086059570313
73,48,64.5704345703125
74,48,96.3243865966797
75,48,67.2013092041016
76,48,57.4468765258789
77,48,53.5353736877442
78,48,54.9472045898438
79,48,55.0039520263672
80,48,49.0429344177246
81,48,39.1443939208984
82,48,39.3074188232422
83,48,42.5462608337402
84,48,43.6230583190918
85,48,39.1249237060547
86,48,33.8528938293457
87,48,27.8833656311035
88,48,25.0763664245606
89,48,23.0521965026855
90,48,21.8863487243652
91,48,18.7597007751465
92,48,17.3303909301758
93,48,16.2218170166016
94,48,15.3860130310059
95,48,14.0698404312134
96,48,14.2737293243408
97,48,13.9391078948975
98,48,10.8936538696289
99,48,10.2304954528809
100,48,10.459002494812
101,48,9.19051361083984
102,48,8.200927734375
103,48,7.63766717910767
104,48,7.52699613571167
105,48,8.17142963409424
106,48,7.56005096435547
107,48,7.88489532470703
108,48,11.0092611312866
109,48,9.07462596893311
110,48,8.20817375183106
111,48,8.25033950805664
112,48,10.5792026519775
113,48,11.4322500228882
114,48,10.1400623321533
115,48,6.83304691314697
116,48,6.2766284942627
123,48,6.04628801345825
277,48,6.71708631515503
278,48,7.12204837799072
279,48,6.34900283813477
280,48,6.21486282348633
281,48,6.1211724281311
282,48,8.05319213867188
283,48,7.82614612579346
284,48,6.18844127655029
288,48,6.40461540222168
289,48,6.6414098739624
290,48,8.08774375915527
291,48,9.85262393951416
292,48,9.6958646774292
293,48,9.60303688049316
294,48,9.93656539916992
295,48,10.8651170730591
296,48,11.4959335327148
297,48,13.4818315505981
298,48,17.9914894104004
299,48,23.385103225708
300,48,30.3239517211914
301,48,35.8214950561523
302,48,47.2444534301758
303,48,73.0321731567383
304,48,86.7637329101563
305,48,106.960891723633
306,48,105.880264282227
307,48,105.815231323242
308,48,162.624969482422
309,48,214.632263183594
310,48,248.501617431641
311,48,247.491149902344
312,48,241.407669067383
313,48,240.140365600586
314,48,265.574340820313
315,48,260.975250244141
316,48,258.762878417969
317,48,385.48486328125
318,48,232.490463256836
319,48,262.802642822266
320,48,216.364547729492
321,48,133.307113647461
322,48,107.679504394531
323,48,87.5444793701172
324,48,80.2173690795899
325,48,90.6011199951172
326,48,83.8649444580078
327,48,66.8065414428711
328,48,45.5923919677734
329,48,35.9938201904297
330,48,29.79026222229
331,48,30.7019367218018
332,48,30.3937129974365
333,48,27.2574462890625
334,48,25.4658622741699
335,48,22.6594543457031
336,48,21.3720455169678
337,48,19.0490798950195
338,48,16.0133628845215
339,48,17.4664077758789
340,48,16.7399444580078
341,48,19.7044639587402
342,48,19.1648483276367
343,48,18.9454231262207
344,48,20.1029758453369
345,48,21.1357326507568
346,48,25.0265274047852
347,48,22.7106838226318
348,48,19.43577003479
349,48,18.1355209350586
350,48,15.659236907959
351,48,14.9867668151855
352,48,19.2345085144043
353,48,18.4837894439697
354,48,23.3546829223633
355,48,17.2916450500488
356,48,14.251615524292
357,48,12.8540287017822
358,48,12.6405382156372
359,48,12.2961826324463
1,49,11.5743761062622
2,49,12.4643793106079
3,49,12.5986938476563
4,49,11.3742771148682
5,49,11.3868846893311
6,49,12.4324016571045
7,49,13.9788665771484
8,49,16.4270057678223
9,49,17.5855331420898
10,49,16.5339775085449
11,49,15.1682586669922
12,49,16.8136215209961
13,49,16.1196193695068
14,49,14.9362983703613
15,49,16.0242023468018
16,49,14.927640914917
17,49,14.0108499526978
18,49,15.3034381866455
19,49,16.8783435821533
20,49,15.6778430938721
21,49,15.0633487701416
22,49,17.2843685150147
23,49,17.8702011108398
24,49,17.0368785858154
25,49,17.9514446258545
26,49,18.5305919647217
27,49,18.4403095245361
28,49,24.2139549255371
29,49,24.5855216979981
30,49,22.637903213501
31,49,19.0064182281494
32,49,20.1356792449951
33,49,22.0100021362305
34,49,19.185791015625
35,49,16.9077949523926
36,49,20.7962017059326
37,49,23.9222602844238
38,49,23.742115020752
39,49,22.6670112609863
40,49,26.461877822876
41,49,30.3216514587402
42,49,35.6814689636231
43,49,43.5300712585449
44,49,48.4309463500977
45,49,52.844108581543
46,49,60.7324523925781
47,49,62.9229049682617
48,49,58.0898132324219
49,49,58.4408798217774
50,49,54.0678520202637
51,49,49.462703704834
52,49,63.5889358520508
53,49,58.4230842590332
54,49,58.7388496398926
55,49,84.7713088989258
56,49,108.898567199707
57,49,124.143981933594
58,49,133.916000366211
59,49,115.027946472168
60,49,125.029426574707
61,49,150.28076171875
62,49,164.573623657227
63,49,158.083114624023
64,49,165.752517700195
65,49,173.463500976563
66,49,161.737991333008
67,49,182.98828125
68,49,161.342956542969
69,49,138.798294067383
70,49,111.990852355957
71,49,96.3292465209961
72,49,80.1532592773438
73,49,64.9981307983398
74,49,62.1134796142578
75,49,58.4153175354004
76,49,56.7668151855469
77,49,49.4106292724609
78,49,40.573371887207
79,49,36.3554573059082
80,49,37.5091209411621
81,49,40.8788681030273
82,49,42.8683013916016
83,49,41.4342384338379
84,49,37.8103904724121
85,49,34.4518737792969
86,49,32.5338134765625
87,49,30.4603118896484
88,49,30.5686779022217
89,49,28.7179279327393
90,49,26.2266578674316
91,49,21.0027408599854
92,49,16.5522632598877
93,49,13.6120529174805
94,49,13.4314546585083
95,49,13.2615375518799
96,49,14.1511993408203
97,49,15.598949432373
98,49,12.7251777648926
99,49,11.7403106689453
100,49,11.5067481994629
101,49,10.7004270553589
102,49,8.55331802368164
103,49,7.85443496704102
104,49,7.64121770858765
105,49,7.52060461044312
106,49,7.37748575210571
107,49,7.27411603927612
108,49,8.73897075653076
109,49,9.895827293396
110,49,8.67904663085938
111,49,9.94264698028564
112,49,9.19908046722412
113,49,9.04659366607666
114,49,7.80670833587647
115,49,6.3950891494751
276,49,6.17701625823975
277,49,9.1118106842041
278,49,6.69784641265869
279,49,6.29641532897949
280,49,6.61634826660156
281,49,6.55242443084717
286,49,7.16484546661377
287,49,7.24636316299439
288,49,8.14546966552734
289,49,8.18617343902588
290,49,8.34418296813965
291,49,7.71408987045288
292,49,8.32656002044678
293,49,8.51556777954102
294,49,8.91499328613281
295,49,9.67006015777588
296,49,12.7625570297241
297,49,16.080602645874
298,49,16.7603511810303
299,49,19.9870338439941
300,49,22.6303825378418
301,49,28.5384330749512
302,49,48.9884490966797
303,49,65.9258575439453
304,49,70.6613540649414
305,49,75.3381881713867
306,49,90.3994979858398
307,49,124.209808349609
308,49,148.971740722656
309,49,179.711608886719
310,49,233.963577270508
311,49,255.681701660156
312,49,229.987411499023
313,49,266.256439208984
314,49,290.870086669922
315,49,304.244354248047
316,49,254.972076416016
317,49,235.93505859375
318,49,282.402709960938
319,49,305.713836669922
320,49,272.054718017578
321,49,177.248977661133
322,49,124.488967895508
323,49,97.75439453125
324,49,86.4368438720703
325,49,84.7278137207031
326,49,76.0081176757813
327,49,47.4592895507813
328,49,44.1845626831055
329,49,45.0178756713867
330,49,43.0976486206055
331,49,45.1575088500977
332,49,40.969856262207
333,49,34.8108367919922
334,49,28.1777324676514
335,49,27.4159355163574
336,49,27.9935569763184
337,49,20.945671081543
338,49,18.7660827636719
339,49,18.1950149536133
340,49,17.1905059814453
341,49,17.4260196685791
342,49,20.0765037536621
343,49,23.2294216156006
344,49,20.8555793762207
345,49,19.111156463623
346,49,22.1337032318115
347,49,32.7848701477051
348,49,23.8904724121094
349,49,20.0775909423828
350,49,15.1283369064331
351,49,15.6686849594116
352,49,18.9403553009033
353,49,20.1916332244873
354,49,23.2507858276367
355,49,22.3278961181641
356,49,17.2947597503662
357,49,15.5566711425781
358,49,15.3442668914795
359,49,16.8684711456299
1,50,14.5309572219849
2,50,14.0200986862183
3,50,14.4271249771118
4,50,12.6706666946411
5,50,14.6414794921875
6,50,17.274585723877
7,50,14.8303289413452
8,50,17.3158721923828
9,50,20.0771713256836
10,50,20.536678314209
11,50,17.4923095703125
12,50,18.0429553985596
13,50,16.9365577697754
14,50,16.2299270629883
15,50,17.9771366119385
16,50,19.3327827453613
17,50,19.7531929016113
18,50,21.4344749450684
19,50,25.5501251220703
20,50,26.0168800354004
21,50,22.5072154998779
22,50,28.5431442260742
23,50,22.3644428253174
24,50,17.7665138244629
25,50,17.3904438018799
26,50,19.5047760009766
27,50,20.2083759307861
28,50,24.3800735473633
29,50,28.3691806793213
30,50,22.7264385223389
31,50,18.2127113342285
32,50,15.8849811553955
33,50,19.6143627166748
34,50,21.4929542541504
35,50,25.7688503265381
36,50,23.0268287658691
37,50,25.0630702972412
38,50,26.2172660827637
39,50,27.5699996948242
40,50,30.2339706420898
41,50,38.7070846557617
42,50,47.9834785461426
43,50,50.8081855773926
44,50,56.9639129638672
45,50,58.3057327270508
46,50,75.8916931152344
47,50,68.4433135986328
48,50,69.3841552734375
49,50,71.0693893432617
50,50,61.3610954284668
51,50,63.7980651855469
52,50,66.7310256958008
53,50,88.2604064941406
54,50,96.0574645996094
55,50,108.767852783203
56,50,137.399658203125
57,50,153.996307373047
58,50,127.126022338867
59,50,125.709091186523
60,50,143.646209716797
61,50,173.00993347168
62,50,165.578216552734
63,50,170.934005737305
64,50,146.644348144531
65,50,143.392852783203
66,50,145.736999511719
67,50,147.272720336914
68,50,153.071212768555
69,50,152.20085144043
70,50,104.968811035156
71,50,93.0510406494141
72,50,91.4203338623047
73,50,89.2511978149414
74,50,85.671257019043
75,50,65.3537292480469
76,50,52.6864967346192
77,50,41.2254409790039
78,50,31.9804954528809
79,50,35.6465568542481
80,50,38.4107284545898
81,50,42.9473266601563
82,50,41.0648765563965
83,50,31.0561752319336
84,50,29.8981990814209
85,50,27.689775466919
86,50,25.0641460418701
87,50,27.8948268890381
88,50,30.0425605773926
89,50,33.7130928039551
90,50,26.5368804931641
91,50,23.917839050293
92,50,16.859655380249
93,50,15.5170421600342
94,50,14.0127735137939
95,50,14.9073619842529
96,50,13.9589996337891
97,50,12.858959197998
98,50,11.5925550460815
99,50,12.2469310760498
100,50,11.3318843841553
101,50,10.5554304122925
102,50,9.44944763183594
103,50,8.68719863891602
104,50,8.92870140075684
105,50,7.5478982925415
106,50,7.31321144104004
107,50,7.43563938140869
108,50,6.94486618041992
109,50,7.02722072601318
110,50,8.73235130310059
111,50,8.05896282196045
112,50,7.51934862136841
113,50,7.50353288650513
114,50,7.72088432312012
115,50,6.97978591918945
116,50,7.30229568481445
117,50,6.81857681274414
276,50,6.48031949996948
278,50,6.29054832458496
279,50,6.63024425506592
286,50,6.35583448410034
287,50,7.36390161514282
288,50,8.66419506072998
289,50,9.47122001647949
290,50,7.98934268951416
291,50,7.60548496246338
292,50,9.59838390350342
293,50,9.39914894104004
294,50,9.36702346801758
295,50,12.7870597839355
296,50,13.6823091506958
297,50,18.4084167480469
298,50,16.238166809082
299,50,14.104606628418
300,50,13.5249309539795
301,50,19.9940509796143
302,50,35.2405853271484
303,50,41.4965744018555
304,50,48.9031219482422
305,50,64.1780853271484
306,50,90.6089477539063
307,50,121.093139648438
308,50,149.716445922852
309,50,152.720092773438
310,50,176.039184570313
311,50,188.569183349609
312,50,245.121734619141
313,50,298.916717529297
314,50,298.138793945313
315,50,362.140502929688
316,50,395.723754882813
317,50,488.331878662109
318,50,272.762939453125
319,50,244.329360961914
320,50,204.980560302734
321,50,273.933410644531
322,50,241.936065673828
323,50,168.082443237305
324,50,196.476013183594
325,50,172.310287475586
326,50,110.334655761719
327,50,84.3161010742188
328,50,61.9859504699707
329,50,52.7085762023926
330,50,47.4967269897461
331,50,50.9995040893555
332,50,41.8415870666504
333,50,45.2688598632813
334,50,34.5172348022461
335,50,32.788703918457
336,50,32.4844398498535
337,50,25.3739528656006
338,50,21.4668407440186
339,50,22.0596160888672
340,50,21.8502292633057
341,50,24.3709907531738
342,50,23.7889728546143
343,50,23.0225315093994
344,50,21.7643032073975
345,50,22.0117511749268
346,50,19.4535140991211
347,50,27.7909545898438
348,50,36.035774230957
349,50,24.4986591339111
350,50,22.7774600982666
351,50,20.2782592773438
352,50,19.8460731506348
353,50,18.8014793395996
354,50,18.6379718780518
355,50,19.1897850036621
356,50,20.1378593444824
357,50,19.8594436645508
358,50,17.1176605224609
359,50,19.0342483520508
1,51,21.1379508972168
2,51,19.390266418457
3,51,15.5007438659668
4,51,16.4273128509522
5,51,17.9797344207764
6,51,17.6968441009522
7,51,18.1029071807861
8,51,21.2746124267578
9,51,20.0270614624023
10,51,23.2785911560059
11,51,26.7540740966797
12,51,24.8211631774902
13,51,21.8072547912598
14,51,22.6534729003906
15,51,26.7170276641846
16,51,27.1457843780518
17,51,28.2322235107422
18,51,24.6108894348145
19,51,31.2820911407471
20,51,31.054126739502
21,51,32.5512924194336
22,51,36.0165061950684
23,51,33.8409576416016
24,51,27.1201400756836
25,51,27.2414722442627
26,51,27.5186672210693
27,51,23.1760921478272
28,51,24.8608913421631
29,51,25.9258518218994
30,51,20.7420635223389
31,51,18.3129539489746
32,51,17.6185417175293
33,51,17.1402206420898
34,51,19.6963653564453
35,51,26.5184020996094
36,51,29.1756095886231
37,51,31.2504329681397
38,51,33.0193328857422
39,51,33.7513427734375
40,51,34.9913177490234
41,51,37.7317047119141
42,51,38.6244239807129
43,51,44.3011741638184
44,51,51.1996612548828
45,51,68.1972503662109
46,51,80.0610580444336
47,51,83.0968475341797
48,51,72.3231506347656
49,51,73.4462356567383
50,51,78.0091018676758
51,51,93.4327011108399
52,51,100.064544677734
53,51,131.644180297852
54,51,139.012390136719
55,51,124.451385498047
56,51,151.125152587891
57,51,173.778991699219
58,51,154.612579345703
59,51,191.005523681641
60,51,319.407043457031
61,51,192.616455078125
62,51,322.994567871094
63,51,129.815612792969
64,51,149.215698242188
65,51,142.990585327148
66,51,172.895690917969
67,51,151.601638793945
68,51,220.487335205078
69,51,179.611053466797
70,51,123.337188720703
71,51,109.47688293457
72,51,112.480918884277
73,51,108.853805541992
74,51,99.6071853637695
75,51,76.4673690795899
76,51,56.2355270385742
77,51,38.3901519775391
78,51,33.4865112304688
79,51,40.8655242919922
80,51,41.6050186157227
81,51,43.37158203125
82,51,39.4758682250977
83,51,37.0200424194336
84,51,32.4066925048828
85,51,28.0806713104248
86,51,22.2086143493652
87,51,19.7666206359863
88,51,22.7978553771973
89,51,32.5066032409668
90,51,34.2298164367676
91,51,26.3010120391846
92,51,20.2189178466797
93,51,18.5529117584229
94,51,14.7721652984619
95,51,14.6713562011719
96,51,13.3554191589355
97,51,12.5700130462646
98,51,11.4958457946777
99,51,10.1941118240356
100,51,9.87187671661377
101,51,9.2698917388916
102,51,9.68446826934814
103,51,9.1013765335083
104,51,7.82962322235107
105,51,6.80003356933594
106,51,6.79008531570435
107,51,7.18982315063477
108,51,6.92905044555664
109,51,6.77754497528076
110,51,6.93519353866577
111,51,6.57006168365479
114,51,6.47998237609863
116,51,6.40995836257935
117,51,6.3920841217041
118,51,6.09785652160645
285,51,6.14613962173462
286,51,6.38125562667847
287,51,7.32738590240479
288,51,8.40966033935547
289,51,8.31183433532715
290,51,9.13442230224609
291,51,10.9160461425781
292,51,10.7666788101196
293,51,9.54453277587891
294,51,10.0728006362915
295,51,10.6345691680908
296,51,12.8259429931641
297,51,13.9246292114258
298,51,13.7304487228394
299,51,12.9394102096558
300,51,16.4462432861328
301,51,16.8071746826172
302,51,18.9635620117188
303,51,27.3645534515381
304,51,40.4526062011719
305,51,44.0179710388184
306,51,47.2417449951172
307,51,69.0362091064453
308,51,90.6959762573242
309,51,116.560363769531
310,51,134.313446044922
311,51,150.007751464844
312,51,195.821731567383
313,51,271.446502685547
314,51,332.7138671875
315,51,379.671142578125
316,51,348.363586425781
317,51,381.599639892578
318,51,346.325653076172
319,51,259.184936523438
320,51,229.717651367188
321,51,286.847229003906
322,51,292.943359375
323,51,311.133239746094
324,51,268.434356689453
325,51,218.166748046875
326,51,165.131317138672
327,51,155.13053894043
328,51,118.999755859375
329,51,81.2530136108398
330,51,56.4492683410645
331,51,54.3409957885742
332,51,44.7679672241211
333,51,38.1071243286133
334,51,31.7828979492188
335,51,31.0211524963379
336,51,31.5412845611572
337,51,27.7644939422607
338,51,24.8970451354981
339,51,25.5044345855713
340,51,28.2289867401123
341,51,28.0103797912598
342,51,26.6584167480469
343,51,26.3324394226074
344,51,25.1657829284668
345,51,23.6133995056152
346,51,26.483247756958
347,51,31.5725822448731
348,51,34.6211166381836
349,51,32.6844787597656
350,51,29.629638671875
351,51,24.257511138916
352,51,23.8352375030518
353,51,23.8312892913818
354,51,22.2793140411377
355,51,20.5944843292236
356,51,20.7990436553955
357,51,22.3650016784668
358,51,22.1656761169434
359,51,21.945219039917
1,52,32.5900077819824
2,52,30.6461334228516
3,52,23.266019821167
4,52,21.6481475830078
5,52,26.043327331543
6,52,20.5170593261719
7,52,18.8884429931641
8,52,20.2057571411133
9,52,27.611499786377
10,52,46.9825057983398
11,52,38.6995697021484
12,52,28.18603515625
13,52,25.9308815002441
14,52,26.6755714416504
15,52,36.096004486084
16,52,38.6418075561523
17,52,38.2375297546387
18,52,38.6110954284668
19,52,49.9691047668457
20,52,44.6210784912109
21,52,41.6442909240723
22,52,40.9466590881348
23,52,38.7291870117188
24,52,28.1229667663574
25,52,21.365104675293
26,52,22.5345821380615
27,52,27.9986190795898
28,52,23.6588821411133
29,52,21.2245006561279
30,52,18.7985019683838
31,52,19.2111415863037
32,52,17.0866756439209
33,52,18.3527984619141
34,52,18.6923370361328
35,52,20.003791809082
36,52,29.0207366943359
37,52,30.8183822631836
38,52,30.8280963897705
39,52,30.4864025115967
40,52,33.9332618713379
41,52,36.7199172973633
42,52,43.4117736816406
43,52,54.3186836242676
44,52,63.6725387573242
45,52,70.4870529174805
46,52,71.5623550415039
47,52,81.905517578125
48,52,96.5598678588867
49,52,101.020919799805
50,52,102.615127563477
51,52,111.158325195313
52,52,127.315155029297
53,52,140.953201293945
54,52,143.810638427734
55,52,153.165908813477
56,52,157.708084106445
57,52,153.106460571289
58,52,156.222747802734
59,52,161.403594970703
60,52,131.742370605469
61,52,111.009094238281
62,52,98.8766250610352
63,52,81.0049743652344
64,52,114.261680603027
65,52,127.367050170898
66,52,113.146812438965
67,52,129.915679931641
68,52,151.362274169922
69,52,142.509414672852
70,52,145.362457275391
71,52,116.782539367676
72,52,118.495254516602
73,52,139.994293212891
74,52,114.078063964844
75,52,73.2468032836914
76,52,58.6716766357422
77,52,38.3826599121094
78,52,37.9348335266113
79,52,41.1733856201172
80,52,36.7005462646484
81,52,37.840202331543
82,52,40.6424903869629
83,52,40.7660369873047
84,52,45.889518737793
85,52,45.9909286499024
86,52,33.8655395507813
87,52,25.5594749450684
88,52,21.2516460418701
89,52,21.7252731323242
90,52,24.7857437133789
91,52,32.1522903442383
92,52,22.3180465698242
93,52,16.4027462005615
94,52,15.4977941513062
95,52,14.4362640380859
96,52,11.6153316497803
97,52,10.3173637390137
98,52,9.66378021240234
99,52,8.5219087600708
100,52,8.35913276672363
101,52,8.03557300567627
102,52,7.6655068397522
103,52,6.63556337356567
105,52,6.42194938659668
106,52,7.13278007507324
107,52,7.06619024276733
108,52,6.88319969177246
109,52,7.06218481063843
110,52,6.27495956420898
113,52,6.10773754119873
114,52,6.54931735992432
285,52,6.70271587371826
286,52,7.33885765075684
287,52,8.36935234069824
288,52,8.023756980896
289,52,10.2122926712036
290,52,11.4633102416992
291,52,15.8137760162354
292,52,17.4877090454102
293,52,14.941725730896
294,52,13.5386600494385
295,52,13.4344520568848
296,52,14.5244560241699
297,52,15.1591691970825
298,52,16.2832431793213
299,52,17.7981834411621
300,52,16.4500427246094
301,52,15.1681652069092
302,52,18.2202224731445
303,52,22.7009506225586
304,52,24.7568206787109
305,52,25.8318614959717
306,52,31.7970199584961
307,52,42.914249420166
308,52,58.1896133422852
309,52,80.1643524169922
310,52,94.0541534423828
311,52,120.196441650391
312,52,173.376358032227
313,52,290.735961914063
314,52,334.466247558594
315,52,394.324096679688
316,52,416.076324462891
317,52,588.247253417969
318,52,469.561950683594
319,52,468.577575683594
320,52,393.313415527344
321,52,351.571411132813
322,52,292.30126953125
323,52,275.133117675781
324,52,230.299438476563
325,52,219.799789428711
326,52,179.807037353516
327,52,159.78044128418
328,52,127.488861083984
329,52,106.912559509277
330,52,87.7297821044922
331,52,57.8937301635742
332,52,46.0170860290527
333,52,55.000862121582
334,52,52.8562736511231
335,52,37.8812217712402
336,52,31.5415077209473
337,52,30.6330909729004
338,52,34.886833190918
339,52,35.61572265625
340,52,39.6906089782715
341,52,36.8027381896973
342,52,38.8325653076172
343,52,34.4216651916504
344,52,34.6124153137207
345,52,31.4336986541748
346,52,32.5970077514648
347,52,32.1474914550781
348,52,25.6295471191406
349,52,31.1762752532959
350,52,30.5949459075928
351,52,32.1095504760742
352,52,27.5293598175049
353,52,30.1334190368652
354,52,27.4235038757324
355,52,24.0892906188965
356,52,22.6746139526367
357,52,28.1805591583252
358,52,33.3548088073731
359,52,31.6237487792969
1,53,39.252197265625
2,53,31.1889686584473
3,53,31.6199951171875
4,53,39.2284851074219
5,53,36.9090728759766
6,53,25.3439559936523
7,53,20.0460662841797
8,53,23.6771011352539
9,53,32.4399795532227
10,53,42.1113700866699
11,53,33.8177185058594
12,53,35.7122840881348
13,53,26.8112907409668
14,53,30.1525173187256
15,53,34.4787368774414
16,53,38.5503616333008
17,53,47.7607231140137
18,53,45.2189865112305
19,53,46.641284942627
20,53,41.2277374267578
21,53,42.3056602478027
22,53,34.4136390686035
23,53,30.3642387390137
24,53,28.8257637023926
25,53,25.6935539245606
26,53,26.3557357788086
27,53,39.2792205810547
28,53,23.9162101745605
29,53,22.6403388977051
30,53,21.0994338989258
31,53,17.8276538848877
32,53,17.7398452758789
33,53,17.1037273406982
34,53,18.7134666442871
35,53,20.8129081726074
36,53,25.9309005737305
37,53,30.776554107666
38,53,33.3163146972656
39,53,35.6715774536133
40,53,41.706241607666
41,53,50.4763946533203
42,53,60.1931495666504
43,53,68.3382797241211
44,53,75.4478607177734
45,53,81.9091262817383
46,53,88.4432830810547
47,53,100.750579833984
48,53,126.892166137695
49,53,139.64665222168
50,53,127.524353027344
51,53,138.562744140625
52,53,154.32243347168
53,53,181.615142822266
54,53,189.005294799805
55,53,218.368988037109
56,53,222.391479492188
57,53,322.680450439453
58,53,188.654968261719
59,53,141.873901367188
60,53,151.52522277832
61,53,120.027534484863
62,53,110.577133178711
63,53,93.8782806396484
64,53,181.032516479492
65,53,133.136077880859
66,53,130.127716064453
67,53,133.605911254883
68,53,126.071174621582
69,53,126.489074707031
70,53,122.982223510742
71,53,110.953407287598
72,53,91.813850402832
73,53,85.2713623046875
74,53,74.4596099853516
75,53,65.7770385742188
76,53,61.2173309326172
77,53,52.7156982421875
78,53,43.8422927856445
79,53,42.7958641052246
80,53,39.8693199157715
81,53,38.8608360290527
82,53,37.8234062194824
83,53,46.0842323303223
84,53,47.947135925293
85,53,34.2486000061035
86,53,28.2108898162842
87,53,24.5459671020508
88,53,22.3765296936035
89,53,19.9242839813232
90,53,19.1597118377686
91,53,26.1163082122803
92,53,26.5342426300049
93,53,23.8947505950928
94,53,18.3921566009522
95,53,15.9204092025757
96,53,13.69469165802
97,53,10.6871099472046
98,53,9.91859817504883
99,53,9.07931137084961
100,53,8.0758171081543
101,53,7.3697624206543
102,53,6.50179195404053
106,53,6.88106441497803
107,53,7.91686391830444
108,53,7.93363857269287
109,53,8.00441741943359
110,53,6.752272605896
111,53,6.77886629104614
114,53,6.22351884841919
254,53,6.45353746414185
283,53,6.35706520080566
284,53,6.77706050872803
285,53,6.16200923919678
287,53,6.45396137237549
288,53,7.30497741699219
289,53,9.59019660949707
290,53,16.1323471069336
291,53,16.1351203918457
292,53,13.847188949585
293,53,12.5467300415039
294,53,11.6825513839722
295,53,14.3846015930176
296,53,15.4580860137939
297,53,17.5803413391113
298,53,20.4500923156738
299,53,22.2576141357422
300,53,24.8089256286621
301,53,29.5723133087158
302,53,34.3254051208496
303,53,32.0236968994141
304,53,26.1663818359375
305,53,29.62890625
306,53,29.3625297546387
307,53,41.3135681152344
308,53,58.9680366516113
309,53,68.4122924804688
310,53,85.7326507568359
311,53,132.437622070313
312,53,144.794372558594
313,53,206.757766723633
314,53,232.935089111328
315,53,269.522918701172
316,53,286.4970703125
317,53,287.591796875
318,53,333.535675048828
319,53,310.679565429688
320,53,302.081359863281
321,53,274.438262939453
322,53,258.820129394531
323,53,222.749298095703
324,53,215.327453613281
325,53,183.558013916016
326,53,196.405578613281
327,53,178.964447021484
328,53,140.239974975586
329,53,134.531356811523
330,53,124.091064453125
331,53,89.8703994750977
332,53,66.4153137207031
333,53,60.6804656982422
334,53,66.7639846801758
335,53,51.8003616333008
336,53,48.2582550048828
337,53,48.6705474853516
338,53,58.0697021484375
339,53,58.5197105407715
340,53,49.2684478759766
341,53,45.9207153320313
342,53,36.2995834350586
343,53,34.8026542663574
344,53,37.2882957458496
345,53,37.8755569458008
346,53,36.5108757019043
347,53,33.2887229919434
348,53,30.4076519012451
349,53,34.8175735473633
350,53,41.8497200012207
351,53,35.7848815917969
352,53,34.9184875488281
353,53,34.8457832336426
354,53,34.6518402099609
355,53,30.3692283630371
356,53,30.6178493499756
357,53,27.8544158935547
358,53,28.4035301208496
359,53,30.2402057647705
1,54,35.7002067565918
2,54,35.0815925598145
3,54,30.90207862854
4,54,34.510311126709
5,54,40.0294570922852
6,54,33.3126220703125
7,54,29.0987586975098
8,54,35.0268211364746
9,54,42.1747093200684
10,54,45.0695343017578
11,54,36.8433227539063
12,54,33.982795715332
13,54,30.6234245300293
14,54,33.0823554992676
15,54,41.3550415039063
16,54,42.4842834472656
17,54,46.3848571777344
18,54,46.0373420715332
19,54,42.7389144897461
20,54,55.3716621398926
21,54,50.5089912414551
22,54,29.4675045013428
23,54,23.6160888671875
24,54,24.5659523010254
25,54,26.5004062652588
26,54,22.5079650878906
27,54,19.8903350830078
28,54,21.8708591461182
29,54,24.9619655609131
30,54,23.6790332794189
31,54,24.4094905853272
32,54,24.1040744781494
33,54,23.000020980835
34,54,22.1583824157715
35,54,26.0660858154297
36,54,29.486852645874
37,54,33.3777313232422
38,54,39.2403297424316
39,54,42.4458923339844
40,54,51.2366790771484
41,54,66.9711380004883
42,54,76.6537704467774
43,54,86.9377822875977
44,54,95.4771423339844
45,54,120.049026489258
46,54,114.138961791992
47,54,121.964820861816
48,54,128.764114379883
49,54,138.718353271484
50,54,153.394790649414
51,54,183.872741699219
52,54,189.891998291016
53,54,196.316925048828
54,54,247.366149902344
55,54,232.167785644531
56,54,198.396026611328
57,54,186.796325683594
58,54,212.574859619141
59,54,176.546875
60,54,167.537582397461
61,54,138.070571899414
62,54,131.746459960938
63,54,127.300483703613
64,54,141.377670288086
65,54,137.486831665039
66,54,117.543167114258
67,54,103.169380187988
68,54,99.3453216552734
69,54,99.7050933837891
70,54,91.0030364990234
71,54,86.1336517333984
72,54,68.7835388183594
73,54,64.8373413085938
74,54,67.7253723144531
75,54,59.0041389465332
76,54,53.3053169250488
77,54,52.4924430847168
78,54,46.2155113220215
79,54,46.0858573913574
80,54,45.3569107055664
81,54,42.3592300415039
82,54,40.8905944824219
83,54,39.6882591247559
84,54,37.0298500061035
85,54,27.6551151275635
86,54,21.5116119384766
87,54,17.4022388458252
88,54,19.8444194793701
89,54,17.8173332214355
90,54,17.6021862030029
91,54,18.9284019470215
92,54,20.5989189147949
93,54,17.1385192871094
94,54,13.8481140136719
95,54,10.9507064819336
96,54,12.9280281066895
97,54,11.7657527923584
98,54,8.99428939819336
99,54,7.62597560882568
100,54,7.33860301971436
101,54,7.62673425674439
102,54,6.58910226821899
105,54,6.48496055603027
106,54,7.36057376861572
107,54,7.44513082504273
108,54,8.40013790130615
109,54,8.30159664154053
110,54,7.57905721664429
111,54,6.16558361053467
287,54,7.3246488571167
288,54,10.6185512542725
289,54,10.2611389160156
290,54,11.3798999786377
291,54,15.2137985229492
292,54,15.9573755264282
293,54,13.5305013656616
294,54,11.9514236450195
295,54,12.5718860626221
296,54,15.061408996582
297,54,16.7685222625732
298,54,17.4271621704102
299,54,21.6057205200195
300,54,29.5595760345459
301,54,41.9705772399902
302,54,44.3620109558105
303,54,40.5782852172852
304,54,34.0513076782227
305,54,31.5728454589844
306,54,33.5676231384277
307,54,38.8172264099121
308,54,47.4932441711426
309,54,59.5558204650879
310,54,60.6632614135742
311,54,78.0684204101563
312,54,91.0828094482422
313,54,111.132217407227
314,54,152.516952514648
315,54,167.270263671875
316,54,221.437866210937
317,54,246.523254394531
318,54,254.283081054688
319,54,217.540161132813
320,54,253.901641845703
321,54,261.018707275391
322,54,244.150390625
323,54,256.472564697266
324,54,214.558898925781
325,54,204.776565551758
326,54,188.949890136719
327,54,187.087356567383
328,54,196.614410400391
329,54,180.710479736328
330,54,146.583084106445
331,54,112.917671203613
332,54,72.8330841064453
333,54,62.2763404846192
334,54,66.2229690551758
335,54,65.6907730102539
336,54,67.7921752929688
337,54,73.4993362426758
338,54,69.095832824707
339,54,67.3532333374024
340,54,60.8351058959961
341,54,51.2435493469238
342,54,52.0928764343262
343,54,56.1793479919434
344,54,42.3476715087891
345,54,36.2390670776367
346,54,44.8242988586426
347,54,39.4926147460938
348,54,38.4459533691406
349,54,39.1339225769043
350,54,42.6504974365234
351,54,36.1570625305176
352,54,33.3906402587891
353,54,37.0410079956055
354,54,41.2013549804688
355,54,39.7706565856934
356,54,36.7662353515625
357,54,36.7998504638672
358,54,32.8125915527344
359,54,27.7318878173828
1,55,38.4493446350098
2,55,39.6905212402344
3,55,47.3796119689941
4,55,39.4809265136719
5,55,46.2463188171387
6,55,38.3376655578613
7,55,35.2850646972656
8,55,44.833869934082
9,55,65.3959579467774
10,55,65.9440155029297
11,55,45.4492492675781
12,55,37.344295501709
13,55,34.419116973877
14,55,43.1363983154297
15,55,38.6894683837891
16,55,43.9648094177246
17,55,45.7965469360352
18,55,46.0895767211914
19,55,44.4348258972168
20,55,51.7311553955078
21,55,59.0717697143555
22,55,46.4581298828125
23,55,32.8554954528809
24,55,30.9010047912598
25,55,29.8791580200195
26,55,27.1455478668213
27,55,35.8651580810547
28,55,35.6245765686035
29,55,33.9041557312012
30,55,34.2609939575195
31,55,34.8245506286621
32,55,32.0682106018066
33,55,35.8155937194824
34,55,34.2028274536133
35,55,33.2209320068359
36,55,34.3758125305176
37,55,37.3328399658203
38,55,44.43701171875
39,55,53.0514526367188
40,55,66.5560760498047
41,55,89.6045684814453
42,55,114.062767028809
43,55,118.815956115723
44,55,124.209121704102
45,55,139.968719482422
46,55,166.828308105469
47,55,156.140029907227
48,55,167.518188476563
49,55,181.666610717773
50,55,227.185592651367
51,55,196.877044677734
52,55,214.531707763672
53,55,222.198715209961
54,55,220.996490478516
55,55,215.942596435547
56,55,238.965026855469
57,55,194.503433227539
58,55,146.198593139648
59,55,139.142532348633
60,55,136.870178222656
61,55,217.863571166992
62,55,175.494659423828
63,55,163.758804321289
64,55,168.99235534668
65,55,160.054885864258
66,55,144.714157104492
67,55,125.243179321289
68,55,107.596542358398
69,55,80.7399673461914
70,55,73.0737915039063
71,55,70.6936492919922
72,55,62.6267471313477
73,55,59.2148551940918
74,55,62.3027114868164
75,55,68.1653900146484
76,55,66.677490234375
77,55,64.5067825317383
78,55,54.3367538452149
79,55,52.7000579833984
80,55,48.0786285400391
81,55,45.0765037536621
82,55,40.514347076416
83,55,35.4153327941895
84,55,31.1194705963135
85,55,23.7894458770752
86,55,18.1402854919434
87,55,17.7200794219971
88,55,18.5175704956055
89,55,18.7624988555908
90,55,17.0993480682373
91,55,14.6567287445068
92,55,15.7635707855225
93,55,16.3496952056885
94,55,15.5062789916992
95,55,13.9160995483398
96,55,13.499532699585
97,55,10.3567142486572
98,55,7.14740419387817
99,55,6.2759108543396
100,55,6.88661289215088
101,55,6.91675901412964
102,55,6.44641494750977
107,55,6.95935535430908
108,55,7.86475658416748
109,55,8.24288368225098
110,55,7.6749324798584
111,55,6.82363843917847
112,55,6.1318359375
113,55,6.24500465393066
284,55,6.30019426345825
286,55,7.17078304290772
287,55,8.20434665679932
288,55,9.12834072113037
289,55,8.78205394744873
290,55,8.9002628326416
291,55,11.9124174118042
292,55,12.4899234771729
293,55,11.7111282348633
294,55,11.8510398864746
295,55,13.1546001434326
296,55,15.215537071228
297,55,17.1039886474609
298,55,19.3450946807861
299,55,23.7941017150879
300,55,28.4864959716797
301,55,35.8165245056152
302,55,44.7550315856934
303,55,42.1213912963867
304,55,39.2155303955078
305,55,35.6744117736816
306,55,34.3272094726563
307,55,37.2819595336914
308,55,40.8854789733887
309,55,36.2428016662598
310,55,52.4570045471192
311,55,77.6626052856445
312,55,102.601982116699
313,55,118.829063415527
314,55,130.822982788086
315,55,138.873825073242
316,55,148.090286254883
317,55,154.272033691406
318,55,164.271438598633
319,55,174.114318847656
320,55,202.394866943359
321,55,220.406402587891
322,55,178.313323974609
323,55,179.275527954102
324,55,225.858489990234
325,55,364.999572753906
326,55,218.446105957031
327,55,252.268646240234
328,55,245.905181884766
329,55,188.739212036133
330,55,127.617233276367
331,55,146.669921875
332,55,106.258483886719
333,55,103.201362609863
334,55,113.034568786621
335,55,62.1053619384766
336,55,65.7567901611328
337,55,99.0830917358399
338,55,77.3361434936524
339,55,81.2814254760742
340,55,76.3210525512695
341,55,68.720573425293
342,55,74.4552917480469
343,55,75.9627685546875
344,55,61.1759338378906
345,55,53.5019836425781
346,55,55.2747840881348
347,55,56.0630950927734
348,55,52.6521453857422
349,55,51.0498046875
350,55,51.4912261962891
351,55,47.5562362670898
352,55,48.0738258361816
353,55,51.7381248474121
354,55,56.8701400756836
355,55,49.5357284545899
356,55,49.1463508605957
357,55,40.1331672668457
358,55,35.5801010131836
359,55,32.1308517456055
1,56,43.1609382629395
2,56,45.6261520385742
3,56,55.2414283752442
4,56,42.622314453125
5,56,48.989070892334
6,56,39.3553009033203
7,56,36.1358375549316
8,56,37.5711822509766
9,56,39.603141784668
10,56,41.9329223632813
11,56,41.4763946533203
12,56,114.534721374512
13,56,87.0884399414063
14,56,43.8211059570313
15,56,41.2296905517578
16,56,41.9155769348145
17,56,46.5491180419922
18,56,45.5189208984375
19,56,47.1285629272461
20,56,46.748176574707
21,56,47.7415504455566
22,56,50.4440841674805
23,56,50.0067672729492
24,56,45.7841873168945
25,56,37.980842590332
26,56,33.906192779541
27,56,36.3256492614746
28,56,35.665153503418
29,56,36.7042541503906
30,56,33.432731628418
31,56,41.5723037719727
32,56,42.0209274291992
33,56,44.3176574707031
34,56,47.2248916625977
35,56,43.5207443237305
36,56,44.7523422241211
37,56,53.3248634338379
38,56,62.5421829223633
39,56,69.278434753418
40,56,82.7095794677734
41,56,112.667907714844
42,56,130.241729736328
43,56,130.820175170898
44,56,123.041374206543
45,56,130.749237060547
46,56,248.135681152344
47,56,172.283630371094
48,56,189.365859985352
49,56,216.022689819336
50,56,237.51171875
51,56,224.193969726563
52,56,192.501815795898
53,56,241.177627563477
54,56,284.621154785156
55,56,213.716674804688
56,56,165.46809387207
57,56,152.419799804688
58,56,115.559562683105
59,56,95.9824371337891
60,56,96.7983169555664
61,56,93.5952301025391
62,56,90.7009429931641
63,56,84.1019668579102
64,56,96.1424865722656
65,56,92.7160339355469
66,56,89.396484375
67,56,83.5594787597656
68,56,79.1568908691406
69,56,69.3382568359375
70,56,55.0035705566406
71,56,51.9677734375
72,56,61.670841217041
73,56,79.0554962158203
74,56,87.9369506835938
75,56,89.2756881713867
76,56,82.4107666015625
77,56,76.5528793334961
78,56,63.2412528991699
79,56,63.6808624267578
80,56,66.0831680297852
81,56,65.4437561035156
82,56,49.6224021911621
83,56,37.9193801879883
84,56,28.8198490142822
85,56,22.2611865997314
86,56,20.3778228759766
87,56,17.7351016998291
88,56,17.4485015869141
89,56,17.5717887878418
90,56,15.2398815155029
91,56,13.9785308837891
92,56,13.6860389709473
93,56,13.2731819152832
94,56,12.4630937576294
95,56,10.4406051635742
96,56,9.21334743499756
97,56,7.80210733413696
98,56,6.93980979919434
102,56,6.12752389907837
108,56,6.62003421783447
109,56,7.24371957778931
110,56,7.69446420669556
111,56,7.63879871368408
112,56,6.65928268432617
113,56,6.41675186157227
116,56,6.12426996231079
117,56,6.11025333404541
121,56,6.11474895477295
124,56,6.69049882888794
125,56,6.76431465148926
286,56,7.5015549659729
287,56,7.22115850448608
288,56,6.71777439117432
289,56,8.65445613861084
290,56,9.78376293182373
291,56,11.0539093017578
292,56,12.7737770080566
293,56,13.6155281066895
294,56,11.0237665176392
295,56,11.2187213897705
296,56,13.4558544158936
297,56,13.9035224914551
298,56,15.0287485122681
299,56,15.9865684509277
300,56,22.2681102752686
301,56,37.1807518005371
302,56,36.9081649780273
303,56,35.1026878356934
304,56,31.6337814331055
305,56,34.2222290039063
306,56,42.5774383544922
307,56,54.022834777832
308,56,53.4867324829102
309,56,63.5938911437988
310,56,77.3623580932617
311,56,92.7410430908203
312,56,97.0987854003906
313,56,101.685958862305
314,56,112.36336517334
315,56,118.412231445313
316,56,124.164093017578
317,56,125.343688964844
318,56,126.169715881348
319,56,156.327499389648
320,56,172.295166015625
321,56,177.943771362305
322,56,251.667541503906
323,56,159.220886230469
324,56,143.587768554688
325,56,165.208267211914
326,56,190.469589233398
327,56,226.204147338867
328,56,174.407165527344
329,56,165.489868164063
330,56,168.691345214844
331,56,162.874038696289
332,56,136.714813232422
333,56,153.961013793945
334,56,198.466064453125
335,56,194.731964111328
336,56,102.490447998047
337,56,105.443428039551
338,56,87.7700653076172
339,56,78.7541580200195
340,56,74.8599548339844
341,56,76.44677734375
342,56,79.6564331054688
343,56,82.5617752075195
344,56,84.1429824829102
345,56,74.3170547485352
346,56,66.9353103637695
347,56,72.8977813720703
348,56,67.8115692138672
349,56,72.7505493164063
350,56,81.7023010253906
351,56,72.9452133178711
352,56,75.4380493164063
353,56,80.7009201049805
354,56,63.5121612548828
355,56,53.5553817749024
356,56,47.3064613342285
357,56,44.1563529968262
358,56,38.4247627258301
359,56,36.0967445373535
1,57,54.3247909545899
2,57,50.0845336914063
3,57,54.2003479003906
4,57,57.016716003418
5,57,50.9764823913574
6,57,48.422004699707
7,57,44.0277481079102
8,57,42.4998321533203
9,57,42.951229095459
10,57,40.5839691162109
11,57,33.2473220825195
12,57,30.2455959320068
13,57,33.1174507141113
14,57,42.1900100708008
15,57,50.8940734863281
16,57,52.8035507202149
17,57,52.3014144897461
18,57,46.0761337280273
19,57,44.8482627868652
20,57,43.9598960876465
21,57,49.4330291748047
22,57,59.5756874084473
23,57,65.3259811401367
24,57,67.4805603027344
25,57,55.3127670288086
26,57,39.2175521850586
27,57,31.6201610565186
28,57,38.9345092773438
29,57,39.6896896362305
30,57,37.7482872009277
31,57,38.7560195922852
32,57,48.0895690917969
33,57,57.7732429504395
34,57,61.6603393554688
35,57,72.8023529052734
36,57,73.0609436035156
37,57,80.1167678833008
38,57,83.1899032592773
39,57,90.001708984375
40,57,111.566314697266
41,57,120.52734375
42,57,128.021453857422
43,57,157.870880126953
44,57,155.599884033203
45,57,126.057685852051
46,57,250.052520751953
47,57,231.209625244141
48,57,236.026107788086
49,57,235.741607666016
50,57,264.517303466797
51,57,273.115509033203
52,57,237.701293945313
53,57,214.316925048828
54,57,192.806854248047
55,57,136.179397583008
56,57,113.402641296387
57,57,94.0122833251953
58,57,98.0235443115235
59,57,79.203369140625
60,57,78.2999877929688
61,57,81.001220703125
62,57,85.7568588256836
63,57,88.4373550415039
64,57,79.1646423339844
65,57,77.9707717895508
66,57,63.9302558898926
67,57,58.2753639221192
68,57,58.3352928161621
69,57,69.2631378173828
70,57,64.0234527587891
71,57,58.4613265991211
72,57,59.5152778625488
73,57,65.97998046875
74,57,65.3562622070313
75,57,67.2613296508789
76,57,65.8587875366211
77,57,55.6684494018555
78,57,59.4107666015625
79,57,70.3821258544922
80,57,71.2675933837891
81,57,69.1866989135742
82,57,64.2985458374024
83,57,46.4523887634277
84,57,32.8350868225098
85,57,26.1815319061279
86,57,20.2949714660645
87,57,17.7025184631348
88,57,17.7183437347412
89,57,16.2335872650146
90,57,13.9323930740356
91,57,11.5332984924316
92,57,9.79907035827637
93,57,10.0981979370117
94,57,10.886830329895
95,57,11.838282585144
96,57,9.3607234954834
97,57,7.70307588577271
98,57,7.00614356994629
108,57,6.58101177215576
109,57,6.34342432022095
111,57,7.377272605896
112,57,6.60679769515991
113,57,6.05083990097046
114,57,6.41500425338745
115,57,6.8027925491333
116,57,7.21600723266602
124,57,7.33095359802246
125,57,7.5202808380127
126,57,6.798828125
127,57,6.82410717010498
128,57,6.64093446731567
130,57,6.0577917098999
131,57,7.45342969894409
286,57,6.62470626831055
287,57,6.57508516311646
288,57,7.11173248291016
289,57,8.92412376403809
290,57,8.53165340423584
291,57,8.56338310241699
292,57,8.99875354766846
293,57,10.1859245300293
294,57,9.095139503479
295,57,7.79929780960083
296,57,10.2056760787964
297,57,11.1255321502686
298,57,13.5751094818115
299,57,14.4099912643433
300,57,17.8848819732666
301,57,22.4116706848145
302,57,24.9361000061035
303,57,33.4887542724609
304,57,34.8143043518066
305,57,41.1092033386231
306,57,45.2894592285156
307,57,46.9938278198242
308,57,79.8675537109375
309,57,96.2821807861328
310,57,92.1067047119141
311,57,81.2884979248047
312,57,86.068603515625
313,57,99.017822265625
314,57,101.445709228516
315,57,96.9666366577149
316,57,108.126045227051
317,57,113.95043182373
318,57,110.284469604492
319,57,124.190078735352
320,57,117.817840576172
321,57,121.72607421875
322,57,162.119659423828
323,57,168.553588867188
324,57,143.386978149414
325,57,152.434295654297
326,57,217.056793212891
327,57,187.545135498047
328,57,175.536224365234
329,57,158.444381713867
330,57,144.986877441406
331,57,166.616897583008
332,57,158.940856933594
333,57,138.388122558594
334,57,124.291595458984
335,57,121.56526184082
336,57,152.900619506836
337,57,118.338272094727
338,57,97.0778656005859
339,57,111.301933288574
340,57,91.3094177246094
341,57,74.9065856933594
342,57,68.1408386230469
343,57,83.4947662353516
344,57,87.5084228515625
345,57,106.608734130859
346,57,104.488540649414
347,57,106.88557434082
348,57,112.346061706543
349,57,131.836349487305
350,57,162.913543701172
351,57,157.906372070313
352,57,121.420028686523
353,57,92.0390625
354,57,69.9410171508789
355,57,62.9274864196777
356,57,64.9001083374024
357,57,66.0616760253906
358,57,64.1050720214844
359,57,60.2334594726563
1,58,76.3390502929688
2,58,105.614204406738
3,58,84.6026458740234
4,58,77.5180816650391
5,58,70.0866317749023
6,58,80.1578979492188
7,58,64.4676208496094
8,58,65.97509765625
9,58,45.9348297119141
10,58,46.924560546875
11,58,44.3862152099609
12,58,55.2891502380371
13,58,52.6622161865234
14,58,61.9339866638184
15,58,63.0242118835449
16,58,93.9948043823242
17,58,47.8896942138672
18,58,47.030632019043
19,58,52.7639007568359
20,58,57.9868049621582
21,58,51.8436584472656
22,58,53.5200958251953
23,58,62.2741737365723
24,58,50.541015625
25,58,49.3232574462891
26,58,58.0174713134766
27,58,49.4322090148926
28,58,48.5496215820313
29,58,49.0151443481445
30,58,59.8573455810547
31,58,61.524227142334
32,58,66.7049407958984
33,58,85.5846405029297
34,58,88.0381317138672
35,58,87.2072448730469
36,58,84.9706726074219
37,58,87.7576141357422
38,58,106.216438293457
39,58,105.71752166748
40,58,103.353439331055
41,58,116.344139099121
42,58,134.071563720703
43,58,151.716217041016
44,58,162.114242553711
45,58,136.829376220703
46,58,169.284027099609
47,58,249.643936157227
48,58,212.641876220703
49,58,231.988311767578
50,58,272.837768554688
51,58,277.402709960938
52,58,267.283630371094
53,58,215.437530517578
54,58,140.588043212891
55,58,111.228500366211
56,58,99.7111282348633
57,58,101.008842468262
58,58,96.1874389648438
59,58,93.2081451416016
60,58,83.1769332885742
61,58,87.5627746582031
62,58,106.981910705566
63,58,102.123199462891
64,58,90.2073059082031
65,58,84.6521301269531
66,58,67.7323684692383
67,58,62.6846885681152
68,58,57.0134582519531
69,58,58.1413726806641
70,58,76.4468765258789
71,58,74.6959686279297
72,58,72.1381683349609
73,58,80.6040115356445
74,58,69.1795425415039
75,58,54.8015060424805
76,58,49.2167205810547
77,58,51.0769577026367
78,58,61.0879631042481
79,58,65.6503677368164
80,58,53.1950836181641
81,58,47.2423973083496
82,58,52.6294479370117
83,58,47.0445327758789
84,58,40.5965957641602
85,58,31.1787605285645
86,58,23.8982467651367
87,58,19.445821762085
88,58,16.3350563049316
89,58,16.6456756591797
90,58,14.1469068527222
91,58,10.3407201766968
92,58,8.67984485626221
93,58,8.69387817382813
94,58,9.62838840484619
95,58,10.7183055877686
96,58,8.50065040588379
97,58,7.25700855255127
98,58,6.43638277053833
99,58,6.6763072013855
109,58,6.19273090362549
111,58,6.08265399932861
112,58,6.15305376052856
115,58,6.6970911026001
116,58,6.88675308227539
124,58,6.62757730484009
125,58,9.26503849029541
126,58,13.2296171188354
127,58,11.6742687225342
128,58,8.8749532699585
129,58,7.3784351348877
130,58,9.63893604278564
131,58,9.6290922164917
278,58,6.28694820404053
285,58,6.2315673828125
286,58,6.2450761795044
287,58,7.45315170288086
288,58,7.77386379241943
289,58,7.0294075012207
290,58,6.14740228652954
291,58,7.07769536972046
292,58,7.04672145843506
293,58,7.20731830596924
294,58,6.91746997833252
295,58,8.06382656097412
296,58,10.6865615844727
297,58,12.47900390625
298,58,12.863715171814
299,58,12.3463888168335
300,58,14.1862030029297
301,58,21.2943420410156
302,58,26.8146533966064
303,58,29.8474769592285
304,58,38.8366737365723
305,58,43.2998886108398
306,58,49.1893310546875
307,58,42.7807960510254
308,58,52.40966796875
309,58,66.6369094848633
310,58,60.987548828125
311,58,73.2201538085938
312,58,78.1154479980469
313,58,91.7211151123047
314,58,96.9006118774414
315,58,82.6927185058594
316,58,74.4164123535156
317,58,68.5570220947266
318,58,67.8003540039063
319,58,83.1798553466797
320,58,116.651779174805
321,58,133.803649902344
322,58,133.05339050293
323,58,151.759841918945
324,58,140.595306396484
325,58,204.657669067383
326,58,197.351531982422
327,58,191.850128173828
328,58,202.889129638672
329,58,207.851104736328
330,58,176.620544433594
331,58,210.757019042969
332,58,206.100448608398
333,58,202.153732299805
334,58,209.557281494141
335,58,198.80207824707
336,58,203.371124267578
337,58,138.637557983398
338,58,143.881011962891
339,58,145.457794189453
340,58,126.498947143555
341,58,223.79345703125
342,58,124.258972167969
343,58,129.749755859375
344,58,207.877014160156
345,58,120.118942260742
346,58,155.842391967773
347,58,164.075378417969
348,58,180.566253662109
349,58,193.720672607422
350,58,230.180053710938
351,58,198.284774780273
352,58,122.252655029297
353,58,115.802032470703
354,58,109.491470336914
355,58,98.6718826293945
356,58,89.4244003295898
357,58,96.3959579467774
358,58,103.213317871094
359,58,89.1013717651367
1,59,97.0024185180664
2,59,106.069351196289
3,59,107.913261413574
4,59,103.645919799805
5,59,87.6512832641602
6,59,87.3057632446289
7,59,76.4497985839844
8,59,84.2486343383789
9,59,81.6539611816406
10,59,63.9410247802734
11,59,61.7299118041992
12,59,76.3401870727539
13,59,65.8160171508789
14,59,67.9847259521484
15,59,68.8262634277344
16,59,101.700492858887
17,59,65.1634826660156
18,59,63.3045349121094
19,59,62.1805191040039
20,59,56.4621276855469
21,59,48.6935958862305
22,59,58.8008918762207
23,59,73.6138381958008
24,59,63.4634323120117
25,59,61.3439025878906
26,59,68.7493896484375
27,59,69.8512573242188
28,59,72.1053466796875
29,59,78.2987899780274
30,59,85.5316619873047
31,59,93.6342849731445
32,59,94.0169448852539
33,59,108.653915405273
34,59,111.363998413086
35,59,103.987297058105
36,59,119.918991088867
37,59,116.11791229248
38,59,101.022277832031
39,59,112.886596679688
40,59,97.5147399902344
41,59,90.7690658569336
42,59,89.6625595092774
43,59,100.681793212891
44,59,128.932693481445
45,59,147.39762878418
46,59,139.822708129883
47,59,172.008941650391
48,59,167.764343261719
49,59,158.015029907227
50,59,155.011291503906
51,59,303.612396240234
52,59,290.962310791016
53,59,136.51611328125
54,59,124.469993591309
55,59,114.171104431152
56,59,107.71989440918
57,59,110.417121887207
58,59,116.410530090332
59,59,105.970947265625
60,59,90.5966567993164
61,59,85.1676635742188
62,59,78.5408706665039
63,59,73.8570709228516
64,59,76.3639984130859
65,59,82.5960311889648
66,59,73.5240249633789
67,59,61.444019317627
68,59,52.973316192627
69,59,54.1359329223633
70,59,63.3801040649414
71,59,78.7933731079102
72,59,87.1109390258789
73,59,97.1027755737305
74,59,78.1811752319336
75,59,65.7201995849609
76,59,67.583984375
77,59,53.5074691772461
78,59,52.0404281616211
79,59,46.1460914611816
80,59,35.2007369995117
81,59,37.0844688415527
82,59,38.8019752502441
83,59,39.0765228271484
84,59,39.4264335632324
85,59,30.9285202026367
86,59,25.6440315246582
87,59,18.7861824035645
88,59,14.8545894622803
89,59,13.7178773880005
90,59,11.3589220046997
91,59,10.3686513900757
92,59,10.8946714401245
93,59,10.6258125305176
94,59,9.9783296585083
95,59,10.3035650253296
96,59,9.10910320281982
97,59,6.82338953018189
98,59,6.06892824172974
99,59,6.1592116355896
100,59,6.28435611724854
103,59,6.42430210113525
104,59,6.40935802459717
124,59,7.02985382080078
125,59,9.28656673431396
126,59,15.4083423614502
127,59,12.3925285339355
128,59,7.50107192993164
129,59,6.10406064987183
130,59,7.07317924499512
131,59,6.09183549880981
287,59,6.57189655303955
288,59,7.14513635635376
289,59,8.12985420227051
290,59,7.34182643890381
291,59,6.93422698974609
292,59,6.80247259140015
293,59,6.90718603134155
294,59,7.32143592834473
295,59,7.97702026367188
296,59,8.44137096405029
297,59,9.66712188720703
298,59,11.5738554000855
299,59,11.5254859924316
300,59,16.1335105895996
301,59,20.8423290252686
302,59,20.9295310974121
303,59,26.3199062347412
304,59,32.60791015625
305,59,34.3740310668945
306,59,37.9233932495117
307,59,48.6590728759766
308,59,48.5563430786133
309,59,53.0782852172852
310,59,64.2248229980469
311,59,76.3538589477539
312,59,71.3420867919922
313,59,88.0411987304688
314,59,91.6601715087891
315,59,85.2656936645508
316,59,70.2582702636719
317,59,70.4649200439453
318,59,103.120986938477
319,59,95.3069229125977
320,59,97.5450744628906
321,59,84.594612121582
322,59,90.3317031860352
323,59,86.0027313232422
324,59,113.317916870117
325,59,124.586791992188
326,59,107.954200744629
327,59,114.334228515625
328,59,143.909637451172
329,59,177.344650268555
330,59,183.590087890625
331,59,183.231536865234
332,59,225.625213623047
333,59,266.494995117188
334,59,171.115127563477
335,59,201.534469604492
336,59,218.432556152344
337,59,241.011199951172
338,59,221.856643676758
339,59,197.756286621094
340,59,189.765701293945
341,59,202.039428710938
342,59,194.736892700195
343,59,236.595886230469
344,59,327.703582763672
345,59,156.479995727539
346,59,166.792449951172
347,59,215.554504394531
348,59,228.834655761719
349,59,228.581390380859
350,59,186.466354370117
351,59,195.218139648438
352,59,254.085159301758
353,59,171.114532470703
354,59,140.167007446289
355,59,116.195068359375
356,59,127.912109375
357,59,110.796493530273
358,59,118.712539672852
359,59,109.462188720703
1,60,98.7516784667969
2,60,105.125579833984
3,60,107.540313720703
4,60,129.404037475586
5,60,120.704849243164
6,60,90.7689514160156
7,60,90.8552551269531
8,60,83.1792602539063
9,60,72.4459228515625
10,60,74.1618576049805
11,60,62.1507453918457
12,60,56.3170585632324
13,60,55.7168350219727
14,60,54.8682594299316
15,60,55.712287902832
16,60,66.2927017211914
17,60,81.280029296875
18,60,81.2451019287109
19,60,70.6058044433594
20,60,67.4866943359375
21,60,60.8313140869141
22,60,57.9651107788086
23,60,60.6389236450195
24,60,71.0125045776367
25,60,78.144775390625
26,60,78.3719635009766
27,60,100.852111816406
28,60,133.071716308594
29,60,150.076202392578
30,60,157.662338256836
31,60,172.712295532227
32,60,191.998016357422
33,60,183.950424194336
34,60,95.5883026123047
35,60,89.7997512817383
36,60,151.747772216797
37,60,158.962829589844
38,60,125.732566833496
39,60,127.058570861816
40,60,123.330078125
41,60,145.628143310547
42,60,158.983596801758
43,60,139.280746459961
44,60,108.472900390625
45,60,114.634704589844
46,60,142.608932495117
47,60,161.256622314453
48,60,170.410354614258
49,60,144.455108642578
50,60,111.987998962402
51,60,122.358131408691
52,60,134.925064086914
53,60,97.6588821411133
54,60,98.0520629882812
55,60,98.6322631835938
56,60,114.618133544922
57,60,110.897888183594
58,60,90.5976867675781
59,60,77.7129898071289
60,60,79.6676025390625
61,60,72.3540115356445
62,60,73.6979370117188
63,60,78.3129196166992
64,60,88.3928985595703
65,60,75.7891616821289
66,60,60.9996681213379
67,60,60.0656890869141
68,60,70.2598419189453
69,60,79.6125183105469
70,60,78.9173431396484
71,60,74.4101943969727
72,60,71.5859451293945
73,60,82.4855346679688
74,60,81.5184326171875
75,60,74.022819519043
76,60,70.5585479736328
77,60,65.7542495727539
78,60,56.2097778320313
79,60,47.1091461181641
80,60,44.0888328552246
81,60,45.0118408203125
82,60,41.4016647338867
83,60,42.1514892578125
84,60,35.3996238708496
85,60,29.1778583526611
86,60,26.0096569061279
87,60,19.9431133270264
88,60,15.5942897796631
89,60,12.824556350708
90,60,13.0635471343994
91,60,13.3505535125732
92,60,12.7864170074463
93,60,11.1056499481201
94,60,9.11934089660645
95,60,8.21371650695801
96,60,7.9918384552002
97,60,8.18022918701172
98,60,8.28885078430176
99,60,7.84293413162231
100,60,7.74326229095459
101,60,7.02190923690796
102,60,7.14710378646851
103,60,7.8319206237793
104,60,7.61663818359375
105,60,6.87543106079102
109,60,7.21392869949341
110,60,6.98514652252197
113,60,6.29559850692749
114,60,6.88318204879761
119,60,6.28297472000122
121,60,7.37217140197754
122,60,7.91679096221924
123,60,7.3635516166687
124,60,8.12147521972656
125,60,8.64297199249268
126,60,8.72461128234863
127,60,7.37406015396118
130,60,6.63318252563477
131,60,6.46942234039307
251,60,6.77380847930908
252,60,7.96926879882813
286,60,6.25842952728272
287,60,7.48966121673584
288,60,7.84570026397705
289,60,8.15287685394287
290,60,7.42118692398071
291,60,6.64122819900513
292,60,6.45861530303955
293,60,6.44404983520508
294,60,7.31900072097778
295,60,7.50694847106934
296,60,7.06779670715332
297,60,8.11687755584717
298,60,8.54575824737549
299,60,9.97632503509521
300,60,11.8979396820068
301,60,15.1420364379883
302,60,21.066276550293
303,60,22.6984386444092
304,60,22.9966239929199
305,60,24.5602264404297
306,60,27.267068862915
307,60,28.6446762084961
308,60,32.3865928649902
309,60,48.8065986633301
310,60,74.4812850952149
311,60,85.9032363891602
312,60,78.3957595825195
313,60,105.2451171875
314,60,119.445686340332
315,60,125.725433349609
316,60,105.381103515625
317,60,103.152481079102
318,60,114.953460693359
319,60,109.809158325195
320,60,66.1267166137695
321,60,64.3272094726563
322,60,81.9058074951172
323,60,91.1490020751953
324,60,102.785354614258
325,60,118.51976776123
326,60,129.539779663086
327,60,125.395294189453
328,60,126.883644104004
329,60,140.577423095703
330,60,122.649208068848
331,60,125.388153076172
332,60,145.104965209961
333,60,190.693954467773
334,60,205.782272338867
335,60,172.682006835938
336,60,195.140731811523
337,60,202.692276000977
338,60,224.284973144531
339,60,185.638595581055
340,60,206.252243041992
341,60,195.939834594727
342,60,284.750274658203
343,60,264.881683349609
344,60,176.993713378906
345,60,169.781127929688
346,60,271.65869140625
347,60,213.707427978516
348,60,237.234725952148
349,60,156.847229003906
350,60,117.741683959961
351,60,168.242111206055
352,60,178.099578857422
353,60,282.177154541016
354,60,169.983154296875
355,60,153.912902832031
356,60,194.811248779297
357,60,192.505126953125
358,60,224.663696289063
359,60,120.74047088623
1,61,109.388046264648
2,61,120.81282043457
3,61,137.714401245117
4,61,155.135192871094
5,61,164.194885253906
6,61,105.014572143555
7,61,99.2172317504883
8,61,107.378578186035
9,61,110.108535766602
10,61,149.920394897461
11,61,121.245895385742
12,61,119.285514831543
13,61,125.770904541016
14,61,121.394256591797
15,61,99.7730407714844
16,61,90.2840270996094
17,61,89.3817977905274
18,61,101.647277832031
19,61,103.979515075684
20,61,97.2796249389648
21,61,82.4592208862305
22,61,92.1625442504883
23,61,104.734268188477
24,61,125.63353729248
25,61,156.107177734375
26,61,159.553741455078
27,61,151.402374267578
28,61,156.48388671875
29,61,137.362838745117
30,61,133.536743164063
31,61,153.480026245117
32,61,159.571319580078
33,61,150.307830810547
34,61,161.095123291016
35,61,99.1118621826172
36,61,210.535308837891
37,61,168.370635986328
38,61,173.147735595703
39,61,148.337036132813
40,61,137.262359619141
41,61,195.145065307617
42,61,234.840759277344
43,61,167.664093017578
44,61,179.509552001953
45,61,141.325088500977
46,61,133.258666992188
47,61,138.720275878906
48,61,155.513473510742
49,61,152.508697509766
50,61,157.675048828125
51,61,129.178085327148
52,61,97.5879898071289
53,61,94.2002716064453
54,61,97.8089370727539
55,61,109.230018615723
56,61,102.033813476563
57,61,77.2108612060547
58,61,72.3595581054688
59,61,74.5785140991211
60,61,80.5240478515625
61,61,74.8916397094727
62,61,78.9978103637695
63,61,84.8363037109375
64,61,77.9440002441406
65,61,71.7670211791992
66,61,75.5749664306641
67,61,74.0319366455078
68,61,73.8892135620117
69,61,79.3499450683594
70,61,83.1646041870117
71,61,72.0982360839844
72,61,63.2171211242676
73,61,71.9985885620117
74,61,74.2666702270508
75,61,73.9064636230469
76,61,63.4264297485352
77,61,53.5365257263184
78,61,45.0298843383789
79,61,38.0929985046387
80,61,41.0533256530762
81,61,43.547233581543
82,61,39.42333984375
83,61,33.3976287841797
84,61,28.8739433288574
85,61,24.9400405883789
86,61,19.9192924499512
87,61,19.449613571167
88,61,20.0285911560059
89,61,18.7207794189453
90,61,16.6666870117188
91,61,14.5878667831421
92,61,14.7228298187256
93,61,14.8807773590088
94,61,14.6259460449219
95,61,13.1333980560303
96,61,11.6456155776978
97,61,9.16519546508789
98,61,9.2701244354248
99,61,10.2098474502563
100,61,9.54113674163818
101,61,8.00315856933594
102,61,7.32181072235107
103,61,7.61465358734131
104,61,8.05831432342529
105,61,8.23022842407227
106,61,7.12047004699707
107,61,6.13619041442871
108,61,6.59027242660523
109,61,7.08076572418213
110,61,7.78579807281494
111,61,6.95956897735596
112,61,6.04557228088379
113,61,6.26100540161133
114,61,6.50244235992432
118,61,6.834153175354
119,61,7.08329343795776
120,61,6.58082389831543
121,61,10.8466444015503
122,61,10.109992980957
123,61,8.90099143981934
124,61,7.14897108078003
125,61,8.14317131042481
126,61,7.69706678390503
127,61,7.19976949691773
128,61,6.35068035125732
129,61,6.56744623184204
130,61,7.47674036026001
131,61,6.13667583465576
134,61,6.33197021484375
286,61,6.48847436904907
287,61,7.32671117782593
288,61,8.21449947357178
289,61,7.51289892196655
290,61,7.25241184234619
291,61,6.86192989349365
292,61,6.42822980880737
296,61,6.7646861076355
297,61,7.75098562240601
298,61,8.16061305999756
299,61,8.68952941894531
300,61,11.1064195632935
301,61,14.54905128479
302,61,18.6031703948975
303,61,17.9547901153564
304,61,18.0640258789063
305,61,23.0566291809082
306,61,29.6498336791992
307,61,43.114070892334
308,61,47.6120872497559
309,61,45.1108856201172
310,61,55.3533554077148
311,61,56.7085647583008
312,61,70.0142822265625
313,61,102.644660949707
314,61,129.290924072266
315,61,130.284881591797
316,61,133.233901977539
317,61,90.7736663818359
318,61,78.0798034667969
319,61,70.9173049926758
320,61,62.1047019958496
321,61,60.9415435791016
322,61,63.185474395752
323,61,76.9073791503906
324,61,86.4681015014648
325,61,85.2481384277344
326,61,84.9227828979492
327,61,94.1022872924805
328,61,93.2001800537109
329,61,103.628356933594
330,61,110.767761230469
331,61,113.764114379883
332,61,110.80061340332
333,61,183.945709228516
334,61,212.819641113281
335,61,161.808013916016
336,61,174.294235229492
337,61,186.406646728516
338,61,173.492645263672
339,61,167.889846801758
340,61,186.816513061523
341,61,220.357208251953
342,61,272.508331298828
343,61,202.75993347168
344,61,166.002777099609
345,61,165.472503662109
346,61,188.194183349609
347,61,174.500213623047
348,61,490.552795410156
349,61,204.312362670898
350,61,127.281005859375
351,61,105.334777832031
352,61,101.501754760742
353,61,142.877685546875
354,61,176.013595581055
355,61,191.625778198242
356,61,139.290267944336
357,61,138.237442016602
358,61,112.554153442383
359,61,91.3118286132813
1,62,104.487609863281
2,62,116.339210510254
3,62,120.064270019531
4,62,121.739448547363
5,62,142.066879272461
6,62,147.962280273438
7,62,169.932952880859
8,62,143.216354370117
9,62,138.072830200195
10,62,166.282379150391
11,62,161.85888671875
12,62,158.693786621094
13,62,165.266128540039
14,62,146.054061889648
15,62,143.703567504883
16,62,156.026885986328
17,62,154.710235595703
18,62,153.736755371094
19,62,141.796142578125
20,62,173.455596923828
21,62,122.106910705566
22,62,129.695037841797
23,62,133.723236083984
24,62,151.334533691406
25,62,179.898574829102
26,62,157.116271972656
27,62,123.570755004883
28,62,116.010833740234
29,62,131.604232788086
30,62,127.690719604492
31,62,139.128128051758
32,62,147.691070556641
33,62,138.737091064453
34,62,137.351638793945
35,62,176.895782470703
36,62,962.472900390625
37,62,118.454925537109
38,62,95.10498046875
39,62,79.5495834350586
40,62,74.5613250732422
41,62,107.199729919434
42,62,120.195304870605
43,62,77.1027984619141
44,62,80.9824371337891
45,62,95.0112228393555
46,62,92.9669494628906
47,62,110.087814331055
48,62,120.711448669434
49,62,115.206665039063
50,62,126.231079101563
51,62,111.080253601074
52,62,109.571578979492
53,62,102.457130432129
54,62,97.7301483154297
55,62,85.6574325561524
56,62,80.2406768798828
57,62,83.4926605224609
58,62,81.0354461669922
59,62,80.1363220214844
60,62,78.5575714111328
61,62,81.92724609375
62,62,89.057487487793
63,62,108.150970458984
64,62,91.9655685424805
65,62,87.5158004760742
66,62,96.644172668457
67,62,107.122573852539
68,62,93.4879837036133
69,62,67.2073440551758
70,62,60.2435340881348
71,62,55.5640983581543
72,62,50.8520393371582
73,62,45.8782501220703
74,62,46.7245025634766
75,62,40.2618865966797
76,62,39.5468292236328
77,62,35.8507347106934
78,62,31.9666938781738
79,62,35.8650779724121
80,62,37.7241935729981
81,62,31.5975093841553
82,62,25.1646022796631
83,62,20.5897617340088
84,62,18.1962051391602
85,62,16.7128639221191
86,62,15.8165187835693
87,62,16.0672550201416
88,62,16.6679344177246
89,62,17.2021503448486
90,62,18.3217792510986
91,62,17.5619029998779
92,62,17.7082939147949
93,62,19.7656631469727
94,62,24.3308715820313
95,62,23.4386520385742
96,62,19.1019058227539
97,62,15.4443016052246
98,62,13.7790546417236
99,62,14.3088340759277
100,62,15.5645885467529
101,62,14.997184753418
102,62,12.7298107147217
103,62,10.6568841934204
104,62,8.43300247192383
105,62,7.0810112953186
106,62,6.27592945098877
110,62,6.29086685180664
112,62,6.45731592178345
113,62,6.52070331573486
114,62,6.60809278488159
119,62,6.1609673500061
120,62,6.33071947097778
121,62,6.06780433654785
122,62,6.77424383163452
123,62,7.06393957138062
127,62,7.09570693969727
128,62,8.50824165344238
129,62,10.0128746032715
130,62,11.3727464675903
131,62,9.45022392272949
132,62,8.37372875213623
133,62,7.88168573379517
134,62,6.44532442092896
284,62,6.64008855819702
285,62,7.87767505645752
286,62,7.70129585266113
287,62,7.14234590530396
288,62,7.05926132202148
289,62,6.57485389709473
298,62,7.73516368865967
299,62,9.94379806518555
300,62,11.8071613311768
301,62,16.3290519714355
302,62,19.6967391967773
303,62,21.0701961517334
304,62,20.2169151306152
305,62,22.2041988372803
306,62,27.2798614501953
307,62,35.4858818054199
308,62,39.4758720397949
309,62,45.3960914611816
310,62,47.7112007141113
311,62,42.9145050048828
312,62,50.9521560668945
313,62,61.9498443603516
314,62,79.2077255249023
315,62,99.1974487304688
316,62,107.002555847168
317,62,103.238739013672
318,62,107.735870361328
319,62,105.279228210449
320,62,72.8977127075195
321,62,78.1492919921875
322,62,75.1379241943359
323,62,69.1199188232422
324,62,67.5216598510742
325,62,59.2616806030274
326,62,60.2167358398438
327,62,66.1499633789063
328,62,74.1985931396484
329,62,81.6477432250977
330,62,79.7913970947266
331,62,95.5500717163086
332,62,111.021774291992
333,62,136.1201171875
334,62,168.871566772461
335,62,139.354431152344
336,62,141.761047363281
337,62,145.459991455078
338,62,167.162109375
339,62,210.326232910156
340,62,230.318801879883
341,62,274.170837402344
342,62,192.391860961914
343,62,619.913208007813
344,62,270.078308105469
345,62,236.211410522461
346,62,226.170135498047
347,62,184.768493652344
348,62,304.795623779297
349,62,167.753692626953
350,62,135.257965087891
351,62,133.970916748047
352,62,143.928070068359
353,62,167.281219482422
354,62,179.491577148438
355,62,146.404708862305
356,62,135.245101928711
357,62,117.183448791504
358,62,91.6647186279297
359,62,82.2768707275391
1,63,86.7019577026367
2,63,90.7016143798828
3,63,107.593032836914
4,63,135.652984619141
5,63,190.354553222656
6,63,162.689376831055
7,63,184.248062133789
8,63,151.184753417969
9,63,159.8974609375
10,63,163.669036865234
11,63,146.785781860352
12,63,124.483390808105
13,63,122.024368286133
14,63,132.71467590332
15,63,157.96337890625
16,63,178.719482421875
17,63,202.483764648438
18,63,176.562377929688
19,63,177.558059692383
20,63,185.764419555664
21,63,154.656387329102
22,63,158.729263305664
23,63,156.545593261719
24,63,133.117141723633
25,63,138.842727661133
26,63,150.807052612305
27,63,127.377250671387
28,63,112.662292480469
29,63,116.088645935059
30,63,112.09033203125
31,63,113.497886657715
32,63,119.853103637695
33,63,96.4442596435547
34,63,82.8327713012695
35,63,78.475715637207
36,63,64.307487487793
37,63,32.1059494018555
38,63,48.3748626708984
39,63,75.7336196899414
40,63,87.2179946899414
41,63,96.9321594238281
42,63,85.0436630249024
43,63,96.1715850830078
44,63,98.3416748046875
45,63,104.60799407959
46,63,122.548278808594
47,63,117.195846557617
48,63,107.862396240234
49,63,118.575859069824
50,63,120.23112487793
51,63,120.180679321289
52,63,125.14143371582
53,63,128.171768188477
54,63,132.485488891602
55,63,111.9521484375
56,63,80.755256652832
57,63,73.5777587890625
58,63,80.9756469726563
59,63,90.6485443115234
60,63,87.7336120605469
61,63,80.9716796875
62,63,76.4523544311524
63,63,92.558837890625
64,63,96.882568359375
65,63,92.7485885620117
66,63,94.2010269165039
67,63,89.6887512207031
68,63,71.8503875732422
69,63,58.9488830566406
70,63,50.2094421386719
71,63,41.5880661010742
72,63,38.1515808105469
73,63,39.3447723388672
74,63,44.3540992736816
75,63,34.1650466918945
76,63,31.0111637115479
77,63,29.6787567138672
78,63,32.0460815429688
79,63,32.3074798583984
80,63,28.9201431274414
81,63,25.1448345184326
82,63,21.0431480407715
83,63,16.5594444274902
84,63,14.7470741271973
85,63,15.2804698944092
86,63,16.2548713684082
87,63,16.0878105163574
88,63,16.5730819702148
89,63,17.3846969604492
90,63,16.5866813659668
91,63,18.3268737792969
92,63,22.3951625823975
93,63,18.900972366333
94,63,16.3396148681641
95,63,14.0224437713623
96,63,11.9317493438721
97,63,10.3945121765137
98,63,9.22454833984375
99,63,10.1733131408691
100,63,10.9247207641602
101,63,10.5408039093018
102,63,8.63888072967529
103,63,6.91147708892822
106,63,6.38147497177124
107,63,7.20590019226074
108,63,7.57163953781128
109,63,6.66419363021851
111,63,6.36905097961426
112,63,6.10815286636353
121,63,6.3272442817688
127,63,6.1698784828186
128,63,10.1930294036865
129,63,16.5995407104492
130,63,17.6112060546875
131,63,14.4621706008911
132,63,10.7183036804199
133,63,8.7659273147583
134,63,6.90340423583984
135,63,6.3248176574707
283,63,6.6124472618103
284,63,6.27207946777344
291,63,6.59978580474854
292,63,6.63041591644287
293,63,6.56509017944336
294,63,6.95483589172363
295,63,7.21903324127197
296,63,6.93457174301148
297,63,8.75819492340088
298,63,9.98108291625977
299,63,11.6383075714111
300,63,16.091682434082
301,63,20.1956520080566
302,63,22.4226131439209
303,63,21.5955047607422
304,63,21.2000331878662
305,63,25.7130184173584
306,63,36.3413887023926
307,63,46.1299934387207
308,63,46.6655807495117
309,63,38.3420791625977
310,63,41.4599494934082
311,63,44.165657043457
312,63,40.6896743774414
313,63,53.0270080566406
314,63,62.5786590576172
315,63,77.1510162353516
316,63,81.9046173095703
317,63,79.3580322265625
318,63,76.5068283081055
319,63,73.4778137207031
320,63,73.1579208374023
321,63,80.2144927978516
322,63,82.4293212890625
323,63,85.0281143188477
324,63,72.2542877197266
325,63,60.6439170837402
326,63,57.4861907958984
327,63,61.467399597168
328,63,63.5141067504883
329,63,66.3271255493164
330,63,71.3285446166992
331,63,76.0050506591797
332,63,79.3972015380859
333,63,95.679573059082
334,63,214.082382202148
335,63,312.691986083984
336,63,214.769195556641
337,63,138.895416259766
338,63,120.076103210449
339,63,113.092956542969
340,63,119.728553771973
341,63,135.391693115234
342,63,114.698638916016
343,63,183.256652832031
344,63,193.972930908203
345,63,214.633361816406
346,63,238.285064697266
347,63,191.328704833984
348,63,172.390213012695
349,63,148.813415527344
350,63,158.092834472656
351,63,181.235214233398
352,63,203.872039794922
353,63,200.874618530273
354,63,163.120101928711
355,63,151.843963623047
356,63,142.345840454102
357,63,149.812286376953
358,63,118.224098205566
359,63,95.4675216674805
1,64,94.219108581543
2,64,106.776748657227
3,64,144.193740844727
4,64,145.673110961914
5,64,157.027420043945
6,64,182.038131713867
7,64,196.142944335938
8,64,182.116455078125
9,64,163.889511108398
10,64,156.54020690918
11,64,151.582382202148
12,64,131.06510925293
13,64,133.610076904297
14,64,158.218673706055
15,64,161.129333496094
16,64,170.797637939453
17,64,191.547546386719
18,64,172.949737548828
19,64,161.703033447266
20,64,180.910720825195
21,64,166.064178466797
22,64,168.93928527832
23,64,165.151458740234
24,64,134.219741821289
25,64,126.717491149902
26,64,132.078125
27,64,132.854705810547
28,64,129.267272949219
29,64,116.214515686035
30,64,103.805206298828
31,64,100.248580932617
32,64,97.498664855957
33,64,101.620323181152
34,64,94.2600708007813
35,64,102.930633544922
36,64,101.122917175293
37,64,90.9889602661133
38,64,89.847038269043
39,64,92.9122009277344
40,64,93.0574645996094
41,64,89.6539001464844
42,64,98.1239318847656
43,64,109.390678405762
44,64,112.949310302734
45,64,110.437576293945
46,64,116.827056884766
47,64,107.418075561523
48,64,100.424903869629
49,64,113.390518188477
50,64,110.219390869141
51,64,97.5707244873047
52,64,99.4595642089844
53,64,89.8647994995117
54,64,84.1812744140625
55,64,78.8383331298828
56,64,79.6674499511719
57,64,66.8367309570313
58,64,63.6738739013672
59,64,65.782112121582
60,64,69.3040237426758
61,64,86.5263824462891
62,64,102.636711120605
63,64,103.99048614502
64,64,99.1738967895508
65,64,111.447410583496
66,64,99.5935668945313
67,64,84.4062194824219
68,64,65.1079940795898
69,64,53.4296340942383
70,64,47.5100173950195
71,64,49.9732894897461
72,64,49.6972389221191
73,64,47.984790802002
74,64,39.3554420471191
75,64,30.6635456085205
76,64,27.8832721710205
77,64,26.4148674011231
78,64,25.0080223083496
79,64,23.7137451171875
80,64,22.3110733032227
81,64,19.0282802581787
82,64,16.0140113830566
83,64,15.4485416412354
84,64,15.7757034301758
85,64,16.3162498474121
86,64,17.6414318084717
87,64,17.3280735015869
88,64,16.3152961730957
89,64,15.1054039001465
90,64,14.7453908920288
91,64,14.4447011947632
92,64,14.5415859222412
93,64,15.1269817352295
94,64,13.2878704071045
95,64,11.1110334396362
96,64,9.66661167144775
97,64,9.22751903533936
98,64,8.90167903900147
99,64,8.35618019104004
100,64,7.88034820556641
101,64,6.56420707702637
107,64,6.25647878646851
108,64,7.20628833770752
109,64,7.25319814682007
110,64,6.5562686920166
121,64,6.84891176223755
122,64,6.97905397415161
128,64,6.05308723449707
129,64,9.01164054870605
130,64,9.8999605178833
131,64,9.94095993041992
132,64,10.8842811584473
133,64,9.55546855926514
134,64,7.676589012146
135,64,7.50322437286377
136,64,7.52933216094971
137,64,7.94945049285889
138,64,6.94456720352173
283,64,6.49025249481201
287,64,6.19337224960327
288,64,6.73054885864258
289,64,7.84441471099854
290,64,9.1169490814209
291,64,9.03657913208008
292,64,9.59355354309082
293,64,9.39403915405273
294,64,8.74981498718262
295,64,9.07730102539062
296,64,9.56570529937744
297,64,11.2505512237549
298,64,13.1744966506958
299,64,15.5543022155762
300,64,18.2993011474609
301,64,18.5814971923828
302,64,20.2031383514404
303,64,23.6670570373535
304,64,27.5746269226074
305,64,35.0515251159668
306,64,40.5480537414551
307,64,41.5565490722656
308,64,39.4176254272461
309,64,33.9363861083984
310,64,31.3631057739258
311,64,37.5324935913086
312,64,49.2533721923828
313,64,61.2131423950195
314,64,74.5834197998047
315,64,77.9069519042969
316,64,81.8388137817383
317,64,85.6850891113281
318,64,79.9735946655274
319,64,76.3591690063477
320,64,66.6567916870117
321,64,65.5262985229492
322,64,61.8950042724609
323,64,65.986198425293
324,64,61.0973625183106
325,64,53.8200225830078
326,64,61.6734237670899
327,64,65.1769332885742
328,64,73.0647125244141
329,64,69.9494323730469
330,64,72.3186798095703
331,64,82.7086563110352
332,64,92.0730133056641
333,64,122.846298217773
334,64,161.060775756836
335,64,170.420043945313
336,64,141.265426635742
337,64,121.598419189453
338,64,104.214019775391
339,64,120.708343505859
340,64,108.859306335449
341,64,120.849464416504
342,64,113.127456665039
343,64,135.595291137695
344,64,179.099227905273
345,64,176.546417236328
346,64,165.166854858398
347,64,164.728073120117
348,64,167.818725585938
349,64,149.049240112305
350,64,129.587005615234
351,64,150.935668945313
352,64,187.092514038086
353,64,195.413848876953
354,64,230.785949707031
355,64,214.625274658203
356,64,147.96061706543
357,64,147.177093505859
358,64,145.684295654297
359,64,115.774398803711
1,65,159.515960693359
2,65,184.120361328125
3,65,183.464019775391
4,65,200.184432983398
5,65,198.162200927734
6,65,298.55712890625
7,65,211.713119506836
8,65,183.989715576172
9,65,164.977569580078
10,65,154.512664794922
11,65,162.86555480957
12,65,169.255218505859
13,65,169.454528808594
14,65,189.403182983398
15,65,236.331008911133
16,65,291.247497558594
17,65,213.177276611328
18,65,200.197906494141
19,65,174.320281982422
20,65,145.755279541016
21,65,135.572845458984
22,65,128.996002197266
23,65,141.198745727539
24,65,124.338600158691
25,65,105.573593139648
26,65,101.984817504883
27,65,98.4316329956055
28,65,94.8433456420898
29,65,89.1729888916016
30,65,93.0121459960938
31,65,101.256912231445
32,65,104.774131774902
33,65,93.345085144043
34,65,107.584457397461
35,65,115.998542785645
36,65,109.450378417969
37,65,105.763847351074
38,65,109.813430786133
39,65,103.074996948242
40,65,117.902641296387
41,65,125.448936462402
42,65,129.209289550781
43,65,121.291839599609
44,65,113.637214660645
45,65,99.1643218994141
46,65,90.3207092285156
47,65,89.516975402832
48,65,94.8439483642578
49,65,100.188003540039
50,65,95.7500762939453
51,65,99.2474975585938
52,65,99.9355239868164
53,65,85.2919921875
54,65,85.9638824462891
55,65,88.0250701904297
56,65,102.21598815918
57,65,107.774391174316
58,65,101.239692687988
59,65,96.3029174804688
60,65,103.286926269531
61,65,122.189727783203
62,65,130.200378417969
63,65,122.004516601563
64,65,116.385536193848
65,65,98.1186599731445
66,65,82.6206436157227
67,65,71.3141403198242
68,65,64.6815414428711
69,65,54.361385345459
70,65,45.4045295715332
71,65,41.8660621643066
72,65,38.0593223571777
73,65,33.2135581970215
74,65,30.1992530822754
75,65,28.1076049804688
76,65,24.8203239440918
77,65,22.8362445831299
78,65,21.1799221038818
79,65,22.2450714111328
80,65,19.2544116973877
81,65,18.4435176849365
82,65,19.806339263916
83,65,20.9412803649902
84,65,22.1355876922607
85,65,23.5894145965576
86,65,21.5242557525635
87,65,17.2794761657715
88,65,14.7394275665283
89,65,13.0290241241455
90,65,11.3178195953369
91,65,9.9306812286377
92,65,10.1676712036133
93,65,12.2186870574951
94,65,13.0583362579346
95,65,12.3725061416626
96,65,11.0233783721924
97,65,9.33733749389648
98,65,8.57828903198242
99,65,7.89401912689209
100,65,7.13009166717529
101,65,6.10070896148682
108,65,6.85136699676514
109,65,8.31398868560791
110,65,7.01937055587769
111,65,6.08277416229248
112,65,6.15813446044922
128,65,8.51961898803711
129,65,10.4889879226685
130,65,9.57344245910645
131,65,8.01734161376953
132,65,7.72126197814941
133,65,8.07325553894043
134,65,7.71264266967773
135,65,8.55079078674316
136,65,10.2058963775635
137,65,10.7227926254272
138,65,10.0542335510254
139,65,8.95017242431641
140,65,7.72028732299805
141,65,6.52817964553833
145,65,8.42125606536865
146,65,8.0975456237793
147,65,8.80293369293213
148,65,7.27703285217285
286,65,6.30521154403687
287,65,7.42065954208374
288,65,8.94562816619873
289,65,9.5250244140625
290,65,9.19926452636719
291,65,10.0899496078491
292,65,9.79664516448975
293,65,10.1529703140259
294,65,10.9647254943848
295,65,11.6256856918335
296,65,11.5427894592285
297,65,12.1409482955933
298,65,13.8795108795166
299,65,16.3229331970215
300,65,19.6268634796143
301,65,19.7270545959473
302,65,20.6990737915039
303,65,21.9004249572754
304,65,24.6847381591797
305,65,34.4801902770996
306,65,42.5224533081055
307,65,44.1915626525879
308,65,44.0911178588867
309,65,43.7756309509277
310,65,37.2394409179688
311,65,33.9651947021484
312,65,37.3920402526856
313,65,43.544132232666
314,65,54.0654067993164
315,65,56.5433464050293
316,65,60.1774559020996
317,65,57.4433898925781
318,65,63.4239387512207
319,65,72.1023941040039
320,65,58.8562393188477
321,65,70.5703277587891
322,65,70.836540222168
323,65,78.3296279907227
324,65,69.4149169921875
325,65,58.1976509094238
326,65,54.872184753418
327,65,70.8185348510742
328,65,61.0715026855469
329,65,61.0095291137695
330,65,78.5058135986328
331,65,94.4110641479492
332,65,93.576416015625
333,65,99.008041381836
334,65,91.0587692260742
335,65,96.8716049194336
336,65,118.66911315918
337,65,188.647644042969
338,65,158.721160888672
339,65,105.461776733398
340,65,121.465278625488
341,65,137.355895996094
342,65,144.896331787109
343,65,156.123229980469
344,65,168.262878417969
345,65,178.564178466797
346,65,161.238006591797
347,65,150.76741027832
348,65,168.853515625
349,65,164.061294555664
350,65,145.060028076172
351,65,164.404418945313
352,65,203.769775390625
353,65,260.460876464844
354,65,238.054656982422
355,65,222.068176269531
356,65,186.368530273438
357,65,184.481948852539
358,65,179.827239990234
359,65,161.278045654297
1,66,162.239227294922
2,66,168.841537475586
3,66,183.87141418457
4,66,250.058929443359
5,66,238.226531982422
6,66,241.496841430664
7,66,225.891403198242
8,66,212.992172241211
9,66,185.228225708008
10,66,184.103179931641
11,66,165.788818359375
12,66,217.69450378418
13,66,236.951477050781
14,66,218.118591308594
15,66,228.61865234375
16,66,184.914367675781
17,66,164.703140258789
18,66,152.635772705078
19,66,172.458251953125
20,66,133.666976928711
21,66,124.052520751953
22,66,126.571929931641
23,66,143.705871582031
24,66,136.599365234375
25,66,142.17268371582
26,66,143.139129638672
27,66,148.878677368164
28,66,139.621139526367
29,66,119.884643554688
30,66,111.49422454834
31,66,119.598701477051
32,66,119.193428039551
33,66,105.636512756348
34,66,108.72509765625
35,66,105.657180786133
36,66,111.020553588867
37,66,114.136352539063
38,66,110.005249023438
39,66,125.67204284668
40,66,126.171424865723
41,66,120.52806854248
42,66,115.460876464844
43,66,109.482032775879
44,66,101.698066711426
45,66,98.7718658447266
46,66,106.568412780762
47,66,119.185020446777
48,66,116.325317382813
49,66,108.014022827148
50,66,109.343551635742
51,66,115.422439575195
52,66,114.95637512207
53,66,107.489837646484
54,66,109.029281616211
55,66,94.3144226074219
56,66,94.625602722168
57,66,104.977806091309
58,66,109.272560119629
59,66,109.189140319824
60,66,108.621589660645
61,66,103.830963134766
62,66,94.3468933105469
63,66,85.6147155761719
64,66,77.4679870605469
65,66,69.2052841186523
66,66,64.6878280639649
67,66,54.2885665893555
68,66,45.7110939025879
69,66,36.2708778381348
70,66,29.508472442627
71,66,26.0521144866943
72,66,27.6994895935059
73,66,26.5438537597656
74,66,25.6281127929688
75,66,22.5827884674072
76,66,18.8585472106934
77,66,16.351224899292
78,66,14.7325115203857
79,66,15.5647640228272
80,66,17.7995662689209
81,66,20.3098335266113
82,66,25.193603515625
83,66,28.4302482604981
84,66,23.5766220092773
85,66,21.4036540985107
86,66,19.0398845672607
87,66,16.0246238708496
88,66,14.3884563446045
89,66,12.8533563613892
90,66,11.5093088150024
91,66,10.2131290435791
92,66,11.0580406188965
93,66,11.6289281845093
94,66,10.9140739440918
95,66,10.8557624816895
96,66,10.8549251556396
97,66,8.96156787872315
98,66,7.74272918701172
99,66,9.11018848419189
100,66,10.216118812561
101,66,8.88916301727295
102,66,6.05002403259277
110,66,6.16353797912598
111,66,6.37877416610718
129,66,6.80190658569336
130,66,6.27432441711426
131,66,6.18292617797852
132,66,6.38506126403809
133,66,7.07135772705078
134,66,7.16588115692139
135,66,9.91141796112061
136,66,15.1357927322388
137,66,16.3978633880615
138,66,16.2895317077637
139,66,15.3256206512451
140,66,12.2249546051025
141,66,12.878885269165
142,66,13.2549467086792
143,66,20.1430492401123
144,66,13.4622869491577
145,66,11.5071678161621
146,66,12.8237257003784
147,66,14.6788740158081
148,66,12.1101961135864
149,66,9.70145606994629
150,66,8.91136741638184
151,66,7.41980743408203
278,66,6.27791929244995
279,66,6.50011301040649
290,66,6.57308769226074
291,66,8.04971599578857
292,66,8.99472045898438
293,66,9.76838684082031
294,66,10.8180570602417
295,66,11.4781837463379
296,66,12.5137557983398
297,66,14.4947032928467
298,66,17.7005405426025
299,66,19.8194484710693
300,66,20.1862907409668
301,66,22.66184425354
302,66,28.8842239379883
303,66,35.2191925048828
304,66,37.1060638427734
305,66,40.2092819213867
306,66,43.6764106750488
307,66,39.3389129638672
308,66,40.2331161499023
309,66,37.1608657836914
310,66,35.9346885681152
311,66,38.9098587036133
312,66,37.124568939209
313,66,41.8145179748535
314,66,43.3155975341797
315,66,44.4933166503906
316,66,44.241455078125
317,66,48.2336883544922
318,66,54.0636711120606
319,66,70.851448059082
320,66,85.6933288574219
321,66,99.3331680297852
322,66,107.603759765625
323,66,106.63060760498
324,66,97.2443389892578
325,66,115.15657043457
326,66,82.6828918457031
327,66,67.5383834838867
328,66,63.945686340332
329,66,61.6175689697266
330,66,60.7670097351074
331,66,74.1539306640625
332,66,93.2845001220703
333,66,83.8827667236328
334,66,89.228630065918
335,66,90.7089538574219
336,66,90.4211883544922
337,66,149.453460693359
338,66,156.41667175293
339,66,112.264717102051
340,66,115.287643432617
341,66,137.05078125
342,66,145.24137878418
343,66,162.176742553711
344,66,170.92724609375
345,66,159.899322509766
346,66,132.960998535156
347,66,121.788398742676
348,66,125.417739868164
349,66,133.690826416016
350,66,151.96989440918
351,66,181.401031494141
352,66,181.797256469727
353,66,200.708740234375
354,66,207.623992919922
355,66,189.276153564453
356,66,162.525283813477
357,66,146.590667724609
358,66,159.722198486328
359,66,152.402572631836
1,67,261.174713134766
2,67,140.513626098633
3,67,156.331146240234
4,67,179.918350219727
5,67,182.282821655273
6,67,203.6142578125
7,67,194.992660522461
8,67,178.538146972656
9,67,183.049118041992
10,67,157.487457275391
11,67,134.540023803711
12,67,125.410842895508
13,67,125.483085632324
14,67,119.167854309082
15,67,131.960067749023
16,67,131.465835571289
17,67,140.56657409668
18,67,152.137649536133
19,67,154.326599121094
20,67,134.337341308594
21,67,125.088317871094
22,67,105.520278930664
23,67,113.758987426758
24,67,132.324569702148
25,67,159.78662109375
26,67,174.586547851563
27,67,180.901931762695
28,67,158.829818725586
29,67,147.997955322266
30,67,144.662673950195
31,67,125.235870361328
32,67,115.20915222168
33,67,117.438461303711
34,67,113.701782226563
35,67,114.409713745117
36,67,124.335067749023
37,67,121.682571411133
38,67,112.207160949707
39,67,108.576690673828
40,67,115.283638000488
41,67,114.822616577148
42,67,117.892753601074
43,67,117.988037109375
44,67,120.931060791016
45,67,123.889663696289
46,67,124.936157226563
47,67,133.429382324219
48,67,114.634590148926
49,67,100.291053771973
50,67,94.6660537719727
51,67,96.8571395874024
52,67,102.899574279785
53,67,99.8787231445313
54,67,100.390563964844
55,67,93.3437805175781
56,67,85.5391540527344
57,67,86.4350738525391
58,67,93.7113037109375
59,67,95.81005859375
60,67,93.2315979003906
61,67,82.160758972168
62,67,65.1465301513672
63,67,61.2621040344238
64,67,66.5225982666016
65,67,63.7168502807617
66,67,53.5488395690918
67,67,45.8920593261719
68,67,40.0664939880371
69,67,34.2479209899902
70,67,27.9670143127441
71,67,25.1382522583008
72,67,23.3664417266846
73,67,22.8326282501221
74,67,20.9575099945068
75,67,18.1722030639648
76,67,15.8000411987305
77,67,13.3164844512939
78,67,12.5689134597778
79,67,14.2812690734863
80,67,17.0456295013428
81,67,20.3098678588867
82,67,25.3250236511231
83,67,30.3489665985107
84,67,26.4623336791992
85,67,18.5850257873535
86,67,16.1594848632813
87,67,16.853759765625
88,67,16.5094261169434
89,67,14.4470539093018
90,67,12.8398103713989
91,67,11.7037410736084
92,67,10.7312469482422
93,67,11.1171684265137
94,67,11.1822338104248
95,67,10.1112394332886
96,67,10.93483543396
97,67,11.6151704788208
98,67,11.5386056900024
99,67,10.8911447525024
100,67,11.0084819793701
101,67,8.5877103805542
133,67,7.81601428985596
134,67,11.4641914367676
135,67,12.0733690261841
136,67,10.0115776062012
137,67,9.22101783752441
138,67,9.71067905426025
139,67,12.3553075790405
140,67,12.8169651031494
141,67,12.5454874038696
142,67,11.0664567947388
143,67,9.72650814056396
144,67,10.637318611145
145,67,11.7557096481323
146,67,10.1385879516602
147,67,8.64462280273438
148,67,8.98577117919922
149,67,6.84681129455566
150,67,7.40719985961914
151,67,8.31236934661865
277,67,6.33325290679932
278,67,7.3973388671875
279,67,7.58525562286377
280,67,7.62789916992188
281,67,7.04223394393921
290,67,7.13143444061279
291,67,7.90903186798096
292,67,9.13006401062012
293,67,10.4055261611938
294,67,13.007248878479
295,67,15.9410209655762
296,67,17.2635192871094
297,67,17.986141204834
298,67,19.7047309875488
299,67,23.4754829406738
300,67,28.7089405059814
301,67,36.1390266418457
302,67,38.2320022583008
303,67,43.5276985168457
304,67,43.5161209106445
305,67,51.9933929443359
306,67,46.475212097168
307,67,43.4326286315918
308,67,54.2626152038574
309,67,66.5019454956055
310,67,61.4814987182617
311,67,51.1613578796387
312,67,48.7214584350586
313,67,53.6386489868164
314,67,60.5516510009766
315,67,67.5240020751953
316,67,70.8468170166016
317,67,65.4862365722656
318,67,79.6410217285156
319,67,91.4487380981445
320,67,82.1068344116211
321,67,85.6985168457031
322,67,76.8080673217774
323,67,66.3938217163086
324,67,77.817008972168
325,67,79.9632568359375
326,67,75.3932266235352
327,67,74.9475021362305
328,67,77.4722061157227
329,67,70.8683395385742
330,67,60.30029296875
331,67,59.9825897216797
332,67,66.2767562866211
333,67,72.5216598510742
334,67,75.0165863037109
335,67,83.3055648803711
336,67,85.0963363647461
337,67,86.3645706176758
338,67,97.5939559936523
339,67,101.3857421875
340,67,89.9902038574219
341,67,98.7483444213867
342,67,117.911148071289
343,67,139.082824707031
344,67,126.501655578613
345,67,124.348320007324
346,67,127.51700592041
347,67,139.826904296875
348,67,156.785705566406
349,67,182.842376708984
350,67,183.6337890625
351,67,183.512008666992
352,67,188.301071166992
353,67,185.623626708984
354,67,173.257614135742
355,67,167.061538696289
356,67,144.371719360352
357,67,179.86279296875
358,67,176.449996948242
359,67,310.803741455078
1,68,116.749786376953
2,68,118.566841125488
3,68,158.555435180664
4,68,144.658660888672
5,68,121.30655670166
6,68,126.539436340332
7,68,116.699844360352
8,68,112.19189453125
9,68,118.206703186035
10,68,121.19409942627
11,68,117.266235351563
12,68,122.186729431152
13,68,113.234931945801
14,68,106.320205688477
15,68,106.768661499023
16,68,116.101760864258
17,68,115.808372497559
18,68,117.038330078125
19,68,118.658584594727
20,68,116.299163818359
21,68,108.92993927002
22,68,102.031669616699
23,68,108.701995849609
24,68,111.985580444336
25,68,117.310157775879
26,68,150.729141235352
27,68,141.539001464844
28,68,129.535049438477
29,68,131.907913208008
30,68,111.30500793457
31,68,103.466857910156
32,68,102.430305480957
33,68,88.7387390136719
34,68,94.2160949707031
35,68,89.1114501953125
36,68,91.8755187988281
37,68,98.2172088623047
38,68,103.820266723633
39,68,120.325592041016
40,68,141.85009765625
41,68,146.856231689453
42,68,158.892333984375
43,68,150.497436523438
44,68,133.056030273438
45,68,114.338478088379
46,68,95.46630859375
47,68,91.2960510253906
48,68,83.8396987915039
49,68,78.9535064697266
50,68,76.9700622558594
51,68,78.976806640625
52,68,79.0813369750977
53,68,70.768440246582
54,68,66.9109573364258
55,68,59.9222030639649
56,68,56.4328231811524
57,68,58.4538269042969
58,68,60.4121818542481
59,68,62.041187286377
60,68,65.6680679321289
61,68,68.6405334472656
62,68,63.6439208984375
63,68,54.9522552490234
64,68,47.279670715332
65,68,43.1024551391602
66,68,42.5081787109375
67,68,38.958797454834
68,68,36.0984001159668
69,68,32.3202857971191
70,68,27.2021923065186
71,68,24.6651134490967
72,68,22.0427894592285
73,68,20.1120471954346
74,68,18.0197372436523
75,68,16.8587703704834
76,68,16.0227870941162
77,68,15.1378993988037
78,68,15.0154037475586
79,68,14.9027662277222
80,68,16.0065116882324
81,68,23.0987720489502
82,68,25.1354446411133
83,68,20.8327865600586
84,68,16.8441276550293
85,68,14.6302509307861
86,68,13.037636756897
87,68,12.1707229614258
88,68,11.477424621582
89,68,11.6489601135254
90,68,11.9667921066284
91,68,11.5962944030762
92,68,10.8413105010986
93,68,10.0068244934082
94,68,9.48633575439453
95,68,9.9514102935791
96,68,9.42183971405029
97,68,9.65859222412109
98,68,9.24799251556396
99,68,7.42893743515015
115,68,6.89549589157105
116,68,6.09584379196167
134,68,6.66017055511475
135,68,8.3587532043457
136,68,7.39989519119263
137,68,7.04117155075073
138,68,7.57901239395142
139,68,7.74494743347168
140,68,7.52126836776733
141,68,7.69415330886841
142,68,7.74797964096069
143,68,8.98801898956299
144,68,9.29751396179199
145,68,8.1577615737915
146,68,9.76844596862793
147,68,11.1595935821533
148,68,9.19866752624512
149,68,6.77904748916626
278,68,6.3931622505188
279,68,7.25323343276978
280,68,6.6759843826294
288,68,6.34070682525635
289,68,7.63249778747559
290,68,8.54699325561523
291,68,8.52748966217041
292,68,8.8841438293457
293,68,10.3220300674438
294,68,11.777138710022
295,68,13.651177406311
296,68,18.6489276885986
297,68,24.5475883483887
298,68,28.4340629577637
299,68,28.1797866821289
300,68,30.173999786377
301,68,34.3417091369629
302,68,40.255973815918
303,68,40.7222442626953
304,68,40.3673095703125
305,68,37.5968017578125
306,68,40.1647491455078
307,68,44.285213470459
308,68,53.6980667114258
309,68,52.7641677856445
310,68,54.6609840393067
311,68,40.3271789550781
312,68,43.0581474304199
313,68,45.5251731872559
314,68,98.7666320800781
315,68,137.701354980469
316,68,54.759090423584
317,68,54.4147796630859
318,68,68.4201965332031
319,68,77.8724899291992
320,68,83.3952484130859
321,68,89.9562454223633
322,68,88.0339126586914
323,68,104.772239685059
324,68,86.4189910888672
325,68,67.6923370361328
326,68,53.8615570068359
327,68,43.2884902954102
328,68,41.1001167297363
329,68,37.2139739990234
330,68,36.0059547424316
331,68,36.4304733276367
332,68,43.5409164428711
333,68,52.323844909668
334,68,61.0513076782227
335,68,69.5741806030274
336,68,69.6285095214844
337,68,73.3219757080078
338,68,83.4862670898438
339,68,81.8974838256836
340,68,78.7804641723633
341,68,81.4510650634766
342,68,89.0858688354492
343,68,102.038581848145
344,68,104.231948852539
345,68,105.70573425293
346,68,128.301498413086
347,68,129.7666015625
348,68,141.253890991211
349,68,148.969772338867
350,68,147.034866333008
351,68,141.32421875
352,68,173.55583190918
353,68,158.815048217773
354,68,135.074478149414
355,68,130.27685546875
356,68,136.227310180664
357,68,126.835884094238
358,68,85.6629791259766
359,68,89.8309097290039
1,69,129.200073242188
2,69,137.134292602539
3,69,130.163558959961
4,69,113.220916748047
5,69,120.168754577637
6,69,116.862197875977
7,69,113.257263183594
8,69,95.5985717773438
9,69,93.6380157470703
10,69,89.8741226196289
11,69,90.2968826293945
12,69,95.433837890625
13,69,98.618896484375
14,69,92.0531768798828
15,69,88.6116027832031
16,69,83.9847564697266
17,69,83.8507995605469
18,69,89.5729675292969
19,69,83.7900238037109
20,69,86.7976837158203
21,69,92.5062789916992
22,69,94.8946151733398
23,69,89.7841491699219
24,69,94.5037612915039
25,69,91.5449371337891
26,69,100.558502197266
27,69,101.793357849121
28,69,128.432327270508
29,69,119.402313232422
30,69,107.742340087891
31,69,107.733810424805
32,69,103.983840942383
33,69,88.9356994628906
34,69,89.8593139648438
35,69,100.128845214844
36,69,108.311019897461
37,69,117.210983276367
38,69,125.822265625
39,69,131.973556518555
40,69,172.549118041992
41,69,206.871780395508
42,69,213.112197875977
43,69,179.804794311523
44,69,149.301940917969
45,69,122.420120239258
46,69,105.208251953125
47,69,93.8290100097656
48,69,85.1924514770508
49,69,86.1760406494141
50,69,82.0212097167969
51,69,77.4987335205078
52,69,75.0150451660156
53,69,67.6426391601563
54,69,59.6622772216797
55,69,57.5896682739258
56,69,56.5145645141602
57,69,54.0939788818359
58,69,57.2525405883789
59,69,63.1825790405274
60,69,64.2432861328125
61,69,63.4782562255859
62,69,60.053108215332
63,69,50.2829170227051
64,69,39.5823974609375
65,69,35.5106773376465
66,69,31.0414867401123
67,69,28.4841728210449
68,69,28.1202659606934
69,69,26.0492553710938
70,69,22.9159603118897
71,69,20.4869918823242
72,69,18.636116027832
73,69,17.0614452362061
74,69,16.1934089660645
75,69,16.3047294616699
76,69,15.8130884170532
77,69,14.4730415344238
78,69,12.6178455352783
79,69,11.7181577682495
80,69,11.117603302002
81,69,10.9828033447266
82,69,12.0442476272583
83,69,13.9104042053223
84,69,14.514573097229
85,69,13.0825233459473
86,69,10.9096651077271
87,69,9.19514083862305
88,69,9.72591781616211
89,69,10.6871089935303
90,69,11.6808929443359
91,69,12.8188676834106
92,69,12.1768703460693
93,69,11.1182126998901
94,69,10.4075870513916
95,69,10.2194385528564
96,69,10.1502847671509
97,69,9.98385906219482
98,69,10.6898555755615
99,69,9.38154029846191
100,69,7.08513450622559
138,69,7.98120737075806
139,69,9.17702007293701
140,69,9.85923862457275
141,69,10.0042705535889
142,69,9.50299263000488
143,69,10.5111494064331
144,69,11.0360012054443
145,69,10.0453367233276
146,69,8.73856258392334
147,69,8.45072364807129
148,69,7.87962436676025
149,69,7.49545288085938
150,69,6.6320915222168
275,69,6.26085662841797
276,69,6.4956259727478
277,69,7.00971651077271
278,69,6.5682110786438
279,69,6.14752101898193
280,69,6.82937860488892
285,69,6.91421413421631
286,69,7.6512598991394
287,69,7.45552062988281
288,69,8.24721908569336
289,69,8.96646022796631
290,69,9.86485004425049
291,69,11.225715637207
292,69,13.0288276672363
293,69,16.2145214080811
294,69,20.0316944122314
295,69,21.547477722168
296,69,23.0422859191895
297,69,23.3054046630859
298,69,22.2555313110352
299,69,24.5109939575195
300,69,30.3140716552734
301,69,37.5364723205566
302,69,46.1813697814942
303,69,47.628547668457
304,69,41.0977973937988
305,69,40.0243682861328
306,69,44.7764778137207
307,69,54.4944305419922
308,69,48.2410316467285
309,69,39.1268539428711
310,69,31.6816082000732
311,69,28.9681034088135
312,69,35.0332107543945
313,69,41.9634475708008
314,69,47.0135040283203
315,69,48.1536598205566
316,69,51.2251701354981
317,69,63.3516998291016
318,69,70.0106735229492
319,69,70.500846862793
320,69,72.6155853271484
321,69,78.0377044677734
322,69,83.0149841308594
323,69,84.5498352050781
324,69,83.3083038330078
325,69,76.3121871948242
326,69,63.7459754943848
327,69,51.7031593322754
328,69,46.5152969360352
329,69,40.8949279785156
330,69,36.6405181884766
331,69,33.8251991271973
332,69,36.9812469482422
333,69,41.6266250610352
334,69,47.2230834960938
335,69,53.7062835693359
336,69,61.092529296875
337,69,62.5016288757324
338,69,68.3192672729492
339,69,66.4770202636719
340,69,64.8079223632813
341,69,70.7400360107422
342,69,78.4765701293945
343,69,91.0333786010742
344,69,92.8590545654297
345,69,98.6046295166016
346,69,96.3970336914063
347,69,87.5511627197266
348,69,85.6646270751953
349,69,99.2406768798828
350,69,97.1482543945313
351,69,96.6089019775391
352,69,95.291015625
353,69,94.9159164428711
354,69,91.8451690673828
355,69,87.6622543334961
356,69,78.9166870117188
357,69,79.0626373291016
358,69,103.887466430664
359,69,99.1548461914063
1,70,108.577606201172
2,70,105.611656188965
3,70,99.4254989624024
4,70,98.1513748168945
5,70,99.5373687744141
6,70,98.6528396606445
7,70,99.8770446777344
8,70,95.7041015625
9,70,85.4654006958008
10,70,73.7656326293945
11,70,65.5239639282227
12,70,64.8215637207031
13,70,63.3447570800781
14,70,60.3137817382813
15,70,57.5119743347168
16,70,56.3028297424317
17,70,73.9811630249024
18,70,75.4611663818359
19,70,69.9137649536133
20,70,85.9034652709961
21,70,81.2377166748047
22,70,71.5176849365234
23,70,73.4767456054688
24,70,71.1404190063477
25,70,72.3689270019531
26,70,79.1827621459961
27,70,85.8088302612305
28,70,90.2687530517578
29,70,89.2443923950195
30,70,96.4690475463867
31,70,98.1068496704102
32,70,92.2761611938477
33,70,96.4961318969727
34,70,102.560760498047
35,70,95.7296600341797
36,70,89.4002380371094
37,70,87.2816467285156
38,70,99.8725357055664
39,70,121.871040344238
40,70,153.137008666992
41,70,168.115905761719
42,70,177.513198852539
43,70,158.140975952148
44,70,142.340972900391
45,70,126.99292755127
46,70,106.893310546875
47,70,91.7993011474609
48,70,82.5044631958008
49,70,77.4956130981445
50,70,76.3274154663086
51,70,74.0967330932617
52,70,65.7598037719727
53,70,66.8125534057617
54,70,70.560417175293
55,70,71.0331420898438
56,70,69.4380264282227
57,70,52.194221496582
58,70,46.9273376464844
59,70,47.0730361938477
60,70,43.8955421447754
61,70,41.8457946777344
62,70,40.8839111328125
63,70,40.1767997741699
64,70,36.8074836730957
65,70,31.4124698638916
66,70,28.3873672485352
67,70,25.130521774292
68,70,21.7945861816406
69,70,18.3309555053711
70,70,18.1147174835205
71,70,17.1914672851563
72,70,14.7124195098877
73,70,13.1789140701294
74,70,13.3409156799316
75,70,12.3850994110107
76,70,12.8280143737793
77,70,12.248761177063
78,70,12.0062398910522
79,70,13.0275077819824
80,70,12.7733917236328
81,70,12.3661642074585
82,70,11.6807355880737
83,70,11.0453481674194
84,70,11.4694786071777
85,70,10.7651634216309
86,70,10.4466361999512
87,70,10.8668041229248
88,70,11.4380750656128
89,70,11.5991134643555
90,70,13.035605430603
91,70,15.408953666687
92,70,15.0901126861572
93,70,14.0561408996582
94,70,13.6552610397339
95,70,13.05198097229
96,70,11.7064390182495
97,70,10.8726196289063
98,70,10.3780708312988
99,70,10.1918439865112
100,70,9.54179191589355
101,70,9.08242893218994
102,70,8.66564559936523
103,70,7.46080446243286
105,70,6.82032155990601
106,70,7.34586954116821
137,70,6.71151733398438
138,70,8.90967845916748
139,70,11.3858203887939
140,70,18.147087097168
141,70,23.9786319732666
142,70,24.4238929748535
143,70,19.8966369628906
144,70,15.6098775863647
145,70,12.4372100830078
146,70,9.69973945617676
147,70,8.83486938476563
148,70,8.77103614807129
149,70,7.6927342414856
275,70,6.9731912612915
276,70,7.70728921890259
277,70,7.91997909545898
278,70,7.29618310928345
279,70,6.53603601455689
282,70,6.27802705764771
283,70,6.9816517829895
284,70,7.85772943496704
285,70,9.00032234191895
286,70,10.2612705230713
287,70,11.4923143386841
288,70,12.9087867736816
289,70,15.2001390457153
290,70,18.0313396453857
291,70,19.3963470458984
292,70,16.5298595428467
293,70,15.5028781890869
294,70,15.5443201065063
295,70,16.6174468994141
296,70,19.1657104492188
297,70,21.964412689209
298,70,27.9866981506348
299,70,34.2555770874023
300,70,41.0695266723633
301,70,45.9403343200684
302,70,46.9485092163086
303,70,53.3055572509766
304,70,56.0693435668945
305,70,56.1905021667481
306,70,53.7172889709473
307,70,49.5838127136231
308,70,43.9193115234375
309,70,36.463996887207
310,70,35.2821998596191
311,70,37.7370300292969
312,70,38.289665222168
313,70,42.6282997131348
314,70,50.5677604675293
315,70,58.8154907226563
316,70,63.3368721008301
317,70,65.7468338012695
318,70,63.710823059082
319,70,68.599739074707
320,70,73.6456451416016
321,70,74.0569610595703
322,70,78.5923080444336
323,70,86.4337615966797
324,70,85.6129150390625
325,70,92.267578125
326,70,87.1470031738281
327,70,79.381706237793
328,70,68.0602645874023
329,70,58.8980255126953
330,70,57.4478874206543
331,70,63.3454895019531
332,70,67.1739501953125
333,70,64.6524887084961
334,70,56.6136169433594
335,70,55.4310836791992
336,70,58.7114067077637
337,70,62.2080688476563
338,70,67.414680480957
339,70,67.2143783569336
340,70,67.7980346679688
341,70,68.6584091186523
342,70,68.3814239501953
343,70,60.6556243896484
344,70,62.0974655151367
345,70,60.3308486938477
346,70,59.7927169799805
347,70,64.2801055908203
348,70,80.3179779052734
349,70,89.7404937744141
350,70,74.0396881103516
351,70,68.8079147338867
352,70,67.0775604248047
353,70,58.1376342773438
354,70,54.7160949707031
355,70,53.0307006835938
356,70,51.9162178039551
357,70,52.5749130249024
358,70,60.3519058227539
359,70,72.0636749267578
1,71,76.8286819458008
2,71,80.3486480712891
3,71,77.2878265380859
4,71,71.1668090820313
5,71,68.0852279663086
6,71,59.4903106689453
7,71,52.766773223877
8,71,53.2128372192383
9,71,45.8173446655273
10,71,42.718334197998
11,71,42.1152877807617
12,71,46.4053115844727
13,71,53.3159637451172
14,71,53.5816993713379
15,71,50.5440254211426
16,71,51.198371887207
17,71,53.5793762207031
18,71,48.2158279418945
19,71,48.9078102111817
20,71,53.6396827697754
21,71,52.6863136291504
22,71,57.0531959533691
23,71,60.9201011657715
24,71,62.2076187133789
25,71,60.5620880126953
26,71,59.7233581542969
27,71,65.4407196044922
28,71,64.9655227661133
29,71,72.8057327270508
30,71,81.4704895019531
31,71,82.2664108276367
32,71,81.7176971435547
33,71,87.541389465332
34,71,93.1607208251953
35,71,83.493537902832
36,71,79.0710296630859
37,71,79.8051910400391
38,71,78.2747497558594
39,71,83.4059143066406
40,71,94.8378601074219
41,71,99.3536224365234
42,71,97.5343170166016
43,71,91.6133575439453
44,71,78.7000350952149
45,71,78.1537933349609
46,71,78.2650604248047
47,71,77.8309936523438
48,71,74.7331619262695
49,71,67.7074432373047
50,71,63.9283409118652
51,71,69.1471481323242
52,71,66.9009246826172
53,71,63.7192344665527
54,71,63.8661308288574
55,71,68.7211227416992
56,71,71.6380081176758
57,71,61.3266067504883
58,71,48.3563613891602
59,71,38.9345550537109
60,71,31.402702331543
61,71,27.2280292510986
62,71,24.7875442504883
63,71,22.0846328735352
64,71,20.6931228637695
65,71,21.8339157104492
66,71,23.5282115936279
67,71,23.7989349365234
68,71,20.123119354248
69,71,18.345422744751
70,71,17.3112392425537
71,71,16.4828643798828
72,71,15.6065902709961
73,71,14.8166160583496
74,71,13.1874942779541
75,71,12.4573745727539
76,71,12.1538438796997
77,71,11.6236629486084
78,71,11.6815328598022
79,71,12.3811206817627
80,71,12.1590909957886
81,71,11.5295753479004
82,71,12.6606998443604
83,71,12.7025461196899
84,71,12.3616504669189
85,71,11.3093128204346
86,71,11.9070358276367
87,71,13.2191247940063
88,71,14.9119567871094
89,71,16.98557472229
90,71,18.4448013305664
91,71,19.0924911499023
92,71,17.90309715271
93,71,17.8381977081299
94,71,17.4007816314697
95,71,15.9122905731201
96,71,15.3033218383789
97,71,14.8784294128418
98,71,14.0497388839722
99,71,14.2183074951172
100,71,16.0186138153076
101,71,15.1670207977295
102,71,15.1818656921387
103,71,13.8286046981812
104,71,11.3641042709351
105,71,8.59480381011963
106,71,6.05035400390625
136,71,6.96155071258545
137,71,9.09569549560547
138,71,10.2348642349243
139,71,11.0025062561035
140,71,13.148473739624
141,71,16.2039833068848
142,71,15.6562490463257
143,71,12.8961296081543
144,71,11.8582706451416
145,71,12.5243606567383
146,71,14.300705909729
147,71,15.9094200134277
148,71,11.1805505752563
149,71,8.80511569976807
150,71,9.04446125030518
151,71,10.1889877319336
152,71,9.94808769226074
153,71,8.66264724731445
154,71,8.51764392852783
155,71,7.83540153503418
156,71,6.17613983154297
278,71,6.05535268783569
282,71,6.38111209869385
283,71,7.55290126800537
284,71,8.73858547210693
285,71,10.8544769287109
286,71,13.5827388763428
287,71,14.1366376876831
288,71,15.6825189590454
289,71,18.0436935424805
290,71,17.9695243835449
291,71,17.6094970703125
292,71,16.9871215820313
293,71,17.4390602111816
294,71,18.2890300750732
295,71,19.8941402435303
296,71,20.8635578155518
297,71,25.4182224273682
298,71,31.2747173309326
299,71,34.1209831237793
300,71,34.1276588439941
301,71,31.9870510101318
302,71,30.3017425537109
303,71,30.0813217163086
304,71,34.1458511352539
305,71,37.5472946166992
306,71,38.7594451904297
307,71,50.1838607788086
308,71,51.2915573120117
309,71,44.8816413879395
310,71,48.7313842773438
311,71,51.3133697509766
312,71,49.5158843994141
313,71,47.8258476257324
314,71,54.1575164794922
315,71,63.3691520690918
316,71,64.887809753418
317,71,60.5016212463379
318,71,61.0930938720703
319,71,62.393424987793
320,71,67.0954284667969
321,71,72.4118423461914
322,71,73.8084869384766
323,71,94.2153396606445
324,71,115.748458862305
325,71,114.586868286133
326,71,114.914291381836
327,71,121.716285705566
328,71,112.359802246094
329,71,98.5462951660156
330,71,97.2317962646484
331,71,86.2421646118164
332,71,85.5686187744141
333,71,83.9343643188477
334,71,78.7774963378906
335,71,67.9213714599609
336,71,70.561897277832
337,71,68.5232620239258
338,71,60.369327545166
339,71,54.3056030273438
340,71,50.5896873474121
341,71,48.9138450622559
342,71,48.0742073059082
343,71,45.2559432983399
344,71,40.6519584655762
345,71,37.8512153625488
346,71,37.8519515991211
347,71,40.2647705078125
348,71,49.6869812011719
349,71,63.2908172607422
350,71,73.8258056640625
351,71,76.4450073242188
352,71,74.4530029296875
353,71,70.7647933959961
354,71,60.6657028198242
355,71,52.9860496520996
356,71,50.9399108886719
357,71,50.6167297363281
358,71,55.9444274902344
359,71,61.3008880615234
1,72,47.1380767822266
2,72,48.8468856811524
3,72,52.1883888244629
4,72,45.9419174194336
5,72,43.2387504577637
6,72,43.2097015380859
7,72,43.7345161437988
8,72,48.6193504333496
9,72,52.5317535400391
10,72,64.2145690917969
11,72,67.217155456543
12,72,59.9196968078613
13,72,53.2860221862793
14,72,46.4191970825195
15,72,40.0542068481445
16,72,37.4829406738281
17,72,37.9734115600586
18,72,37.6989555358887
19,72,39.8908843994141
20,72,44.8868026733398
21,72,50.8542404174805
22,72,54.4726104736328
23,72,57.0131530761719
24,72,57.8503570556641
25,72,62.2188987731934
26,72,66.1882629394531
27,72,67.7576446533203
28,72,74.0485687255859
29,72,87.8680419921875
30,72,90.5761413574219
31,72,87.9530944824219
32,72,87.1962051391602
33,72,92.320686340332
34,72,100.458320617676
35,72,99.3282241821289
36,72,82.2454605102539
37,72,72.4377288818359
38,72,65.3128280639649
39,72,65.7263412475586
40,72,70.6708374023438
41,72,62.8605651855469
42,72,58.5223197937012
43,72,61.2147445678711
44,72,64.5456314086914
45,72,61.8109588623047
46,72,60.6302680969238
47,72,63.8725700378418
48,72,66.5481338500977
49,72,66.4609756469727
50,72,61.9670028686524
51,72,61.7656288146973
52,72,59.6298561096192
53,72,53.1440696716309
54,72,47.655704498291
55,72,42.339298248291
56,72,38.4949989318848
57,72,40.7913017272949
58,72,34.668628692627
59,72,28.6699466705322
60,72,24.1167888641357
61,72,21.0289707183838
62,72,20.5594463348389
63,72,19.9766883850098
64,72,19.4733867645264
65,72,20.777437210083
66,72,22.2664070129395
67,72,21.3366088867188
68,72,18.9858989715576
69,72,16.1537055969238
70,72,14.6574983596802
71,72,14.1692323684692
72,72,13.6497106552124
73,72,13.7315883636475
74,72,13.6157999038696
75,72,13.1232881546021
76,72,12.3301362991333
77,72,12.0141115188599
78,72,12.184455871582
79,72,12.5229349136353
80,72,12.4255828857422
81,72,11.419623374939
82,72,10.7728118896484
83,72,10.7161407470703
84,72,11.7908382415771
85,72,12.7470397949219
86,72,14.0790395736694
87,72,15.6027965545654
88,72,17.1953105926514
89,72,18.622838973999
90,72,20.148567199707
91,72,20.9025478363037
92,72,21.4847087860107
93,72,21.3108539581299
94,72,21.1608200073242
95,72,18.3285541534424
96,72,16.3406848907471
97,72,16.633487701416
98,72,16.0014686584473
99,72,13.9419441223145
100,72,13.3691635131836
101,72,14.2588777542114
102,72,15.5123386383057
103,72,14.6508312225342
104,72,11.7374420166016
105,72,9.32088279724121
106,72,7.30081653594971
132,72,7.5323166847229
133,72,11.685230255127
134,72,14.4676647186279
135,72,12.1515254974365
136,72,9.19543266296387
137,72,8.33265781402588
138,72,7.02815818786621
152,72,6.52626752853394
153,72,7.66537714004517
154,72,8.23466014862061
155,72,9.72365951538086
156,72,10.3038921356201
157,72,9.23326587677002
158,72,7.34342527389526
159,72,6.3130087852478
161,72,6.44468116760254
162,72,8.28175163269043
163,72,6.36264801025391
277,72,6.06291627883911
278,72,6.30377912521362
279,72,6.40517807006836
280,72,6.24130535125732
282,72,6.22357082366943
283,72,6.51874256134033
284,72,7.40527963638306
285,72,9.80587387084961
286,72,12.6808481216431
287,72,14.8891897201538
288,72,15.7624607086182
289,72,15.5753030776978
290,72,16.024377822876
291,72,17.1902809143066
292,72,18.4840679168701
293,72,19.8136692047119
294,72,19.5897693634033
295,72,20.0246353149414
296,72,21.0167503356934
297,72,22.3476486206055
298,72,23.1317920684814
299,72,23.9062690734863
300,72,25.9435806274414
301,72,27.1704730987549
302,72,28.7153472900391
303,72,33.9628944396973
304,72,41.7472267150879
305,72,49.0712776184082
306,72,55.8812789916992
307,72,58.3869171142578
308,72,58.1620407104492
309,72,59.7069396972656
310,72,66.2671432495117
311,72,66.9689407348633
312,72,65.1032257080078
313,72,72.8767242431641
314,72,75.5921478271484
315,72,73.2377395629883
316,72,68.9816741943359
317,72,69.9998474121094
318,72,78.1091461181641
319,72,84.1878662109375
320,72,83.4078140258789
321,72,75.0881958007813
322,72,73.4151153564453
323,72,75.0262451171875
324,72,78.7370223999024
325,72,84.0156707763672
326,72,93.8875122070313
327,72,107.281188964844
328,72,105.918510437012
329,72,98.8018646240234
330,72,92.2490158081055
331,72,87.9056777954102
332,72,81.2284164428711
333,72,78.8395614624024
334,72,84.1297454833985
335,72,85.6772003173828
336,72,77.944580078125
337,72,71.3314208984375
338,72,67.7854919433594
339,72,63.0920562744141
340,72,55.7183837890625
341,72,46.4852066040039
342,72,39.9061126708984
343,72,36.6265373229981
344,72,37.3165473937988
345,72,39.1803588867188
346,72,41.6292495727539
347,72,42.7522048950195
348,72,44.4842567443848
349,72,43.4402923583984
350,72,47.9132194519043
351,72,53.983642578125
352,72,56.9852752685547
353,72,61.8215789794922
354,72,70.3854217529297
355,72,69.7094573974609
356,72,58.4780693054199
357,72,50.4572372436524
358,72,47.7163848876953
359,72,46.5698623657227
1,73,40.7908401489258
2,73,38.8190498352051
3,73,38.7846412658691
4,73,36.3253021240234
5,73,35.560188293457
6,73,37.4390373229981
7,73,43.4896392822266
8,73,48.5413360595703
9,73,57.7024726867676
10,73,64.3627471923828
11,73,62.1530342102051
12,73,64.5410537719727
13,73,55.5916213989258
14,73,50.661563873291
15,73,48.582275390625
16,73,52.5214309692383
17,73,60.3266754150391
18,73,53.5012283325195
19,73,54.8843460083008
20,73,50.9123840332031
21,73,48.4989700317383
22,73,47.2822303771973
23,73,51.5602493286133
24,73,47.8778762817383
25,73,47.9581527709961
26,73,44.734188079834
27,73,44.3064613342285
28,73,53.1315231323242
29,73,62.7958526611328
30,73,65.8596496582031
31,73,68.8037872314453
32,73,67.4766082763672
33,73,71.4710083007813
34,73,74.587760925293
35,73,76.7356796264649
36,73,108.634368896484
37,73,118.174758911133
38,73,103.805686950684
39,73,88.3318557739258
40,73,75.6912460327149
41,73,66.1019439697266
42,73,66.4694137573242
43,73,70.0509796142578
44,73,64.8346405029297
45,73,65.3107986450195
46,73,68.1481246948242
47,73,77.0988922119141
48,73,74.4105758666992
49,73,65.9741439819336
50,73,56.862850189209
51,73,42.2351875305176
52,73,35.0398635864258
53,73,31.3155288696289
54,73,29.4704113006592
55,73,28.1249599456787
56,73,25.5392532348633
57,73,24.3076419830322
58,73,21.9607105255127
59,73,19.4933815002441
60,73,19.0740566253662
61,73,19.9359970092773
62,73,20.7553863525391
63,73,20.9201564788818
64,73,20.1215362548828
65,73,18.8283824920654
66,73,16.4486217498779
67,73,14.467945098877
68,73,14.2288780212402
69,73,15.5936241149902
70,73,16.7210254669189
71,73,17.1392765045166
72,73,15.5728769302368
73,73,13.2984676361084
74,73,11.5091209411621
75,73,10.4408540725708
76,73,10.8222370147705
77,73,11.2060279846191
78,73,11.4240713119507
79,73,11.457573890686
80,73,11.9867992401123
81,73,12.5911769866943
82,73,13.144642829895
83,73,13.8763828277588
84,73,14.5477056503296
85,73,15.3628120422363
86,73,18.5278053283691
87,73,22.5180473327637
88,73,21.9166831970215
89,73,20.6000213623047
90,73,20.4951515197754
91,73,18.0665512084961
92,73,15.0984935760498
93,73,13.2571630477905
94,73,12.1396799087524
95,73,11.584321975708
96,73,11.4021072387695
97,73,11.4481735229492
98,73,11.9447174072266
99,73,11.3837642669678
100,73,11.2039098739624
101,73,11.9709014892578
102,73,12.8197050094605
103,73,12.593505859375
104,73,11.702353477478
105,73,10.1846256256104
106,73,8.15584850311279
131,73,7.78467988967896
132,73,9.44894790649414
133,73,8.62723922729492
134,73,6.43730783462524
143,73,6.04530429840088
152,73,6.89923620223999
153,73,7.66935729980469
154,73,7.89494609832764
155,73,8.89139747619629
156,73,10.0362930297852
157,73,10.9234342575073
158,73,11.2163219451904
159,73,10.8917293548584
160,73,10.0869579315186
161,73,8.85495662689209
162,73,8.77314758300781
163,73,8.10730934143066
164,73,7.27758073806763
276,73,6.07235622406006
277,73,6.38533782958984
278,73,6.60989284515381
279,73,7.04798746109009
280,73,7.78655242919922
281,73,8.26769924163818
282,73,7.97664928436279
283,73,8.36277961730957
284,73,9.41881561279297
285,73,10.3497838973999
286,73,11.0249395370483
287,73,12.0848541259766
288,73,12.8620300292969
289,73,14.5720729827881
290,73,15.912633895874
291,73,16.0817241668701
292,73,16.3691711425781
293,73,17.8363819122314
294,73,18.1022987365723
295,73,19.7181625366211
296,73,22.1309642791748
297,73,21.4021911621094
298,73,21.4753913879395
299,73,23.8157920837402
300,73,26.6385612487793
301,73,27.9379730224609
302,73,32.2675018310547
303,73,42.533805847168
304,73,51.1286201477051
305,73,56.4295883178711
306,73,62.2303771972656
307,73,65.6760559082031
308,73,71.6717987060547
309,73,75.3595809936524
310,73,72.4745635986328
311,73,74.0660247802734
312,73,78.4140090942383
313,73,82.4048843383789
314,73,75.2788848876953
315,73,68.9876556396484
316,73,76.2995147705078
317,73,84.1303100585938
318,73,87.3214950561524
319,73,87.0781021118164
320,73,77.5055923461914
321,73,70.2194366455078
322,73,65.5648651123047
323,73,64.1506576538086
324,73,61.4155960083008
325,73,59.9963150024414
326,73,60.7686347961426
327,73,61.7793121337891
328,73,64.3040390014649
329,73,65.0106506347656
330,73,70.12890625
331,73,73.7281036376953
332,73,71.7169799804688
333,73,65.378288269043
334,73,60.8759078979492
335,73,59.4749374389649
336,73,59.1178283691406
337,73,57.8620376586914
338,73,56.1508674621582
339,73,55.2703018188477
340,73,55.6282577514649
341,73,43.6111450195313
342,73,43.8891906738281
343,73,43.8546562194824
344,73,43.9500465393066
345,73,43.2936782836914
346,73,43.3625411987305
347,73,48.1312522888184
348,73,53.3633232116699
349,73,54.1959037780762
350,73,49.7062034606934
351,73,48.8613319396973
352,73,48.8519592285156
353,73,48.6708641052246
354,73,52.4718627929688
355,73,56.1803512573242
356,73,56.3653793334961
357,73,55.8896713256836
358,73,48.6750869750977
359,73,44.1653442382813
1,74,52.361011505127
2,74,44.2935523986816
3,74,38.1862640380859
4,74,36.5168838500977
5,74,35.4446907043457
6,74,34.9898986816406
7,74,36.8971710205078
8,74,35.546085357666
9,74,38.9953765869141
10,74,38.1541023254395
11,74,40.7731399536133
12,74,42.2096061706543
13,74,40.6380500793457
14,74,37.4827079772949
15,74,33.7079277038574
16,74,34.165153503418
17,74,36.8656616210938
18,74,36.8584632873535
19,74,39.7409858703613
20,74,40.7789039611816
21,74,38.5634574890137
22,74,37.9860382080078
23,74,38.8284873962402
24,74,41.8473281860352
25,74,42.3041191101074
26,74,43.150749206543
27,74,43.7573013305664
28,74,46.1887474060059
29,74,50.9585571289063
30,74,57.1495895385742
31,74,73.9672622680664
32,74,82.5363998413086
33,74,79.2439422607422
34,74,74.0260391235352
35,74,65.1648635864258
36,74,60.5756301879883
37,74,53.5250511169434
38,74,60.8907928466797
39,74,63.9820442199707
40,74,70.6378707885742
41,74,74.2506484985352
42,74,71.9647903442383
43,74,72.8134231567383
44,74,71.4981689453125
45,74,69.6605529785156
46,74,71.1691284179688
47,74,62.2394180297852
48,74,53.9668960571289
49,74,43.4328193664551
50,74,36.6549797058106
51,74,31.4396705627441
52,74,27.5627136230469
53,74,26.3796310424805
54,74,26.6946792602539
55,74,26.0557479858398
56,74,25.3801612854004
57,74,24.6441631317139
58,74,23.2053833007813
59,74,23.8046836853027
60,74,24.8042869567871
61,74,25.6113739013672
62,74,21.7176303863525
63,74,17.548656463623
64,74,14.9646492004395
65,74,14.632887840271
66,74,16.1571388244629
67,74,17.1300601959229
68,74,17.4895362854004
69,74,16.1478309631348
70,74,14.7991828918457
71,74,13.6786031723022
72,74,13.3482103347778
73,74,12.6886491775513
74,74,12.0885696411133
75,74,11.7958326339722
76,74,11.764853477478
77,74,11.8676452636719
78,74,12.3453521728516
79,74,13.1794853210449
80,74,14.0425148010254
81,74,14.433895111084
82,74,15.7695083618164
83,74,17.9959506988525
84,74,21.0541076660156
85,74,23.9474067687988
86,74,25.1069679260254
87,74,23.7121925354004
88,74,20.5094184875488
89,74,19.4279155731201
90,74,17.3261566162109
91,74,13.5638561248779
92,74,11.0608911514282
93,74,10.5765361785889
94,74,10.6997718811035
95,74,10.8412017822266
96,74,11.0081605911255
97,74,10.8718967437744
98,74,10.6049528121948
99,74,10.5438404083252
100,74,11.567554473877
101,74,12.0650129318237
102,74,11.6852207183838
103,74,10.7258682250977
104,74,9.18504238128662
105,74,6.94880104064941
156,74,6.47158622741699
157,74,8.56555938720703
158,74,11.1827116012573
159,74,9.61837482452393
160,74,8.92826366424561
161,74,9.11408710479736
162,74,10.693733215332
163,74,10.1528425216675
164,74,8.54161262512207
165,74,6.78485298156738
171,74,6.38207387924194
172,74,6.57908058166504
173,74,6.81612014770508
174,74,6.61733198165894
175,74,6.84725570678711
277,74,6.0522518157959
278,74,6.82169198989868
279,74,7.94439363479614
280,74,9.10565567016602
281,74,10.288556098938
282,74,10.9486751556396
283,74,11.3449592590332
284,74,11.4992904663086
285,74,11.3509244918823
286,74,10.8419904708862
287,74,10.7610454559326
288,74,10.8121929168701
289,74,11.4271030426025
290,74,13.2653589248657
291,74,13.8310022354126
292,74,13.3594388961792
293,74,13.4495868682861
294,74,14.0995597839355
295,74,14.3546733856201
296,74,14.3695936203003
297,74,13.6531629562378
298,74,14.7527351379395
299,74,16.5908355712891
300,74,19.1161937713623
301,74,21.710973739624
302,74,26.2725734710693
303,74,31.698450088501
304,74,36.2948989868164
305,74,42.8529472351074
306,74,53.4485321044922
307,74,60.3088569641113
308,74,65.053955078125
309,74,63.9246673583984
310,74,67.3697891235352
311,74,74.0764541625977
312,74,76.533088684082
313,74,78.5373611450195
314,74,79.5157775878906
315,74,81.1132354736328
316,74,79.1523590087891
317,74,77.7083435058594
318,74,78.7194061279297
319,74,79.0248641967774
320,74,77.4043121337891
321,74,73.7069702148438
322,74,65.7099380493164
323,74,63.3898162841797
324,74,64.6237258911133
325,74,67.6009216308594
326,74,64.6868133544922
327,74,59.3805313110352
328,74,55.2157974243164
329,74,51.9350433349609
330,74,50.5669021606445
331,74,52.6450119018555
332,74,54.2388076782227
333,74,54.0140953063965
334,74,50.955924987793
335,74,47.2987213134766
336,74,46.0820465087891
337,74,46.0368156433106
338,74,46.6776962280274
339,74,49.5551986694336
340,74,51.9328765869141
341,74,50.3117218017578
342,74,47.0783157348633
343,74,44.291862487793
344,74,39.9309692382813
345,74,35.7131576538086
346,74,36.9874305725098
347,74,37.7224273681641
348,74,37.9231033325195
349,74,40.3255729675293
350,74,44.7151222229004
351,74,50.0440711975098
352,74,49.8222618103027
353,74,48.41455078125
354,74,46.1303291320801
355,74,46.3984451293945
356,74,48.0714874267578
357,74,46.3804054260254
358,74,46.3205528259277
359,74,48.9060592651367
1,75,50.4911460876465
2,75,49.4542961120606
3,75,48.7276840209961
4,75,48.2985382080078
5,75,50.5400009155274
6,75,52.4675369262695
7,75,51.1499328613281
8,75,49.1934013366699
9,75,49.7002220153809
10,75,53.3017272949219
11,75,50.6265182495117
12,75,45.0723114013672
13,75,40.160327911377
14,75,35.8396644592285
15,75,36.0493927001953
16,75,35.5337524414063
17,75,35.3455123901367
18,75,37.0128631591797
19,75,40.0900802612305
20,75,46.6232681274414
21,75,50.0387153625488
22,75,51.5620346069336
23,75,52.7731475830078
24,75,45.850944519043
25,75,45.7511901855469
26,75,48.2131690979004
27,75,50.64453125
28,75,55.3603248596192
29,75,63.1086044311524
30,75,69.6776809692383
31,75,75.9606094360352
32,75,75.2221069335938
33,75,76.1893310546875
34,75,78.4515075683594
35,75,75.8932800292969
36,75,70.1232223510742
37,75,74.5011138916016
38,75,78.3740310668945
39,75,84.9776458740234
40,75,78.4415435791016
41,75,73.2555694580078
42,75,59.5662307739258
43,75,56.2113418579102
44,75,51.7714767456055
45,75,52.9860076904297
46,75,45.8388633728027
47,75,39.9870681762695
48,75,33.7144927978516
49,75,31.3012161254883
50,75,30.9860763549805
51,75,28.463191986084
52,75,26.3854484558106
53,75,25.5301971435547
54,75,25.5204887390137
55,75,23.7573966979981
56,75,22.3839950561523
57,75,21.705638885498
58,75,21.0549602508545
59,75,21.0237846374512
60,75,22.4736022949219
61,75,21.7130928039551
62,75,20.4421501159668
63,75,18.291690826416
64,75,17.1704406738281
65,75,15.7762746810913
66,75,13.5599269866943
67,75,13.9146823883057
68,75,14.867977142334
69,75,16.0395927429199
70,75,16.4696502685547
71,75,16.4208068847656
72,75,15.7189245223999
73,75,15.5246181488037
74,75,15.5260467529297
75,75,15.4625043869019
76,75,15.2670774459839
77,75,15.0392637252808
78,75,15.6484727859497
79,75,16.5056896209717
80,75,17.4045791625977
81,75,17.5558738708496
82,75,17.4732189178467
83,75,18.4717502593994
84,75,18.9999713897705
85,75,18.3031616210938
86,75,17.8543090820313
87,75,18.1776275634766
88,75,17.917724609375
89,75,17.161111831665
90,75,15.4909343719482
91,75,13.7577104568481
92,75,12.0281686782837
93,75,10.4116382598877
94,75,10.7406768798828
95,75,11.6771230697632
96,75,12.1492099761963
97,75,11.3837642669678
98,75,9.69157218933105
99,75,9.00981903076172
100,75,9.96818923950195
101,75,11.4792327880859
102,75,11.7769145965576
103,75,10.782829284668
104,75,8.94982147216797
105,75,6.86893701553345
157,75,6.3023681640625
158,75,6.16564702987671
160,75,6.60037994384766
161,75,8.34516143798828
162,75,9.3402624130249
163,75,8.79300403594971
164,75,7.32254362106323
169,75,6.83104133605957
170,75,7.40372562408447
171,75,6.7882719039917
172,75,6.62250709533691
175,75,6.45310592651367
176,75,6.76046276092529
177,75,7.58470916748047
178,75,7.51763153076172
179,75,7.12906837463379
273,75,6.37858152389526
274,75,6.53411102294922
275,75,6.5378475189209
276,75,7.42035436630249
277,75,8.57994174957275
278,75,9.8525390625
279,75,11.0339326858521
280,75,11.4703521728516
281,75,11.9894409179688
282,75,12.2766923904419
283,75,12.3196182250977
284,75,11.6586112976074
285,75,10.9753036499023
286,75,10.6528444290161
287,75,10.3186492919922
288,75,10.7076091766357
289,75,10.9888916015625
290,75,11.2077808380127
291,75,11.2189960479736
292,75,11.3365173339844
293,75,11.6364307403564
294,75,11.4040145874023
295,75,11.0040578842163
296,75,10.9632387161255
297,75,11.9661483764648
298,75,13.5280628204346
299,75,14.594988822937
300,75,16.44748878479
301,75,20.2463092803955
302,75,23.8899440765381
303,75,28.3120040893555
304,75,33.703296661377
305,75,32.0283546447754
306,75,30.8047561645508
307,75,31.698974609375
308,75,32.4807434082031
309,75,36.5127220153809
310,75,41.5923271179199
311,75,43.992561340332
312,75,49.5787506103516
313,75,57.1360092163086
314,75,67.3713531494141
315,75,74.9962158203125
316,75,75.0274505615234
317,75,74.1938552856445
318,75,71.7631378173828
319,75,66.8459625244141
320,75,60.6859283447266
321,75,54.7407722473145
322,75,49.9016494750977
323,75,47.1685485839844
324,75,50.2797355651856
325,75,52.039005279541
326,75,54.0426139831543
327,75,56.9904098510742
328,75,56.7620353698731
329,75,57.0651435852051
330,75,58.9108772277832
331,75,61.8717308044434
332,75,64.6264266967773
333,75,67.2340545654297
334,75,69.358512878418
335,75,69.5924606323242
336,75,70.8993835449219
337,75,72.0195922851563
338,75,71.6271820068359
339,75,61.5385284423828
340,75,50.1050186157227
341,75,39.7487182617188
342,75,34.7274932861328
343,75,34.8409385681152
344,75,34.1789093017578
345,75,34.6811294555664
346,75,36.0584983825684
347,75,35.933708190918
348,75,35.1952667236328
349,75,35.8776779174805
350,75,36.4239196777344
351,75,36.0584449768066
352,75,35.7130813598633
353,75,36.8341026306152
354,75,39.2388534545898
355,75,40.3941383361816
356,75,39.5709190368652
357,75,38.4406661987305
358,75,40.888614654541
359,75,43.8587493896484
1,76,40.019889831543
2,76,40.3106307983398
3,76,42.5480766296387
4,76,43.0918502807617
5,76,41.6171989440918
6,76,45.7193794250488
7,76,46.9612731933594
8,76,46.8032073974609
9,76,47.8292236328125
10,76,48.3866004943848
11,76,48.2663497924805
12,76,51.8397827148438
13,76,51.7851257324219
14,76,55.4329872131348
15,76,53.6671905517578
16,76,55.3764114379883
17,76,53.3764343261719
18,76,56.1460952758789
19,76,54.3347320556641
20,76,53.3719139099121
21,76,53.9919319152832
22,76,51.2337188720703
23,76,56.8591461181641
24,76,61.1637115478516
25,76,63.5385894775391
26,76,69.9457855224609
27,76,73.8969345092774
28,76,78.3438568115234
29,76,89.3519744873047
30,76,100.366065979004
31,76,104.065979003906
32,76,96.9041595458985
33,76,94.0024108886719
34,76,91.7512893676758
35,76,93.4428482055664
36,76,87.8317565917969
37,76,79.8578567504883
38,76,67.1974182128906
39,76,61.4252319335938
40,76,47.840389251709
41,76,49.1605758666992
42,76,49.7503662109375
43,76,49.7758560180664
44,76,44.8249969482422
45,76,38.0494689941406
46,76,32.5822448730469
47,76,28.5377235412598
48,76,26.3829193115234
49,76,24.4600391387939
50,76,24.3087062835693
51,76,24.5622329711914
52,76,24.1761455535889
53,76,24.6759853363037
54,76,23.0248546600342
55,76,22.6817302703857
56,76,22.7921409606934
57,76,22.0948677062988
58,76,21.0660610198975
59,76,20.3302040100098
60,76,19.5320224761963
61,76,18.4252090454102
62,76,15.6394214630127
63,76,14.2026481628418
64,76,14.0297584533691
65,76,14.0435523986816
66,76,14.3009815216064
67,76,15.307204246521
68,76,16.0097541809082
69,76,16.6143436431885
70,76,16.448148727417
71,76,16.3198184967041
72,76,16.179220199585
73,76,15.5766620635986
74,76,14.7939205169678
75,76,15.1237707138062
76,76,15.7953987121582
77,76,17.0848236083984
78,76,17.4361190795898
79,76,16.9474411010742
80,76,15.7425518035889
81,76,14.3453207015991
82,76,13.1407794952393
83,76,12.2929010391235
84,76,12.6792821884155
85,76,13.0396919250488
86,76,13.1622762680054
87,76,13.4409503936768
88,76,14.0805749893188
89,76,14.0643672943115
90,76,13.6351127624512
91,76,13.4789180755615
92,76,13.4665393829346
93,76,12.8798675537109
94,76,12.032808303833
95,76,11.746693611145
96,76,12.0334491729736
97,76,11.5663824081421
98,76,10.1958646774292
99,76,9.394287109375
100,76,9.33028793334961
101,76,9.39970016479492
102,76,8.53695201873779
103,76,7.36550235748291
104,76,6.22771310806274
159,76,6.11379384994507
163,76,6.493239402771
164,76,7.31330537796021
165,76,6.60228586196899
176,76,6.08866882324219
177,76,6.96916246414185
178,76,8.11124229431152
179,76,8.63413429260254
180,76,8.37860679626465
181,76,7.40465974807739
182,76,6.04661417007446
272,76,6.63466215133667
273,76,7.31415128707886
274,76,7.8756914138794
275,76,8.50915336608887
276,76,9.06975364685059
277,76,9.66641712188721
278,76,10.1943111419678
279,76,10.6768398284912
280,76,10.7597255706787
281,76,10.8183155059814
282,76,11.3359375
283,76,11.7072668075562
284,76,11.2696866989136
285,76,10.4791450500488
286,76,9.80165863037109
287,76,9.35779857635498
288,76,9.19585990905762
289,76,9.32694435119629
290,76,9.49325084686279
291,76,9.97189807891846
292,76,10.1019887924194
293,76,9.48717498779297
294,76,8.83754825592041
295,76,8.86358165740967
296,76,9.99498558044434
297,76,12.388014793396
298,76,16.5299282073975
299,76,21.4158992767334
300,76,23.7117309570313
301,76,24.7392063140869
302,76,23.3740081787109
303,76,21.7402515411377
304,76,22.1401462554932
305,76,24.1309013366699
306,76,25.208703994751
307,76,25.9100341796875
308,76,27.5749206542969
309,76,29.3501834869385
310,76,31.0794124603272
311,76,31.9140453338623
312,76,36.2847366333008
313,76,44.5970153808594
314,76,52.306510925293
315,76,57.7285537719727
316,76,55.1783561706543
317,76,51.5509757995606
318,76,50.6579399108887
319,76,48.0625381469727
320,76,44.506160736084
321,76,44.0427627563477
322,76,46.1923370361328
323,76,54.5613059997559
324,76,63.4245834350586
325,76,73.3236618041992
326,76,79.3152770996094
327,76,84.4188919067383
328,76,90.4414367675781
329,76,90.6932144165039
330,76,89.2309341430664
331,76,87.5740509033203
332,76,73.0859146118164
333,76,61.771369934082
334,76,56.3291320800781
335,76,53.3031730651856
336,76,46.7566986083984
337,76,36.7102432250977
338,76,31.6820430755615
339,76,28.4338455200195
340,76,26.550220489502
341,76,25.4150543212891
342,76,25.2820224761963
343,76,26.2309551239014
344,76,27.7420272827148
345,76,27.8322315216064
346,76,27.9788246154785
347,76,28.7323036193848
348,76,29.6561889648438
349,76,32.2165985107422
350,76,34.0794486999512
351,76,35.4538917541504
352,76,39.8996963500977
353,76,42.9718933105469
354,76,43.6662559509277
355,76,43.6889724731445
356,76,39.4302520751953
357,76,37.7010841369629
358,76,40.7264633178711
359,76,42.5121078491211
1,77,36.0729637145996
2,77,34.9687385559082
3,77,35.2851791381836
4,77,36.6867904663086
5,77,35.703254699707
6,77,33.9562110900879
7,77,33.8234558105469
8,77,33.8969612121582
9,77,35.868709564209
10,77,39.5642471313477
11,77,43.1859817504883
12,77,45.9893341064453
13,77,45.9352378845215
14,77,43.6348762512207
15,77,47.0535583496094
16,77,50.5434761047363
17,77,59.0411911010742
18,77,64.5549392700195
19,77,70.1657104492188
20,77,74.4641418457031
21,77,74.5463027954102
22,77,71.0099639892578
23,77,72.1285400390625
24,77,72.9910583496094
25,77,73.3521957397461
26,77,76.9888610839844
27,77,77.103401184082
28,77,76.265739440918
29,77,76.2700424194336
30,77,78.3515472412109
31,77,76.9998168945313
32,77,75.9490509033203
33,77,69.8709716796875
34,77,65.4020080566406
35,77,65.7285079956055
36,77,65.1820068359375
37,77,65.2740859985352
38,77,61.1669158935547
39,77,60.0335922241211
40,77,54.6283798217774
41,77,45.9480285644531
42,77,36.9099769592285
43,77,31.3786926269531
44,77,33.6104621887207
45,77,33.7791786193848
46,77,33.1162071228027
47,77,33.9605102539063
48,77,33.7997741699219
49,77,32.7421684265137
50,77,33.3584747314453
51,77,32.3786849975586
52,77,31.2271690368652
53,77,29.4080696105957
54,77,25.0846614837647
55,77,21.5768852233887
56,77,20.9619293212891
57,77,20.2085742950439
58,77,19.0924205780029
59,77,19.2665519714355
60,77,19.3521938323975
61,77,18.3661918640137
62,77,17.9528274536133
63,77,18.4396648406982
64,77,18.7813186645508
65,77,19.2834339141846
66,77,17.7244033813477
67,77,15.9454755783081
68,77,14.7633972167969
69,77,14.010799407959
70,77,14.0291919708252
71,77,14.5829639434814
72,77,15.6358642578125
73,77,15.4550743103027
74,77,14.8806257247925
75,77,14.3817987442017
76,77,13.9881725311279
77,77,14.007981300354
78,77,14.1392498016357
79,77,14.5597143173218
80,77,14.787558555603
81,77,14.9490375518799
82,77,14.791332244873
83,77,14.1695213317871
84,77,13.9143505096436
85,77,13.9577493667603
86,77,13.8033809661865
87,77,13.6545648574829
88,77,13.8239479064941
89,77,14.1045207977295
90,77,14.0275354385376
91,77,14.0498886108398
92,77,14.2458362579346
93,77,13.5573406219482
94,77,12.8629016876221
95,77,12.0630645751953
96,77,11.5094680786133
97,77,10.9235048294067
98,77,10.1991395950317
99,77,9.54415512084961
100,77,9.50592708587646
101,77,9.21235275268555
102,77,8.45615005493164
103,77,7.65689373016357
104,77,7.01415920257568
105,77,6.10269165039063
176,77,6.24941635131836
177,77,6.85752105712891
178,77,7.11895895004273
179,77,8.24288940429688
180,77,9.10679721832275
181,77,8.99200630187988
182,77,8.478515625
183,77,7.56457901000977
184,77,6.92720317840576
185,77,6.44007301330566
272,77,6.19626808166504
273,77,6.68194818496704
274,77,7.20063018798828
275,77,7.64428234100342
276,77,8.02168560028076
277,77,8.37084579467773
278,77,8.64096450805664
279,77,8.89911556243897
280,77,9.07443237304688
281,77,9.09614658355713
282,77,8.99380397796631
283,77,8.75236320495606
284,77,8.23227596282959
285,77,7.63497352600098
286,77,7.29961013793945
287,77,7.61975955963135
288,77,7.82528305053711
289,77,8.01356220245361
290,77,8.45949459075928
291,77,9.08889389038086
292,77,9.08061218261719
293,77,8.86322116851807
294,77,9.07936477661133
295,77,10.007664680481
296,77,11.5527763366699
297,77,13.8764972686768
298,77,15.4788780212402
299,77,16.9371757507324
300,77,17.9889831542969
301,77,18.1000556945801
302,77,18.3058662414551
303,77,19.0178565979004
304,77,21.644718170166
305,77,23.3592281341553
306,77,24.5983505249023
307,77,25.8928184509277
308,77,27.103157043457
309,77,28.8288631439209
310,77,33.6960029602051
311,77,42.4615440368652
312,77,53.2566909790039
313,77,67.0865631103516
314,77,77.7467651367188
315,77,83.1909103393555
316,77,71.0400009155273
317,77,53.2892799377441
318,77,44.9580230712891
319,77,41.1385536193848
320,77,41.5702629089355
321,77,44.1207275390625
322,77,47.4542999267578
323,77,53.8543357849121
324,77,63.1500816345215
325,77,75.2070465087891
326,77,89.112907409668
327,77,104.657600402832
328,77,114.467010498047
329,77,113.812225341797
330,77,103.975357055664
331,77,90.18310546875
332,77,82.7118072509766
333,77,73.1786041259766
334,77,61.7587547302246
335,77,54.0349617004395
336,77,45.054069519043
337,77,32.7871284484863
338,77,26.4829158782959
339,77,22.4997081756592
340,77,20.5858306884766
341,77,19.8407821655273
342,77,19.4768867492676
343,77,19.748592376709
344,77,19.9412937164307
345,77,20.1996994018555
346,77,20.5665550231934
347,77,22.5978946685791
348,77,25.1387615203857
349,77,26.6119003295898
350,77,28.0701370239258
351,77,29.7421073913574
352,77,30.9011383056641
353,77,31.8277530670166
354,77,32.5929718017578
355,77,32.162899017334
356,77,30.1785907745361
357,77,30.4237518310547
358,77,35.4037628173828
359,77,37.6835861206055
1,78,29.4016151428223
2,78,31.6518402099609
3,78,34.5895881652832
4,78,37.0174407958984
5,78,34.4396667480469
6,78,33.9923095703125
7,78,36.2573509216309
8,78,37.4997863769531
9,78,39.0464210510254
10,78,38.9891738891602
11,78,38.7944755554199
12,78,39.0776519775391
13,78,37.470401763916
14,78,36.7511253356934
15,78,34.4664993286133
16,78,35.4088554382324
17,78,38.0193290710449
18,78,41.6287956237793
19,78,47.0887756347656
20,78,50.9283905029297
21,78,54.3692398071289
22,78,58.4148635864258
23,78,60.1657104492188
24,78,61.5699005126953
25,78,64.8109741210938
26,78,62.0355529785156
27,78,59.228214263916
28,78,54.6115112304688
29,78,55.4011268615723
30,78,54.8721313476563
31,78,50.7135925292969
32,78,49.7127380371094
33,78,49.7647361755371
34,78,50.7943649291992
35,78,49.8541259765625
36,78,45.3634262084961
37,78,42.1832580566406
38,78,39.9878387451172
39,78,35.8687248229981
40,78,31.7385559082031
41,78,31.5751342773438
42,78,30.581937789917
43,78,31.128101348877
44,78,33.4636497497559
45,78,36.5634994506836
46,78,37.102783203125
47,78,35.8149604797363
48,78,34.2115821838379
49,78,31.7276191711426
50,78,29.6113586425781
51,78,27.5335369110107
52,78,25.045862197876
53,78,20.9794425964355
54,78,20.277364730835
55,78,19.1436004638672
56,78,17.8986663818359
57,78,16.7264175415039
58,78,17.6783866882324
59,78,18.3930759429932
60,78,18.9361209869385
61,78,19.5462112426758
62,78,19.5887603759766
63,78,18.769718170166
64,78,17.3739013671875
65,78,16.4019622802734
66,78,15.4839715957642
67,78,14.536376953125
68,78,13.5365133285522
69,78,13.93274974823
70,78,14.64333152771
71,78,14.1376600265503
72,78,13.4816274642944
73,78,13.7097368240356
74,78,14.0147266387939
75,78,14.2090740203857
76,78,14.3492832183838
77,78,13.8525714874268
78,78,13.3193616867065
79,78,12.6622562408447
80,78,11.9832258224487
81,78,11.6563320159912
82,78,11.3835430145264
83,78,11.2883386611938
84,78,11.2623319625855
85,78,11.3326301574707
86,78,11.4325304031372
87,78,11.4585027694702
88,78,11.4992485046387
89,78,11.6031150817871
90,78,11.7006120681763
91,78,11.7065010070801
92,78,11.4038467407227
93,78,10.8188514709473
94,78,10.0861225128174
95,78,9.59753608703613
96,78,9.55110740661621
97,78,9.23625659942627
98,78,8.86580657958984
99,78,8.40882778167725
100,78,7.56146097183228
101,78,6.8055477142334
102,78,6.29904174804688
176,78,6.06524801254273
177,78,6.93491744995117
178,78,7.75894260406494
179,78,8.19568252563477
180,78,8.03707504272461
181,78,7.51963996887207
182,78,7.3778510093689
183,78,7.35881614685059
184,78,7.0859489440918
185,78,6.88324451446533
186,78,6.65061902999878
187,78,6.55553102493286
188,78,6.28409719467163
272,78,6.19405794143677
273,78,6.28895616531372
274,78,6.3662805557251
275,78,6.66176795959473
276,78,7.11843013763428
277,78,7.46281147003174
278,78,7.24692964553833
279,78,6.92214918136597
280,78,6.85805034637451
281,78,6.98446798324585
282,78,7.1730260848999
283,78,7.2551441192627
284,78,7.32928991317749
285,78,7.04787826538086
286,78,6.73242664337158
287,78,6.4783673286438
288,78,6.10385036468506
292,78,6.35625314712524
293,78,6.97862195968628
294,78,7.80817174911499
295,78,8.66098594665527
296,78,9.4302339553833
297,78,10.5269889831543
298,78,11.6781330108643
299,78,12.9005146026611
300,78,13.7649745941162
301,78,13.5805282592773
302,78,12.7589225769043
303,78,15.7985153198242
304,78,19.604850769043
305,78,22.6650924682617
306,78,25.8728332519531
307,78,28.7681369781494
308,78,34.1613006591797
309,78,42.8360137939453
310,78,49.7738456726074
311,78,52.4564933776856
312,78,57.5758972167969
313,78,61.7971420288086
314,78,64.4443054199219
315,78,59.147518157959
316,78,49.7703475952149
317,78,43.8012542724609
318,78,37.6502685546875
319,78,33.2117118835449
320,78,30.2713088989258
321,78,30.8319931030273
322,78,32.414852142334
323,78,35.8191680908203
324,78,40.842414855957
325,78,47.3638687133789
326,78,50.774658203125
327,78,51.8793716430664
328,78,53.519229888916
329,78,54.8101387023926
330,78,54.5596237182617
331,78,55.0661468505859
332,78,58.4921417236328
333,78,58.6262664794922
334,78,55.413631439209
335,78,46.6697387695313
336,78,36.8760604858398
337,78,32.100341796875
338,78,28.8681259155273
339,78,27.9886703491211
340,78,26.9473075866699
341,78,26.1068210601807
342,78,27.2611923217773
343,78,27.6655101776123
344,78,26.1126880645752
345,78,23.7102642059326
346,78,21.8086242675781
347,78,21.1645355224609
348,78,20.4912986755371
349,78,19.7850685119629
350,78,19.7926959991455
351,78,19.6590423583984
352,78,21.0125522613525
353,78,22.0811729431152
354,78,22.6754875183106
355,78,22.7090377807617
356,78,23.2370109558106
357,78,23.7469348907471
358,78,25.2915802001953
359,78,26.4604873657227
1,79,21.1433124542236
2,79,22.2794761657715
3,79,23.081521987915
4,79,23.0704154968262
5,79,24.2675094604492
6,79,25.395170211792
7,79,26.3231525421143
8,79,28.6584167480469
9,79,30.4929180145264
10,79,32.7717056274414
11,79,34.3441276550293
12,79,34.7349891662598
13,79,33.4751968383789
14,79,33.4462432861328
15,79,34.8173179626465
16,79,35.5624580383301
17,79,40.7337303161621
18,79,40.3286399841309
19,79,40.2797775268555
20,79,40.523868560791
21,79,42.3681945800781
22,79,43.8101387023926
23,79,44.2334518432617
24,79,45.8728942871094
25,79,44.4932861328125
26,79,42.1229782104492
27,79,38.7606658935547
28,79,35.2750358581543
29,79,32.9327659606934
30,79,31.9515266418457
31,79,33.4725036621094
32,79,35.7431793212891
33,79,34.2878684997559
34,79,31.7140235900879
35,79,29.5315208435059
36,79,27.3648223876953
37,79,25.0715484619141
38,79,22.7509212493897
39,79,21.7198066711426
40,79,22.4811954498291
41,79,23.4901885986328
42,79,27.1283397674561
43,79,29.7126426696777
44,79,28.391227722168
45,79,27.7152996063232
46,79,26.6855049133301
47,79,25.6863040924072
48,79,24.5032405853272
49,79,22.9263820648193
50,79,21.1433296203613
51,79,18.7673454284668
52,79,17.554328918457
53,79,16.3884906768799
54,79,15.4632263183594
55,79,14.4126319885254
56,79,14.1884479522705
57,79,14.0320692062378
58,79,13.5803508758545
59,79,13.5379295349121
60,79,13.1137599945068
61,79,12.0322608947754
62,79,11.7605228424072
63,79,12.0663681030273
64,79,12.0798854827881
65,79,11.8886642456055
66,79,11.7483358383179
67,79,11.6532106399536
68,79,11.7921743392944
69,79,12.3386201858521
70,79,12.6867361068726
71,79,12.5760841369629
72,79,12.4416189193726
73,79,12.1347637176514
74,79,11.8055181503296
75,79,11.443736076355
76,79,11.0697193145752
77,79,10.75732421875
78,79,10.4921245574951
79,79,10.3563289642334
80,79,10.3148012161255
81,79,10.2656850814819
82,79,10.1519460678101
83,79,10.0823183059692
84,79,10.2363815307617
85,79,10.385365486145
86,79,10.2929344177246
87,79,10.0526781082153
88,79,9.93117046356201
89,79,10.086332321167
90,79,10.2860546112061
91,79,10.5854330062866
92,79,10.8334426879883
93,79,10.8206663131714
94,79,9.86956691741943
95,79,9.0639591217041
96,79,8.60486030578613
97,79,8.41005039215088
98,79,8.17915725708008
99,79,7.35861730575562
100,79,6.45668697357178
176,79,6.04814863204956
177,79,6.47848653793335
178,79,6.51569938659668
179,79,6.56665515899658
180,79,6.80793190002441
181,79,6.8899507522583
182,79,7.2989616394043
183,79,8.05372619628906
184,79,8.67561531066895
185,79,9.31232452392578
186,79,9.8951416015625
187,79,10.6045255661011
188,79,10.7937679290771
189,79,10.3210382461548
190,79,9.37783622741699
191,79,7.92996120452881
192,79,6.71376276016235
193,79,6.179856300354
271,79,6.22347164154053
272,79,6.73268508911133
273,79,6.73553371429443
274,79,6.742103099823
275,79,6.81075191497803
276,79,7.0101318359375
277,79,7.33209085464478
278,79,7.6201024055481
279,79,7.83534717559815
280,79,7.87772417068481
281,79,8.05026626586914
282,79,8.41042995452881
283,79,9.07127380371094
284,79,9.84042930603027
285,79,10.1423120498657
286,79,8.87530326843262
287,79,7.72950506210327
288,79,6.80513954162598
289,79,6.81449317932129
290,79,6.93060302734375
291,79,7.07737874984741
292,79,7.5183048248291
293,79,8.03573417663574
294,79,8.506422996521
295,79,9.18777370452881
296,79,10.1638793945313
297,79,11.1985387802124
298,79,11.9769096374512
299,79,12.1581611633301
300,79,12.1991786956787
301,79,12.4244623184204
302,79,12.6738328933716
303,79,12.6633892059326
304,79,12.9100313186646
305,79,14.0302886962891
306,79,15.9824752807617
307,79,18.2491779327393
308,79,18.6523609161377
309,79,18.8598041534424
310,79,20.3412284851074
311,79,24.6242332458496
312,79,30.624059677124
313,79,37.2574043273926
314,79,43.2002983093262
315,79,40.5576820373535
316,79,34.1091766357422
317,79,28.5310287475586
318,79,25.1734409332275
319,79,23.5897579193115
320,79,23.4691314697266
321,79,23.2296485900879
322,79,23.0475521087647
323,79,23.0032081604004
324,79,24.6842555999756
325,79,27.686128616333
326,79,33.4775352478027
327,79,38.3514175415039
328,79,40.3332214355469
329,79,39.919807434082
330,79,35.1119995117188
331,79,33.968074798584
332,79,38.6163749694824
333,79,38.648551940918
334,79,33.496150970459
335,79,28.7612457275391
336,79,24.2161808013916
337,79,23.3879241943359
338,79,24.0273742675781
339,79,22.6705551147461
340,79,20.9483585357666
341,79,22.4298191070557
342,79,24.0678234100342
343,79,25.7788200378418
344,79,26.2880401611328
345,79,25.8654460906982
346,79,25.9117088317871
347,79,26.1866092681885
348,79,23.9398078918457
349,79,21.6981544494629
350,79,20.4834842681885
351,79,19.9876117706299
352,79,20.7997875213623
353,79,20.7702903747559
354,79,19.8245162963867
355,79,19.4281997680664
356,79,19.535270690918
357,79,19.9367179870605
358,79,20.1627407073975
359,79,20.4403438568115
1,80,23.2531642913818
2,80,24.9838314056397
3,80,26.118989944458
4,80,26.8628330230713
5,80,27.892505645752
6,80,27.5702819824219
7,80,27.6472663879395
8,80,27.4881744384766
9,80,27.420093536377
10,80,26.1635284423828
11,80,25.2004261016846
12,80,24.6606197357178
13,80,25.0736904144287
14,80,26.2123603820801
15,80,27.1708316802979
16,80,27.8023262023926
17,80,28.9208755493164
18,80,29.9970932006836
19,80,29.4728336334229
20,80,28.1902694702148
21,80,27.7038459777832
22,80,27.6356563568115
23,80,26.5007667541504
24,80,24.1521949768066
25,80,22.8994216918945
26,80,23.8736610412598
27,80,25.5479183197022
28,80,26.3216247558594
29,80,25.3801746368408
30,80,24.6148319244385
31,80,24.8053245544434
32,80,23.6968898773193
33,80,21.7184314727783
34,80,20.173282623291
35,80,18.8739337921143
36,80,17.7105903625488
37,80,16.9628314971924
38,80,18.712776184082
39,80,19.6937141418457
40,80,20.7719841003418
41,80,22.2272644042969
42,80,23.4071750640869
43,80,24.7513008117676
44,80,25.7766761779785
45,80,25.0550689697266
46,80,25.0415515899658
47,80,25.0818157196045
48,80,24.5279121398926
49,80,22.752140045166
50,80,21.0323600769043
51,80,20.0654850006104
52,80,17.5966663360596
53,80,15.173210144043
54,80,14.7186069488525
55,80,14.0931549072266
56,80,13.4734497070313
57,80,13.2377462387085
58,80,13.0508232116699
59,80,12.4559469223022
60,80,11.7275552749634
61,80,11.4365386962891
62,80,11.1783294677734
63,80,10.8067321777344
64,80,10.4489707946777
65,80,10.1749467849731
66,80,9.97831535339355
67,80,9.88528537750244
68,80,10.0844573974609
69,80,10.2998905181885
70,80,9.50182247161865
71,80,8.56106758117676
72,80,8.30869865417481
73,80,8.65353584289551
74,80,9.02020931243896
75,80,9.54213333129883
76,80,10.0645914077759
77,80,10.3818912506104
78,80,10.6314573287964
79,80,10.9390821456909
80,80,11.3963661193848
81,80,11.7646598815918
82,80,11.8836765289307
83,80,11.8371868133545
84,80,11.4868631362915
85,80,10.724479675293
86,80,10.1785707473755
87,80,10.1749820709229
88,80,10.4715204238892
89,80,10.8656988143921
90,80,11.1330595016479
91,80,11.1457576751709
92,80,11.0372753143311
93,80,10.6796054840088
94,80,10.2899045944214
95,80,9.85908126831055
96,80,9.51720142364502
97,80,9.32443714141846
98,80,9.0350399017334
99,80,8.27563858032227
100,80,7.5181474685669
101,80,6.75952959060669
174,80,6.38614225387573
175,80,7.53827571868897
176,80,8.72248840332031
177,80,9.30359554290771
178,80,10.1033992767334
179,80,10.3308200836182
180,80,10.7920227050781
181,80,11.2062873840332
182,80,10.8848514556885
183,80,10.639232635498
184,80,10.4604644775391
185,80,10.5309391021729
186,80,10.8496942520142
187,80,10.9346599578857
188,80,10.684250831604
189,80,9.94182395935059
190,80,9.1377534866333
191,80,9.06035995483398
192,80,8.24863624572754
193,80,6.71147346496582
260,80,6.49278450012207
261,80,7.1487979888916
262,80,7.32212924957275
263,80,7.49671840667725
264,80,7.85273742675781
265,80,8.46674156188965
266,80,9.10066413879395
267,80,9.18387699127197
268,80,9.08758544921875
269,80,8.93562030792236
270,80,8.82421779632568
271,80,8.75685501098633
272,80,8.56206893920898
273,80,8.09965229034424
274,80,7.5050835609436
275,80,6.9293007850647
276,80,6.42861747741699
278,80,6.10006618499756
279,80,6.26607131958008
280,80,6.41688680648804
281,80,7.04414033889771
282,80,7.76169872283936
283,80,8.44134902954102
284,80,8.77330684661865
285,80,8.88420486450195
286,80,8.77452754974365
287,80,8.1762866973877
288,80,7.57693004608154
289,80,7.09591484069824
290,80,7.16464996337891
291,80,7.58152770996094
292,80,7.88735103607178
293,80,8.15303325653076
294,80,8.15813827514648
295,80,8.44370269775391
296,80,9.01977062225342
297,80,9.764892578125
298,80,10.1572589874268
299,80,10.5895919799805
300,80,11.342230796814
301,80,12.2017364501953
302,80,12.9018201828003
303,80,13.0123138427734
304,80,12.531587600708
305,80,11.6816806793213
306,80,11.8521022796631
307,80,12.3576774597168
308,80,13.4664640426636
309,80,14.3155603408813
310,80,14.6746091842651
311,80,14.8383169174194
312,80,15.3123865127563
313,80,15.4494762420654
314,80,15.9827175140381
315,80,16.879768371582
316,80,17.4268703460693
317,80,17.6635437011719
318,80,18.1023693084717
319,80,18.5725078582764
320,80,19.2644920349121
321,80,19.7655467987061
322,80,20.3178958892822
323,80,22.8257942199707
324,80,25.3358154296875
325,80,29.924036026001
326,80,35.4876937866211
327,80,40.9415855407715
328,80,45.8936271667481
329,80,46.1239280700684
330,80,42.9927749633789
331,80,40.4816513061523
332,80,38.9550132751465
333,80,35.7203025817871
334,80,29.5559558868408
335,80,24.2647380828857
336,80,20.9684982299805
337,80,18.0730934143066
338,80,16.1657695770264
339,80,14.8683433532715
340,80,15.6863679885864
341,80,16.1886711120605
342,80,16.6548862457275
343,80,16.8116874694824
344,80,16.5400867462158
345,80,16.6538200378418
346,80,17.1575355529785
347,80,17.7923069000244
348,80,19.5429573059082
349,80,21.6708221435547
350,80,23.1556644439697
351,80,24.1822910308838
352,80,25.1389312744141
353,80,25.8960571289063
354,80,25.1202869415283
355,80,24.1393661499023
356,80,23.1499557495117
357,80,22.4146041870117
358,80,22.6758117675781
359,80,22.6573028564453
1,81,21.1074542999268
2,81,19.8876647949219
3,81,20.4848442077637
4,81,21.0275173187256
5,81,22.6272697448731
6,81,24.2470874786377
7,81,25.0783138275147
8,81,24.9522743225098
9,81,24.7201690673828
10,81,24.6275386810303
11,81,24.8340950012207
12,81,25.5085697174072
13,81,26.7689800262451
14,81,27.2779102325439
15,81,27.2392692565918
16,81,27.2270755767822
17,81,26.3112945556641
18,81,25.0941562652588
19,81,24.0365352630615
20,81,23.0673828125
21,81,22.9507389068604
22,81,23.0334644317627
23,81,23.0685920715332
24,81,23.437614440918
25,81,23.9202728271484
26,81,24.4359512329102
27,81,25.2055740356445
28,81,26.0497188568115
29,81,26.046760559082
30,81,23.8431301116943
31,81,21.3357238769531
32,81,18.9672603607178
33,81,19.011646270752
34,81,19.9884452819824
35,81,21.704044342041
36,81,25.0534057617188
37,81,27.7606792449951
38,81,30.6701679229736
39,81,34.8240928649902
40,81,39.5125007629395
41,81,40.6303176879883
42,81,39.649299621582
43,81,37.5466575622559
44,81,33.6850166320801
45,81,31.3871269226074
46,81,29.7364540100098
47,81,27.7664775848389
48,81,25.3642616271973
49,81,24.820837020874
50,81,25.4191570281982
51,81,24.4660205841064
52,81,22.7398738861084
53,81,21.6850490570068
54,81,19.1065292358398
55,81,16.1093196868897
56,81,14.5389680862427
57,81,14.5791912078857
58,81,14.2185192108154
59,81,13.2682447433472
60,81,12.5970478057861
61,81,12.3750381469727
62,81,12.5818395614624
63,81,12.9147453308105
64,81,12.5088396072388
65,81,11.8122043609619
66,81,11.1500225067139
67,81,10.5523719787598
68,81,9.96176910400391
69,81,9.963791847229
70,81,10.2169466018677
71,81,10.4201021194458
72,81,10.194543838501
73,81,9.98519706726074
74,81,9.7640438079834
75,81,9.52056312561035
76,81,9.27701854705811
77,81,9.35012531280518
78,81,9.49899101257324
79,81,9.60880756378174
80,81,9.35119819641113
81,81,9.06662559509277
82,81,8.79651832580566
83,81,8.64706420898438
84,81,8.51375198364258
85,81,8.41345977783203
86,81,8.33176612854004
87,81,8.2562427520752
88,81,8.44768905639648
89,81,8.97696304321289
90,81,9.58320236206055
91,81,9.91302585601807
92,81,9.70282649993896
93,81,9.3304615020752
94,81,8.63631248474121
95,81,7.8032808303833
96,81,7.18156385421753
97,81,6.7808895111084
98,81,7.05401277542114
99,81,7.41921710968018
100,81,7.70618152618408
101,81,7.27616214752197
102,81,6.45043468475342
175,81,6.13007640838623
176,81,6.68537712097168
177,81,7.36075210571289
178,81,7.70268726348877
179,81,7.70730400085449
180,81,7.79433727264404
181,81,9.09787464141846
182,81,10.2483739852905
183,81,10.7040615081787
184,81,10.6558017730713
185,81,10.4999132156372
186,81,10.1849422454834
187,81,9.89756393432617
188,81,9.50518226623535
189,81,9.0086088180542
190,81,8.60987377166748
191,81,8.30100154876709
192,81,8.33591365814209
193,81,8.59258651733398
194,81,7.8369140625
195,81,6.80994510650635
254,81,6.42318296432495
255,81,7.34459209442139
256,81,8.29653549194336
257,81,9.10760974884033
258,81,9.135573387146
259,81,9.15861320495605
260,81,9.28301239013672
261,81,9.59476470947266
262,81,9.90524101257324
263,81,10.2379732131958
264,81,10.6096038818359
265,81,11.0121145248413
266,81,10.8064460754395
267,81,10.2138013839722
268,81,9.55553913116455
269,81,8.95004081726074
270,81,8.38284301757813
271,81,7.81577253341675
272,81,7.32041549682617
273,81,6.84870052337647
274,81,6.37514352798462
275,81,6.11976718902588
278,81,6.04695701599121
279,81,6.26844453811646
280,81,6.44332599639893
281,81,6.50608539581299
282,81,6.30554914474487
287,81,6.17854928970337
288,81,6.32698392868042
289,81,6.33207225799561
290,81,6.45493412017822
291,81,6.69281578063965
292,81,7.06879949569702
293,81,7.5809383392334
294,81,8.24038791656494
295,81,9.00179767608643
296,81,9.73995208740234
297,81,10.1923027038574
298,81,10.8612852096558
299,81,11.9191446304321
300,81,13.3650178909302
301,81,15.2765779495239
302,81,16.5631008148193
303,81,17.1344566345215
304,81,17.0017108917236
305,81,16.8738117218018
306,81,16.9230670928955
307,81,17.3229503631592
308,81,18.820873260498
309,81,20.5235252380371
310,81,22.1514892578125
311,81,22.9932422637939
312,81,22.6440162658691
313,81,21.344181060791
314,81,19.5677490234375
315,81,18.2384433746338
316,81,17.8169441223145
317,81,18.2793388366699
318,81,19.2357292175293
319,81,20.7691211700439
320,81,22.5778560638428
321,81,23.8996200561523
322,81,23.9811477661133
323,81,23.9873313903809
324,81,23.822265625
325,81,23.8735752105713
326,81,25.3842506408691
327,81,29.8793354034424
328,81,34.6780548095703
329,81,35.0866165161133
330,81,34.757209777832
331,81,34.7758636474609
332,81,35.1167907714844
333,81,34.3648452758789
334,81,29.5603218078613
335,81,24.8217678070068
336,81,23.8388938903809
337,81,23.2792663574219
338,81,22.5910739898682
339,81,21.9589138031006
340,81,21.7571868896484
341,81,22.1125602722168
342,81,22.3777923583984
343,81,21.2622833251953
344,81,19.9922676086426
345,81,19.3314571380615
346,81,18.2830352783203
347,81,19.5869598388672
348,81,21.8602104187012
349,81,23.3769683837891
350,81,24.1968002319336
351,81,24.5919151306152
352,81,23.7734222412109
353,81,22.8051643371582
354,81,22.810474395752
355,81,23.6509094238281
356,81,24.5745964050293
357,81,25.4000911712647
358,81,25.1397895812988
359,81,23.8756942749023
1,82,21.333625793457
2,82,20.2302627563477
3,82,19.0300178527832
4,82,18.3481559753418
5,82,18.3447151184082
6,82,18.6420879364014
7,82,19.2760982513428
8,82,20.0032176971436
9,82,20.8669586181641
10,82,22.3714923858643
11,82,23.9548587799072
12,82,24.991361618042
13,82,25.3330516815186
14,82,25.5901870727539
15,82,25.1395416259766
16,82,24.054859161377
17,82,22.4915218353271
18,82,22.1339340209961
19,82,22.4202251434326
20,82,22.9056930541992
21,82,22.9433269500732
22,82,23.1376972198486
23,82,23.403507232666
24,82,23.3001594543457
25,82,23.7014274597168
26,82,23.7192935943604
27,82,22.7250328063965
28,82,22.0255012512207
29,82,22.2838764190674
30,82,23.6009922027588
31,82,24.4888744354248
32,82,25.0394744873047
33,82,25.2294979095459
34,82,25.1956443786621
35,82,25.3485298156738
36,82,26.1046924591065
37,82,27.374210357666
38,82,30.1027812957764
39,82,34.5110626220703
40,82,39.3124351501465
41,82,44.171516418457
42,82,43.2416000366211
43,82,40.907169342041
44,82,39.9040603637695
45,82,39.6726150512695
46,82,39.4687347412109
47,82,38.3204154968262
48,82,34.6246528625488
49,82,31.3154201507568
50,82,28.5304088592529
51,82,24.6434192657471
52,82,21.2457256317139
53,82,17.9770374298096
54,82,16.7984313964844
55,82,15.9314250946045
56,82,15.3950729370117
57,82,15.0440692901611
58,82,14.6795644760132
59,82,14.3312149047852
60,82,13.8976259231567
61,82,13.0526857376099
62,82,12.1629543304443
63,82,11.3677539825439
64,82,10.6614418029785
65,82,10.4097080230713
66,82,10.2746315002441
67,82,10.0922985076904
68,82,10.354531288147
69,82,10.7549915313721
70,82,11.1838827133179
71,82,10.9332637786865
72,82,10.6059722900391
73,82,10.2770748138428
74,82,10.1547117233276
75,82,10.0345363616943
76,82,9.90539264678955
77,82,9.08112621307373
78,82,8.20332908630371
79,82,7.32703161239624
80,82,7.00340414047241
81,82,6.79360580444336
82,82,6.61737728118897
83,82,6.75275468826294
84,82,6.99086999893189
85,82,7.216628074646
86,82,7.26645421981812
87,82,7.14738130569458
88,82,7.0357780456543
89,82,7.02536487579346
90,82,7.55054950714111
91,82,8.04501914978027
92,82,8.50216674804688
93,82,8.33557319641113
94,82,7.88718223571777
95,82,7.44100952148438
96,82,7.00532627105713
97,82,6.7271900177002
98,82,6.37600898742676
99,82,6.05770969390869
175,82,6.23082447052002
176,82,7.09609603881836
177,82,7.92347812652588
178,82,8.46012496948242
179,82,8.79472732543945
180,82,9.15665626525879
181,82,9.5403470993042
182,82,10.0211668014526
183,82,10.6785440444946
184,82,11.000922203064
185,82,10.8541555404663
186,82,10.1736793518066
187,82,9.49028301239014
188,82,8.98850822448731
189,82,8.91865539550781
190,82,9.01052093505859
191,82,9.33992767333984
192,82,9.55379772186279
193,82,9.58938407897949
194,82,9.41221141815186
195,82,9.03706550598145
196,82,8.77720260620117
197,82,8.57861232757568
198,82,8.19802665710449
199,82,7.73892784118652
200,82,7.26260328292847
201,82,6.9361252784729
202,82,6.78489112854004
203,82,6.74119329452515
204,82,6.27315855026245
248,82,6.29467725753784
249,82,6.54612350463867
250,82,6.77328491210938
251,82,7.0199499130249
252,82,7.31551122665405
253,82,7.80669021606445
254,82,8.30178737640381
255,82,8.77713680267334
256,82,9.02955532073975
257,82,9.29482173919678
258,82,9.57055759429932
259,82,9.67886352539062
260,82,9.78286075592041
261,82,9.88886737823486
262,82,9.8440523147583
263,82,9.75697040557861
264,82,9.66686534881592
265,82,9.33341312408447
266,82,8.79269123077393
267,82,8.23754501342773
268,82,7.74749183654785
269,82,7.41768407821655
270,82,7.10912609100342
271,82,6.82483911514282
272,82,6.60248851776123
273,82,6.37222766876221
274,82,6.13020181655884
278,82,6.08123731613159
279,82,6.16521072387695
280,82,6.21758079528809
281,82,6.24042892456055
282,82,6.23132038116455
283,82,6.22823190689087
284,82,6.26025533676148
285,82,6.3284912109375
286,82,6.46203994750977
287,82,6.71264600753784
288,82,6.94183731079102
289,82,7.1487979888916
290,82,7.29825592041016
291,82,7.15487289428711
292,82,7.0782208442688
293,82,7.18548393249512
294,82,7.47885990142822
295,82,8.54369640350342
296,82,10.2160720825195
297,82,11.7843570709229
298,82,13.1910839080811
299,82,14.4360771179199
300,82,15.1077041625977
301,82,15.1139850616455
302,82,14.6048460006714
303,82,13.5856266021729
304,82,12.6737461090088
305,82,12.2224006652832
306,82,12.6957550048828
307,82,13.2137451171875
308,82,13.7973785400391
309,82,14.1430463790894
310,82,14.2575969696045
311,82,14.6962852478027
312,82,15.2685050964355
313,82,16.1343364715576
314,82,16.8930587768555
315,82,17.2469787597656
316,82,17.2510776519775
317,82,16.8270854949951
318,82,16.2354545593262
319,82,15.6120481491089
320,82,15.1570196151733
321,82,14.828761100769
322,82,14.5065841674805
323,82,14.1213035583496
324,82,13.7497634887695
325,82,13.3718032836914
326,82,14.6739864349365
327,82,16.0692729949951
328,82,18.0244216918945
329,82,22.0646743774414
330,82,26.1027660369873
331,82,28.3641357421875
332,82,29.0777320861816
333,82,29.7884578704834
334,82,27.9054660797119
335,82,25.7458915710449
336,82,23.7599143981934
337,82,22.1087341308594
338,82,20.346134185791
339,82,20.4901237487793
340,82,21.274356842041
341,82,22.3272533416748
342,82,24.6274719238281
343,82,27.0458793640137
344,82,26.9727821350098
345,82,25.849006652832
346,82,24.6096496582031
347,82,22.3871421813965
348,82,20.1225471496582
349,82,19.9035472869873
350,82,20.7180004119873
351,82,21.5498085021973
352,82,22.5897846221924
353,82,23.8390464782715
354,82,24.8588466644287
355,82,25.6078681945801
356,82,25.6602535247803
357,82,24.4357414245606
358,82,23.6477737426758
359,82,22.7160263061523
1,83,17.6475448608398
2,83,17.7094669342041
3,83,18.0839920043945
4,83,19.1759185791016
5,83,20.4917030334473
6,83,20.9606952667236
7,83,20.0013236999512
8,83,19.2751789093018
9,83,18.7658309936523
10,83,18.1697120666504
11,83,17.46018409729
12,83,17.5165519714355
13,83,18.1102085113525
14,83,18.0742263793945
15,83,17.3990859985352
16,83,16.7035789489746
17,83,16.6942806243897
18,83,16.6119251251221
19,83,16.5461273193359
20,83,16.5057830810547
21,83,16.7860698699951
22,83,17.0076732635498
23,83,17.3683776855469
24,83,17.7276172637939
25,83,17.6875324249268
26,83,17.6008605957031
27,83,17.7352733612061
28,83,18.0036163330078
29,83,19.2625541687012
30,83,20.4680137634277
31,83,21.6267242431641
32,83,22.708158493042
33,83,23.1459503173828
34,83,23.9304428100586
35,83,24.709753036499
36,83,26.6872062683106
37,83,29.6783237457275
38,83,32.2533111572266
39,83,33.6728172302246
40,83,32.6089591979981
41,83,32.0342597961426
42,83,32.0000038146973
43,83,29.960090637207
44,83,26.5808773040772
45,83,23.8363399505615
46,83,21.7498817443848
47,83,19.7211132049561
48,83,16.9439907073975
49,83,13.6692123413086
50,83,12.9597272872925
51,83,12.383487701416
52,83,11.3981056213379
53,83,10.8051776885986
54,83,10.8579120635986
55,83,10.9432754516602
56,83,10.9763813018799
57,83,10.608983039856
58,83,10.2021446228027
59,83,9.77051544189453
60,83,9.36398410797119
61,83,8.94438934326172
62,83,8.51165771484375
63,83,8.35639667510986
64,83,8.28801536560059
65,83,8.1694974899292
66,83,8.14464664459229
67,83,8.37251091003418
68,83,8.65273094177246
69,83,8.94751930236816
70,83,8.69585132598877
71,83,8.45539283752441
72,83,8.20654201507568
73,83,7.94184684753418
74,83,7.67416477203369
75,83,7.40709400177002
76,83,7.16853141784668
77,83,7.01705265045166
78,83,6.85630416870117
79,83,6.68219470977783
80,83,6.58291053771973
81,83,6.50856876373291
82,83,6.42585182189941
83,83,6.33509683609009
84,83,6.24711418151856
85,83,6.14643907546997
88,83,6.05793285369873
89,83,6.12361478805542
90,83,6.18498659133911
91,83,6.24979066848755
92,83,6.33958435058594
93,83,6.45630693435669
94,83,6.60276317596436
95,83,6.6029634475708
96,83,6.46812629699707
97,83,6.36123657226563
98,83,6.28345155715942
99,83,6.21650886535645
100,83,6.07564735412598
171,83,7.05205726623535
172,83,8.25039577484131
173,83,9.3118724822998
174,83,10.4266138076782
175,83,11.5986337661743
176,83,12.7352838516235
177,83,13.6837615966797
178,83,14.3913631439209
179,83,14.767484664917
180,83,15.0937690734863
181,83,15.3797492980957
182,83,15.180980682373
183,83,14.673246383667
184,83,13.9909019470215
185,83,13.4320602416992
186,83,13.1337299346924
187,83,12.7778415679932
188,83,12.4059352874756
189,83,12.2186679840088
190,83,12.1367969512939
191,83,12.8175601959229
192,83,13.2931575775147
193,83,13.3567342758179
194,83,13.0354280471802
195,83,12.5819330215454
196,83,12.2677478790283
197,83,11.7837028503418
198,83,11.1805973052979
199,83,10.6604738235474
200,83,10.2627649307251
201,83,9.87691116333008
202,83,9.25887107849121
203,83,8.8914737701416
204,83,8.68741893768311
205,83,8.60588550567627
206,83,8.41590023040772
207,83,8.26117324829102
208,83,8.23153018951416
209,83,8.3111686706543
210,83,8.05063533782959
211,83,7.60391902923584
212,83,7.33525609970093
213,83,7.2438497543335
214,83,7.29321050643921
215,83,7.20415258407593
216,83,7.16440010070801
217,83,7.199875831604
218,83,7.39157485961914
219,83,7.37638187408447
220,83,7.31969594955444
221,83,7.37557077407837
222,83,7.82156085968018
223,83,8.16892528533936
224,83,8.41506862640381
225,83,8.16242408752441
226,83,7.74839115142822
227,83,7.48245716094971
228,83,7.36057901382446
229,83,7.14122629165649
230,83,6.94106674194336
231,83,6.90494680404663
232,83,7.11328220367432
233,83,7.61104154586792
234,83,8.04637908935547
235,83,8.42265033721924
236,83,8.73877334594727
237,83,8.99573421478272
238,83,9.16661834716797
239,83,8.98400688171387
240,83,8.26060676574707
241,83,7.64296054840088
242,83,7.12431907653809
243,83,7.11755466461182
244,83,7.22903060913086
245,83,7.37435626983643
246,83,7.71896982192993
247,83,8.38265991210938
248,83,9.06373691558838
249,83,9.73589706420898
250,83,10.1780920028687
251,83,10.6264533996582
252,83,11.1081705093384
253,83,11.4939651489258
254,83,11.6716823577881
255,83,11.8335094451904
256,83,11.9836339950562
257,83,12.0316038131714
258,83,12.0634956359863
259,83,12.0966644287109
260,83,12.0128002166748
261,83,11.605429649353
262,83,11.2014045715332
263,83,10.8015127182007
264,83,10.3715362548828
265,83,9.90554332733154
266,83,9.41459178924561
267,83,8.8927173614502
268,83,8.60403728485107
269,83,8.37817192077637
270,83,8.19767761230469
271,83,7.96603202819824
272,83,7.42805814743042
273,83,6.9205207824707
274,83,6.44646167755127
275,83,6.09341382980347
276,83,6.2586259841919
277,83,6.39798021316528
278,83,6.50974893569946
279,83,6.5915732383728
280,83,6.63228607177734
281,83,6.70255184173584
282,83,6.83235836029053
283,83,6.93199443817139
284,83,6.8690710067749
285,83,6.70849800109863
286,83,6.5025053024292
287,83,6.24970293045044
288,83,6.03535795211792
289,83,6.2508282661438
290,83,6.45459508895874
291,83,6.64636898040772
292,83,6.82582950592041
293,83,7.0410737991333
294,83,7.84627771377564
295,83,8.75439643859863
296,83,9.66837501525879
297,83,10.5879135131836
298,83,11.5127172470093
299,83,11.7372245788574
300,83,11.4588623046875
301,83,11.0361557006836
302,83,10.4705505371094
303,83,9.95139980316162
304,83,10.0428037643433
305,83,10.1786479949951
306,83,10.2644052505493
307,83,10.577054977417
308,83,11.3940696716309
309,83,12.2016305923462
310,83,12.9998531341553
311,83,13.5568761825562
312,83,13.6485023498535
313,83,13.7949485778809
314,83,14.0900774002075
315,83,14.1606464385986
316,83,14.0584669113159
317,83,13.9022617340088
318,83,13.8125953674316
319,83,14.0120878219604
320,83,14.0835952758789
321,83,14.0389595031738
322,83,13.9863138198853
323,83,14.0064105987549
324,83,14.0884704589844
325,83,14.4698238372803
326,83,15.0047492980957
327,83,15.563232421875
328,83,16.558837890625
329,83,17.9257755279541
330,83,19.2878131866455
331,83,21.1285533905029
332,83,23.5368957519531
333,83,25.9469223022461
334,83,26.6119728088379
335,83,25.1841201782227
336,83,23.8800468444824
337,83,23.7838668823242
338,83,24.8649940490723
339,83,25.9766845703125
340,83,26.8747806549072
341,83,27.5000629425049
342,83,27.9933795928955
343,83,27.5249671936035
344,83,26.544548034668
345,83,25.5020637512207
346,83,23.8007850646973
347,83,21.8745918273926
348,83,19.9098472595215
349,83,19.22975730896
350,83,18.713493347168
351,83,18.1869297027588
352,83,18.6898994445801
353,83,19.0869770050049
354,83,19.2397270202637
355,83,19.4303226470947
356,83,19.2484073638916
357,83,18.8301086425781
358,83,18.6011085510254
359,83,18.0135955810547
1,84,14.8833560943604
2,84,13.7079486846924
3,84,12.9536781311035
4,84,12.1045818328857
5,84,11.1573171615601
6,84,11.5323486328125
7,84,11.8504781723022
8,84,12.1342620849609
9,84,12.4899578094482
10,84,13.0486993789673
11,84,13.6833047866821
12,84,14.3950233459473
13,84,15.3771476745605
14,84,16.0373115539551
15,84,16.3248271942139
16,84,16.2343597412109
17,84,15.8435554504395
18,84,15.6183109283447
19,84,15.3930358886719
20,84,15.0294647216797
21,84,15.1964054107666
22,84,15.3878211975098
23,84,15.4891405105591
24,84,15.3258209228516
25,84,14.9591817855835
26,84,14.7963914871216
27,84,14.8791646957397
28,84,14.6463298797607
29,84,14.2283315658569
30,84,13.8847942352295
31,84,13.4872035980225
32,84,13.8759088516235
33,84,16.2915210723877
34,84,18.7221355438232
35,84,20.969856262207
36,84,22.9427490234375
37,84,22.8866214752197
38,84,22.903715133667
39,84,23.2208671569824
40,84,23.4553184509277
41,84,23.1049022674561
42,84,22.3539352416992
43,84,21.2185173034668
44,84,19.7118377685547
45,84,17.5569763183594
46,84,15.3784351348877
47,84,13.3295764923096
48,84,11.4237861633301
49,84,10.9722785949707
50,84,10.4298934936523
51,84,9.80134677886963
52,84,9.16462898254395
53,84,9.18501281738281
54,84,9.14570808410645
55,84,9.0497875213623
56,84,8.97412586212158
57,84,9.11397933959961
58,84,9.32237720489502
59,84,9.59374523162842
60,84,9.67451190948486
61,84,9.44741535186768
62,84,9.21127223968506
63,84,8.96694087982178
64,84,8.82776069641113
65,84,8.75327873229981
66,84,8.67026901245117
67,84,8.57975292205811
68,84,8.423415184021
69,84,8.23843860626221
70,84,8.04951572418213
71,84,7.85772371292114
72,84,7.75321245193481
73,84,7.67151975631714
74,84,7.58965349197388
75,84,7.50809478759766
76,84,7.39244890213013
77,84,7.26764965057373
78,84,7.14058685302734
79,84,7.00957250595093
80,84,6.87770128250122
81,84,6.74857902526856
82,84,6.6222825050354
83,84,6.49970579147339
84,84,6.42776775360107
85,84,6.41553831100464
86,84,6.42258214950562
87,84,6.45136547088623
88,84,6.44942331314087
89,84,6.41835021972656
90,84,6.3987603187561
91,84,6.39173984527588
92,84,6.39834117889404
93,84,6.3309326171875
94,84,6.19884490966797
95,84,6.07306718826294
101,84,6.08160781860352
102,84,6.21085357666016
103,84,6.25488662719727
104,84,6.14857912063599
147,84,6.64449644088745
148,84,7.38292074203491
149,84,8.12692165374756
150,84,8.89480400085449
151,84,9.69437217712402
152,84,10.5679798126221
153,84,11.4964370727539
154,84,12.4559135437012
155,84,13.4463653564453
156,84,13.1590633392334
157,84,12.7964353561401
158,84,12.4040679931641
159,84,12.6114187240601
160,84,14.1645078659058
161,84,15.8612174987793
162,84,17.7175140380859
163,84,19.2925662994385
164,84,20.6945457458496
165,84,21.5539817810059
166,84,22.3385543823242
167,84,23.0867652893066
168,84,23.917293548584
169,84,24.8368587493897
170,84,25.3218841552734
171,84,25.6151390075684
172,84,26.1916637420654
173,84,27.0687923431397
174,84,25.9796848297119
175,84,24.5558414459229
176,84,23.0331478118897
177,84,22.0624694824219
178,84,21.8577575683594
179,84,21.624698638916
180,84,21.3610458374023
181,84,21.1718349456787
182,84,21.0846977233887
183,84,21.0599460601807
184,84,21.1060752868652
185,84,20.976921081543
186,84,21.0027313232422
187,84,21.2172050476074
188,84,21.5999507904053
189,84,21.7575206756592
190,84,21.707088470459
191,84,21.0342845916748
192,84,19.7564182281494
193,84,19.0483627319336
194,84,18.4974822998047
195,84,18.1058235168457
196,84,17.8502769470215
197,84,17.5706386566162
198,84,17.0995140075684
199,84,16.576732635498
200,84,16.0017337799072
201,84,15.1232681274414
202,84,14.4517440795898
203,84,13.7962427139282
204,84,13.1665229797363
205,84,12.408655166626
206,84,11.7323656082153
207,84,11.2678565979004
208,84,11.0219898223877
209,84,11.0019054412842
210,84,11.0771675109863
211,84,11.2667121887207
212,84,11.5128040313721
213,84,11.4104423522949
214,84,11.4795389175415
215,84,11.7268266677856
216,84,12.3149538040161
217,84,13.0958023071289
218,84,13.8595085144043
219,84,14.6622838973999
220,84,15.0409469604492
221,84,14.995213508606
222,84,14.5446281433105
223,84,14.251485824585
224,84,14.1118831634521
225,84,14.1216821670532
226,84,13.8516817092896
227,84,13.4359750747681
228,84,13.1690950393677
229,84,13.0460548400879
230,84,13.3586702346802
231,84,13.9719657897949
232,84,14.7086696624756
233,84,15.5637559890747
234,84,15.7284660339355
235,84,15.6199464797974
236,84,15.6145877838135
237,84,15.7071046829224
238,84,15.6766195297241
239,84,15.366756439209
240,84,15.0278272628784
241,84,14.6625595092773
242,84,14.3446960449219
243,84,14.1873302459717
244,84,13.9608144760132
245,84,13.6810894012451
246,84,13.409478187561
247,84,13.1341972351074
248,84,12.9159183502197
249,84,12.7494850158691
250,84,12.5458898544312
251,84,12.1763544082642
252,84,11.8414506912231
253,84,11.5360193252563
254,84,11.2575836181641
255,84,11.0100517272949
256,84,10.7776718139648
257,84,10.5546436309814
258,84,10.3697395324707
259,84,10.6217346191406
260,84,10.8675518035889
261,84,11.1087198257446
262,84,11.3466634750366
263,84,11.5193157196045
264,84,11.7126207351685
265,84,11.9493074417114
266,84,12.2403230667114
267,84,12.347017288208
268,84,12.2591018676758
269,84,12.1521921157837
270,84,12.0222253799438
271,84,11.8135862350464
272,84,11.157229423523
273,84,10.4583606719971
274,84,9.73066329956055
275,84,9.06083869934082
276,84,8.62253952026367
277,84,8.44069862365723
278,84,8.30795860290527
279,84,8.2265739440918
280,84,8.19901847839356
281,84,8.3696346282959
282,84,8.58125877380371
283,84,8.71751976013184
284,84,8.78590965270996
285,84,8.94497680664063
286,84,9.24135589599609
287,84,9.75364875793457
288,84,10.3204336166382
289,84,10.9427614212036
290,84,11.6214809417725
291,84,12.3572072982788
292,84,12.2031621932983
293,84,11.8372077941895
294,84,11.4633884429932
295,84,11.081714630127
296,84,10.6922826766968
297,84,10.2952251434326
298,84,10.3421764373779
299,84,10.5556697845459
300,84,10.7669563293457
301,84,10.9762573242188
302,84,11.183539390564
303,84,11.4425954818726
304,84,11.8167772293091
305,84,12.2958879470825
306,84,12.6863288879395
307,84,13.0261430740356
308,84,13.2532968521118
309,84,13.4311389923096
310,84,13.5695676803589
311,84,13.6704959869385
312,84,13.5386438369751
313,84,13.3028154373169
314,84,13.2129964828491
315,84,13.2611446380615
316,84,13.2052383422852
317,84,12.7271614074707
318,84,12.2246170043945
319,84,11.6992282867432
320,84,11.3494968414307
321,84,11.3860664367676
322,84,11.471531867981
323,84,11.5996961593628
324,84,12.2103576660156
325,84,13.2066717147827
326,84,14.207670211792
327,84,15.2117881774902
328,84,17.1448745727539
329,84,19.2585754394531
330,84,21.388069152832
331,84,23.7836112976074
332,84,26.9069232940674
333,84,30.026159286499
334,84,33.1443557739258
335,84,35.0801620483398
336,84,36.6151962280273
337,84,38.1584320068359
338,84,39.6813011169434
339,84,41.1399230957031
340,84,42.626708984375
341,84,44.148624420166
342,84,41.8979873657227
343,84,39.283016204834
344,84,36.925708770752
345,84,35.1751098632813
346,84,33.8032989501953
347,84,32.3639259338379
348,84,31.1142044067383
349,84,31.9746875762939
350,84,32.6744155883789
351,84,33.4707870483398
352,84,31.763204574585
353,84,29.4409656524658
354,84,27.5400619506836
355,84,26.1618213653565
356,84,24.7652893066406
357,84,22.8787326812744
358,84,20.4745826721191
359,84,18.5116786956787
1,85,15.9859266281128
2,85,14.2960634231567
3,85,12.5960063934326
4,85,10.8852872848511
5,85,10.2236757278442
6,85,9.86184310913086
7,85,9.6741361618042
8,85,9.56065273284912
9,85,9.91902923583984
10,85,10.597261428833
11,85,11.0735950469971
12,85,11.343620300293
13,85,11.4243450164795
14,85,11.7424192428589
15,85,12.5105152130127
16,85,13.2254409790039
17,85,13.8866491317749
18,85,14.2876920700073
19,85,14.2867650985718
20,85,14.0839509963989
21,85,13.8343982696533
22,85,13.5327959060669
23,85,13.1808347702026
24,85,12.7440462112427
25,85,12.2024583816528
26,85,11.6020212173462
27,85,11.4214859008789
28,85,11.3634815216064
29,85,11.796257019043
30,85,12.4139213562012
31,85,13.214054107666
32,85,14.0519113540649
33,85,14.8166999816895
34,85,15.6517114639282
35,85,16.5078887939453
36,85,17.3431644439697
37,85,18.2492847442627
38,85,18.9103984832764
39,85,19.176549911499
40,85,19.0768489837647
41,85,18.778787612915
42,85,18.139669418335
43,85,17.3659801483154
44,85,16.595344543457
45,85,15.8282508850098
46,85,15.0651302337646
47,85,15.1563482284546
48,85,15.4228200912476
49,85,15.5914993286133
50,85,15.584831237793
51,85,15.4022874832153
52,85,15.0273456573486
53,85,14.5594663619995
54,85,14.0055952072144
55,85,13.3716907501221
56,85,12.8625478744507
57,85,12.5980587005615
58,85,12.4673280715942
59,85,12.4617624282837
60,85,12.4194078445435
61,85,12.9188146591187
62,85,13.4563026428223
63,85,13.9357223510742
64,85,14.3662776947021
65,85,14.5630884170532
66,85,14.0476894378662
67,85,13.5937900543213
68,85,13.1962375640869
69,85,12.8492908477783
70,85,12.2663974761963
71,85,11.4895935058594
72,85,10.7722101211548
73,85,10.1011695861816
74,85,9.4611701965332
75,85,9.10378265380859
76,85,8.83652305603027
77,85,8.57138538360596
78,85,8.30951404571533
79,85,8.05202293395996
80,85,7.83901309967041
81,85,7.63782453536987
82,85,7.44287395477295
83,85,7.25499629974365
84,85,7.07485198974609
85,85,7.01476621627808
86,85,6.99836254119873
87,85,6.99933052062988
88,85,7.01943302154541
89,85,7.06024742126465
90,85,7.14413642883301
91,85,7.24360179901123
92,85,7.3263463973999
93,85,7.39066314697266
94,85,7.44570255279541
95,85,7.51252031326294
96,85,7.40209770202637
97,85,7.27576732635498
98,85,7.16176557540894
99,85,7.06068801879883
100,85,6.97274780273438
101,85,6.89792346954346
102,85,6.93897342681885
103,85,6.98510265350342
104,85,7.00069808959961
105,85,6.95693111419678
106,85,6.86200714111328
107,85,6.71500253677368
108,85,6.51779794692993
109,85,6.47634172439575
110,85,6.47672128677368
111,85,6.51913070678711
112,85,6.58894157409668
113,85,6.62739038467407
114,85,6.65407943725586
115,85,6.66911935806274
116,85,6.65625
117,85,6.52490472793579
118,85,6.39268016815186
119,85,6.32051610946655
120,85,6.26991081237793
121,85,6.20934534072876
122,85,6.13913774490356
123,85,6.05976486206055
132,85,6.22102499008179
133,85,6.5432939529419
134,85,6.86662197113037
135,85,7.09347915649414
136,85,7.0699782371521
137,85,7.04848670959473
138,85,7.02883148193359
139,85,7.01084327697754
140,85,7.19885110855103
141,85,7.65708065032959
142,85,8.12814235687256
143,85,8.61013984680176
144,85,9.10115242004395
145,85,9.80196380615234
146,85,10.5654907226563
147,85,11.3345031738281
148,85,12.1064167022705
149,85,12.797571182251
150,85,13.2608451843262
151,85,13.7242965698242
152,85,14.1929397583008
153,85,14.6712684631348
154,85,15.9141635894775
155,85,17.2891273498535
156,85,18.6545639038086
157,85,20.0059013366699
158,85,21.1039943695068
159,85,21.970272064209
160,85,22.8551979064941
161,85,23.7612457275391
162,85,24.4057712554932
163,85,23.9325008392334
164,85,23.6035842895508
165,85,23.43430519104
166,85,23.4394454956055
167,85,24.0718059539795
168,85,24.481388092041
169,85,24.575834274292
170,85,24.3308582305908
171,85,24.3328704833984
172,85,24.503023147583
173,85,24.5716094970703
174,85,25.3630638122559
175,85,26.0929698944092
176,85,26.5593872070313
177,85,26.867618560791
178,85,27.0094146728516
179,85,26.9773292541504
180,85,26.6107139587402
181,85,25.9378681182861
182,85,24.9538497924805
183,85,23.6475830078125
184,85,23.6183547973633
185,85,24.3717880249023
186,85,24.8678665161133
187,85,25.0994606018066
188,85,25.0596618652344
189,85,24.1710224151611
190,85,23.4066390991211
191,85,22.7855987548828
192,85,22.1786575317383
193,85,21.4765701293945
194,85,20.4631805419922
195,85,19.4485549926758
196,85,18.4334259033203
197,85,17.4180850982666
198,85,16.5683040618897
199,85,16.0897598266602
200,85,15.5783367156982
201,85,14.9029245376587
202,85,14.0630807876587
203,85,13.275806427002
204,85,12.8044672012329
205,85,12.3579292297363
206,85,11.9675197601318
207,85,11.4074201583862
208,85,10.6785697937012
209,85,10.3325805664063
210,85,10.0300226211548
211,85,10.0221719741821
212,85,10.4345560073853
213,85,11.0615043640137
214,85,11.900465965271
215,85,12.4659376144409
216,85,12.9154691696167
217,85,12.5664949417114
218,85,12.2366390228272
219,85,11.9255151748657
220,85,11.6329956054688
221,85,11.3984432220459
222,85,11.6026048660278
223,85,11.8230419158936
224,85,11.9493179321289
225,85,11.9841051101685
226,85,11.9303026199341
227,85,11.9391422271729
228,85,11.9581871032715
229,85,12.0007667541504
230,85,12.0646419525146
231,85,12.1005611419678
232,85,12.2516078948975
233,85,12.4864873886108
234,85,12.7568445205688
235,85,13.0610055923462
236,85,13.397349357605
237,85,13.380687713623
238,85,13.3381214141846
239,85,13.345817565918
240,85,13.3407068252563
241,85,13.2984590530396
242,85,12.9554719924927
243,85,12.6116409301758
244,85,12.2711496353149
245,85,11.9340267181396
246,85,11.6515369415283
247,85,11.6452074050903
248,85,11.6286773681641
249,85,11.6035070419312
250,85,11.5713481903076
251,85,11.6197099685669
252,85,11.8473682403564
253,85,12.0559139251709
254,85,12.251277923584
255,85,12.4390516281128
256,85,12.7428073883057
257,85,13.2330760955811
258,85,13.735912322998
259,85,14.2476959228516
260,85,14.7650737762451
261,85,15.035792350769
262,85,14.9442749023438
263,85,14.8521423339844
264,85,14.7561435699463
265,85,14.6534023284912
266,85,14.480320930481
267,85,14.1279296875
268,85,13.7490043640137
269,85,13.3391647338867
270,85,12.893759727478
271,85,12.4085550308228
272,85,12.0982208251953
273,85,11.8274707794189
274,85,11.5895042419434
275,85,11.3873167037964
276,85,11.2238283157349
277,85,11.1044540405273
278,85,11.004753112793
279,85,10.9759216308594
280,85,10.9843902587891
281,85,11.0320291519165
282,85,11.1202154159546
283,85,11.3567714691162
284,85,11.7312726974487
285,85,12.0214557647705
286,85,12.2245855331421
287,85,12.3381395339966
288,85,12.3703374862671
289,85,12.4566593170166
290,85,12.6100788116455
291,85,12.8311576843262
292,85,13.1125431060791
293,85,13.4549026489258
294,85,13.8586006164551
295,85,14.32399559021
296,85,14.8048295974731
297,85,15.1349563598633
298,85,15.3105411529541
299,85,15.5419931411743
300,85,15.8290090560913
301,85,16.1709480285645
302,85,16.4711418151855
303,85,16.0893115997314
304,85,15.6237058639526
305,85,15.0762596130371
306,85,14.4952907562256
307,85,14.0777788162231
308,85,13.8338766098022
309,85,13.6422595977783
310,85,13.3510608673096
311,85,12.9639902114868
312,85,12.4852085113525
313,85,12.0030107498169
314,85,11.8829212188721
315,85,11.8495006561279
316,85,11.8973436355591
317,85,12.0205917358398
318,85,12.3381814956665
319,85,12.9607210159302
320,85,13.5628786087036
321,85,14.0538873672485
322,85,14.5407886505127
323,85,14.8511295318604
324,85,15.0768117904663
325,85,15.3104705810547
326,85,15.5515871047974
327,85,15.9452056884766
328,85,16.9696960449219
329,85,18.0136013031006
330,85,19.0719184875488
331,85,20.1396656036377
332,85,21.5695934295654
333,85,23.0542259216309
334,85,24.5365829467773
335,85,26.0123996734619
336,85,27.0475234985352
337,85,27.8214950561523
338,85,28.5533790588379
339,85,29.2341709136963
340,85,29.7569065093994
341,85,30.2260074615479
342,85,30.7866592407227
343,85,31.4558773040772
344,85,31.8939399719238
345,85,31.871509552002
346,85,31.9519367218018
347,85,32.1481781005859
348,85,32.1677017211914
349,85,31.6007747650147
350,85,30.9937705993652
351,85,30.3440361022949
352,85,29.6317596435547
353,85,28.8437271118164
354,85,28.0379333496094
355,85,27.2137184143066
356,85,26.1349601745606
357,85,23.9627990722656
358,85,21.7618980407715
359,85,19.5758113861084
1,86,17.9205951690674
2,86,16.456449508667
3,86,15.0694189071655
4,86,14.7404003143311
5,86,14.4743165969849
6,86,14.2731122970581
7,86,14.1386575698853
8,86,13.971134185791
9,86,14.0050868988037
10,86,14.2613554000855
11,86,14.6461114883423
12,86,15.1618871688843
13,86,15.811185836792
14,86,16.5584564208984
15,86,16.9049530029297
16,86,17.2873516082764
17,86,17.4357776641846
18,86,17.5129928588867
19,86,17.5475044250488
20,86,17.527193069458
21,86,17.4541244506836
22,86,17.4256744384766
23,86,17.4420738220215
24,86,17.4763031005859
25,86,17.4563636779785
26,86,17.4344520568848
27,86,17.3890495300293
28,86,17.3130035400391
29,86,17.2088279724121
30,86,17.0770225524902
31,86,17.1496658325195
32,86,17.6211605072022
33,86,18.1290988922119
34,86,18.7805480957031
35,86,19.5868396759033
36,86,20.5264511108398
37,86,21.596263885498
38,86,22.7807750701904
39,86,24.158239364624
40,86,25.7278118133545
41,86,27.4843082427979
42,86,28.9391098022461
43,86,30.0853328704834
44,86,30.0608520507813
45,86,29.867244720459
46,86,29.8507518768311
47,86,30.0045394897461
48,86,30.3217716217041
49,86,30.7950267791748
50,86,31.8051357269287
51,86,32.9706993103027
52,86,33.9958953857422
53,86,34.3272705078125
54,86,34.6597900390625
55,86,34.9952239990234
56,86,33.6486282348633
57,86,32.3956985473633
58,86,31.3062858581543
59,86,30.3708400726318
60,86,29.5777015686035
61,86,28.7364349365234
62,86,26.8590393066406
63,86,24.9531898498535
64,86,23.0212574005127
65,86,21.0705318450928
66,86,19.1034202575684
67,86,17.5421295166016
68,86,16.9477100372314
69,86,16.3984127044678
70,86,15.887716293335
71,86,15.4081659317017
72,86,14.9533653259277
73,86,14.5721311569214
74,86,14.2833423614502
75,86,13.9933557510376
76,86,13.7028455734253
77,86,13.4124631881714
78,86,13.1229038238525
79,86,12.7989187240601
80,86,12.3941011428833
81,86,11.9943389892578
82,86,11.6008911132813
83,86,11.2145862579346
84,86,10.8367080688477
85,86,10.4682712554932
86,86,10.1900014877319
87,86,9.91998481750488
88,86,9.65469837188721
89,86,9.39445686340332
90,86,9.13939571380615
91,86,8.88968086242676
92,86,8.72088241577148
93,86,8.80395793914795
94,86,8.90597534179688
95,86,9.02799224853516
96,86,9.17112350463867
97,86,9.33623504638672
98,86,9.52435398101807
99,86,9.73619174957275
100,86,9.89997482299805
101,86,10.0738210678101
102,86,10.216911315918
103,86,10.3280563354492
104,86,10.4063348770142
105,86,10.4508743286133
106,86,10.4608364105225
107,86,10.4357109069824
108,86,10.2947959899902
109,86,10.1359891891479
110,86,9.99258708953857
111,86,9.84179592132568
112,86,9.65174293518066
113,86,9.43265724182129
114,86,9.18479251861572
115,86,8.90812969207764
116,86,8.60318374633789
117,86,8.27016067504883
118,86,8.07944774627686
119,86,7.92580890655518
120,86,7.80525493621826
121,86,7.70001697540283
122,86,7.60980653762817
123,86,7.53430652618408
124,86,7.47312688827515
125,86,7.42591857910156
126,86,7.39225244522095
127,86,7.45952272415161
128,86,7.53265285491943
129,86,7.60380363464356
130,86,7.67311429977417
131,86,7.74087572097778
132,86,7.8036322593689
133,86,8.02136611938477
134,86,8.54137897491455
135,86,9.06715774536133
136,86,9.59830093383789
137,86,10.1351404190063
138,86,10.6776084899902
139,86,11.5185060501099
140,86,13.3137245178223
141,86,15.0905170440674
142,86,16.8533306121826
143,86,18.6077346801758
144,86,20.3594188690186
145,86,21.368034362793
146,86,21.3415012359619
147,86,21.3278865814209
148,86,21.3273639678955
149,86,21.3414402008057
150,86,21.3706245422363
151,86,22.0765037536621
152,86,22.9547634124756
153,86,23.8530616760254
154,86,24.771520614624
155,86,25.7109031677246
156,86,26.6618041992188
157,86,27.6454410552979
158,86,28.6970272064209
159,86,29.8277683258057
160,86,31.0452880859375
161,86,32.3583030700684
162,86,33.339527130127
163,86,34.3707733154297
164,86,35.4639701843262
165,86,36.6221084594727
166,86,37.8468284606934
167,86,38.1695899963379
168,86,37.9157791137695
169,86,37.9149856567383
170,86,38.0705108642578
171,86,38.286376953125
172,86,38.3079986572266
173,86,37.691104888916
174,86,36.8994598388672
175,86,35.9206695556641
176,86,34.7427749633789
177,86,33.3539009094238
178,86,32.9800872802734
179,86,32.4323844909668
180,86,31.6104145050049
181,86,30.503044128418
182,86,29.0985774993897
183,86,28.0812339782715
184,86,27.6742992401123
185,86,27.2370204925537
186,86,26.7681732177734
187,86,26.2664222717285
188,86,25.7307815551758
189,86,25.8104381561279
190,86,26.0467891693115
191,86,26.3127632141113
192,86,26.6084747314453
193,86,26.4867916107178
194,86,25.9342498779297
195,86,24.9128360748291
196,86,23.9912738800049
197,86,23.1796436309815
198,86,22.4796295166016
199,86,21.8920974731445
200,86,21.4181251525879
201,86,20.9238910675049
202,86,20.112922668457
203,86,19.3977146148682
204,86,18.7790470123291
205,86,18.2568988800049
206,86,17.8316516876221
207,86,17.4748687744141
208,86,17.1104831695557
209,86,16.8037586212158
210,86,16.5310230255127
211,86,16.3102874755859
212,86,16.1411666870117
213,86,16.0231819152832
214,86,15.95583152771
215,86,15.5723476409912
216,86,15.4202156066895
217,86,15.4396915435791
218,86,15.5584087371826
219,86,15.7746238708496
220,86,16.0866031646729
221,86,16.4921207427979
222,86,16.9026298522949
223,86,16.8203411102295
224,86,16.7018222808838
225,86,16.6338977813721
226,86,16.6150989532471
227,86,16.6439266204834
228,86,16.7189998626709
229,86,16.9364929199219
230,86,17.1558837890625
231,86,17.3583488464355
232,86,17.5447235107422
233,86,17.7159271240234
234,86,17.6953830718994
235,86,17.0556011199951
236,86,16.331371307373
237,86,15.7203397750855
238,86,15.2174587249756
239,86,14.8152942657471
240,86,14.5079393386841
241,86,14.7758016586304
242,86,15.2553977966309
243,86,15.7263946533203
244,86,16.1896514892578
245,86,16.6457614898682
246,86,17.0955867767334
247,86,17.6501693725586
248,86,18.2860717773438
249,86,18.9554443359375
250,86,19.6526145935059
251,86,20.3721351623535
252,86,21.1087303161621
253,86,21.8014373779297
254,86,22.4689960479736
255,86,23.1364212036133
256,86,23.7995872497559
257,86,24.4520168304443
258,86,25.0888290405273
259,86,25.0876579284668
260,86,24.3809967041016
261,86,23.6808662414551
262,86,22.9996070861816
263,86,22.3493919372559
264,86,21.7423667907715
265,86,21.2206020355225
266,86,20.9629974365234
267,86,20.7104835510254
268,86,20.4622249603272
269,86,20.2178764343262
270,86,19.9768981933594
271,86,19.7388648986816
272,86,19.2173252105713
273,86,18.3491477966309
274,86,17.4569702148438
275,86,16.5385780334473
276,86,15.5909194946289
277,86,14.6116065979004
278,86,13.5982856750488
279,86,12.8008069992065
280,86,12.4507179260254
281,86,12.1131172180176
282,86,11.7885971069336
283,86,11.5043983459473
284,86,11.3300313949585
285,86,11.2207813262939
286,86,11.1786184310913
287,86,11.4399871826172
288,86,11.9325923919678
289,86,12.4548511505127
290,86,13.0072422027588
291,86,13.5898895263672
292,86,14.2031869888306
293,86,14.8471775054932
294,86,15.2220468521118
295,86,15.4415903091431
296,86,15.4254360198975
297,86,15.2590560913086
298,86,15.0776462554932
299,86,14.8813495635986
300,86,14.6703081130981
301,86,14.4446840286255
302,86,14.3846988677979
303,86,14.4070730209351
304,86,14.3945140838623
305,86,14.3476190567017
306,86,14.2675676345825
307,86,14.1553325653076
308,86,14.005895614624
309,86,14.0103530883789
310,86,14.1860084533691
311,86,14.3776206970215
312,86,14.5850095748901
313,86,14.8077182769775
314,86,15.0456848144531
315,86,15.30051612854
316,86,15.5959768295288
317,86,15.9290046691895
318,86,16.2972927093506
319,86,16.6984062194824
320,86,17.1301212310791
321,86,17.6080627441406
322,86,18.1915302276611
323,86,18.7953586578369
324,86,19.4178428649902
325,86,20.0563335418701
326,86,20.7087306976318
327,86,21.5052127838135
328,86,22.4122371673584
329,86,23.3187789916992
330,86,24.2266082763672
331,86,25.1372756958008
332,86,26.018087387085
333,86,26.6865463256836
334,86,27.3592548370361
335,86,28.0359039306641
336,86,28.7161808013916
337,86,29.399736404419
338,86,29.4013824462891
339,86,29.3189945220947
340,86,29.2564544677734
341,86,29.2172679901123
342,86,29.2051048278809
343,86,30.01806640625
344,86,31.180700302124
345,86,32.3596954345703
346,86,33.5560836791992
347,86,34.7695350646973
348,86,35.2448768615723
349,86,35.2212066650391
350,86,35.2420845031738
351,86,35.3105964660645
352,86,35.4294586181641
353,86,34.4063873291016
354,86,32.0360488891602
355,86,29.6588840484619
356,86,27.2660236358643
357,86,24.6418590545654
358,86,22.3589611053467
359,86,20.872407913208
1,87,26.5335159301758
2,87,26.0480690002441
3,87,25.5726432800293
4,87,25.1074180603027
5,87,24.6518173217773
6,87,24.2060203552246
7,87,23.7698249816895
8,87,23.3426132202148
9,87,23.0768737792969
10,87,22.9492988586426
11,87,22.9294738769531
12,87,23.0197067260742
13,87,23.2212257385254
14,87,23.5359325408936
15,87,23.9648857116699
16,87,24.5868148803711
17,87,25.3419151306152
18,87,25.9546966552734
19,87,26.4244270324707
20,87,26.9640674591065
21,87,27.8182563781738
22,87,28.4873352050781
23,87,28.9704971313477
24,87,29.2549419403076
25,87,29.268856048584
26,87,29.1118011474609
27,87,28.7847728729248
28,87,28.2882041931152
29,87,27.6241607666016
30,87,26.9118137359619
31,87,26.2208824157715
32,87,25.5298900604248
33,87,24.8386096954346
34,87,25.244743347168
35,87,25.6843147277832
36,87,26.0365123748779
37,87,26.303165435791
38,87,26.5158214569092
39,87,27.1466999053955
40,87,27.5213794708252
41,87,27.647050857544
42,87,27.5309295654297
43,87,27.1806735992432
44,87,26.6048355102539
45,87,26.5667858123779
46,87,26.8630218505859
47,87,27.9068374633789
48,87,28.9435901641846
49,87,29.869270324707
50,87,30.689094543457
51,87,31.408130645752
52,87,32.0319213867188
53,87,32.5659942626953
54,87,33.0160675048828
55,87,32.4582023620606
56,87,31.7146911621094
57,87,30.806619644165
58,87,29.7495708465576
59,87,28.5559158325195
60,87,27.2409381866455
61,87,25.8184814453125
62,87,24.7270488739014
63,87,26.0459098815918
64,87,27.2006378173828
65,87,28.2074527740479
66,87,29.0822925567627
67,87,29.8428115844727
68,87,30.5046768188477
69,87,31.0847053527832
70,87,31.3322715759277
71,87,31.1060962677002
72,87,30.8901443481445
73,87,30.6858367919922
74,87,30.4981193542481
75,87,30.3271656036377
76,87,30.1780433654785
77,87,30.0517539978027
78,87,29.6206169128418
79,87,28.5094699859619
80,87,27.4184417724609
81,87,26.3447208404541
82,87,25.2848567962647
83,87,24.234073638916
84,87,23.1880683898926
85,87,22.1443710327148
86,87,21.0990905761719
87,87,21.0136814117432
88,87,21.1259288787842
89,87,21.2866287231445
90,87,21.499137878418
91,87,21.9183197021484
92,87,22.4220294952393
93,87,22.996036529541
94,87,23.6419258117676
95,87,24.3631992340088
96,87,24.7521114349365
97,87,24.9677848815918
98,87,25.1775093078613
99,87,25.382495880127
100,87,25.5774078369141
101,87,25.7622623443604
102,87,25.9357032775879
103,87,26.0950202941895
104,87,26.2384948730469
105,87,26.3669776916504
106,87,26.3738327026367
107,87,26.0383739471436
108,87,25.5798778533936
109,87,24.4431972503662
110,87,23.4086036682129
111,87,22.4774284362793
112,87,21.6504364013672
113,87,20.9275207519531
114,87,20.3094959259033
115,87,19.79616355896
116,87,19.3874168395996
117,87,19.0820922851563
118,87,18.8794441223145
119,87,18.7609844207764
120,87,18.3606300354004
121,87,17.8680324554443
122,87,17.463207244873
123,87,17.1444263458252
124,87,16.909631729126
125,87,16.7569942474365
126,87,16.6841773986816
127,87,16.6888408660889
128,87,16.7681674957275
129,87,16.9407825469971
130,87,17.2779407501221
131,87,17.6730117797852
132,87,18.1231117248535
133,87,18.6252002716064
134,87,19.1761169433594
135,87,19.772403717041
136,87,20.4105186462402
137,87,21.0869121551514
138,87,22.2829914093018
139,87,23.6684818267822
140,87,25.1075229644775
141,87,26.5935134887695
142,87,28.1186141967773
143,87,29.6753845214844
144,87,31.2561569213867
145,87,32.8005523681641
146,87,32.9596633911133
147,87,33.1400833129883
148,87,33.3372421264648
149,87,33.5457572937012
150,87,33.7611045837402
151,87,33.9780311584473
152,87,34.1915969848633
153,87,34.610424041748
154,87,35.152156829834
155,87,35.6792297363281
156,87,36.2382202148438
157,87,36.8310165405273
158,87,37.4655914306641
159,87,38.1489715576172
160,87,38.7944641113281
161,87,39.3460922241211
162,87,39.9170951843262
163,87,40.5080146789551
164,87,41.1198120117188
165,87,41.7533264160156
166,87,42.4088897705078
167,87,43.2479591369629
168,87,44.3685340881348
169,87,45.4659423828125
170,87,46.5390434265137
171,87,47.5835037231445
172,87,48.5979766845703
173,87,49.5779724121094
174,87,50.1678657531738
175,87,49.8054084777832
176,87,49.4497146606445
177,87,49.1006965637207
178,87,48.7584571838379
179,87,48.4231376647949
180,87,48.0947685241699
181,87,47.7337455749512
182,87,46.1651840209961
183,87,44.5085105895996
184,87,42.9126701354981
185,87,41.3800048828125
186,87,39.9140777587891
187,87,38.5173110961914
188,87,37.1915435791016
189,87,35.3072280883789
190,87,33.1682624816895
191,87,31.1329555511475
192,87,29.2030429840088
193,87,27.3813152313232
194,87,25.6695499420166
195,87,24.0354461669922
196,87,22.5152072906494
197,87,21.8603382110596
198,87,21.3513984680176
199,87,20.8059024810791
200,87,20.2235488891602
201,87,19.6043834686279
202,87,18.9484252929688
203,87,18.2557735443115
204,87,17.526725769043
205,87,16.8092765808105
206,87,16.5576610565186
207,87,16.3316173553467
208,87,16.1191673278809
209,87,15.920259475708
210,87,15.7349233627319
211,87,15.5631456375122
212,87,15.4047298431396
213,87,15.2598285675049
214,87,15.128116607666
215,87,15.3198661804199
216,87,15.5692043304443
217,87,15.7422475814819
218,87,15.840256690979
219,87,15.8646850585938
220,87,15.8169841766357
221,87,15.6988697052002
222,87,15.5120782852173
223,87,15.2585744857788
224,87,15.7136945724487
225,87,16.2375526428223
226,87,16.8079433441162
227,87,17.5525932312012
228,87,18.3097667694092
229,87,19.0789394378662
230,87,19.8597068786621
231,87,20.6510257720947
232,87,20.678638458252
233,87,20.3569984436035
234,87,20.0353240966797
235,87,19.7136192321777
236,87,19.3916091918945
237,87,19.0692710876465
238,87,18.7464008331299
239,87,18.4229564666748
240,87,18.2775230407715
241,87,18.2554740905762
242,87,18.2633934020996
243,87,18.2981796264648
244,87,18.3567409515381
245,87,18.3009910583496
246,87,18.1952838897705
247,87,18.1139163970947
248,87,17.6737213134766
249,87,17.0712776184082
250,87,16.4996929168701
251,87,15.9542980194092
252,87,15.4305877685547
253,87,14.9237461090088
254,87,14.429160118103
255,87,13.9422054290771
256,87,13.7012510299683
257,87,13.6368942260742
258,87,13.5642747879028
259,87,13.4847507476807
260,87,13.3987588882446
261,87,13.3073377609253
262,87,13.2111949920654
263,87,13.1112060546875
264,87,13.0762062072754
265,87,13.3004112243652
266,87,13.509557723999
267,87,13.7026958465576
268,87,13.8786134719849
269,87,14.0357666015625
270,87,14.1733446121216
271,87,14.289852142334
272,87,14.5300092697144
273,87,14.7166929244995
274,87,14.7726621627808
275,87,14.8375310897827
276,87,14.911678314209
277,87,14.9956836700439
278,87,15.0898122787476
279,87,15.1945686340332
280,87,15.3103084564209
281,87,15.4372882843018
282,87,15.5760402679443
283,87,15.7033834457397
284,87,15.8325624465942
285,87,15.9863328933716
286,87,16.165168762207
287,87,16.3697814941406
288,87,16.6003532409668
289,87,16.8571853637695
290,87,17.366678237915
291,87,18.1198844909668
292,87,18.9755268096924
293,87,19.9341163635254
294,87,20.9833679199219
295,87,21.8293113708496
296,87,22.589241027832
297,87,23.2629928588867
298,87,23.8512802124023
299,87,24.3534717559814
300,87,24.7711181640625
301,87,25.0595588684082
302,87,25.0909633636475
303,87,25.1782531738281
304,87,25.3198661804199
305,87,25.5161914825439
306,87,25.7646045684814
307,87,26.064790725708
308,87,26.4151515960693
309,87,26.8146877288818
310,87,27.2269268035889
311,87,27.0629959106445
312,87,26.8813819885254
313,87,26.7797966003418
314,87,26.7540817260742
315,87,26.8002853393555
316,87,26.9143180847168
317,87,27.091178894043
318,87,27.3264217376709
319,87,27.8769435882568
320,87,28.6014099121094
321,87,29.2785835266113
322,87,29.9141578674316
323,87,30.514820098877
324,87,31.0875644683838
325,87,31.6398162841797
326,87,32.1773986816406
327,87,32.6714477539063
328,87,33.1983184814453
329,87,33.7569046020508
330,87,34.3391647338867
331,87,34.9399833679199
332,87,35.5520515441895
333,87,36.1689491271973
334,87,36.4617538452148
335,87,36.638126373291
336,87,36.8232040405273
337,87,37.0189819335938
338,87,37.2275428771973
339,87,37.4510040283203
340,87,37.6913070678711
341,87,38.1591377258301
342,87,38.709342956543
343,87,39.2681198120117
344,87,39.8358306884766
345,87,40.4120597839356
346,87,40.9971313476563
347,87,41.5906410217285
348,87,41.4572105407715
349,87,41.2088432312012
350,87,40.9516220092773
351,87,40.6843376159668
352,87,40.4061050415039
353,87,39.9659309387207
354,87,39.150520324707
355,87,36.5667381286621
356,87,34.2186737060547
357,87,32.1213684082031
358,87,30.2901859283447
359,87,28.7373237609863
1,88,26.8903312683106
2,88,27.4638748168945
3,88,28.0535297393799
4,88,28.6603736877441
5,88,29.2843627929688
6,88,29.926082611084
7,88,30.5850086212158
8,88,31.3727569580078
9,88,32.907600402832
10,88,34.5634384155273
11,88,36.1882171630859
12,88,37.7196006774902
13,88,39.2343101501465
14,88,40.7311058044434
15,88,42.2106704711914
16,88,43.672248840332
17,88,45.115348815918
18,88,46.5387268066406
19,88,47.9412651062012
20,88,48.8906440734863
21,88,49.5567092895508
22,88,50.3122177124024
23,88,51.1575393676758
24,88,52.0922966003418
25,88,53.116340637207
26,88,54.2286758422852
27,88,54.5350074768066
28,88,54.5085525512695
29,88,54.4051055908203
30,88,54.2253150939941
31,88,53.9690246582031
32,88,53.6377220153809
33,88,53.1090698242188
34,88,51.9763107299805
35,88,51.0528411865234
36,88,50.3347702026367
37,88,49.8187446594238
38,88,49.5011901855469
39,88,49.3774948120117
40,88,49.291919708252
41,88,49.1039505004883
42,88,48.8885803222656
43,88,48.6464500427246
44,88,48.3781814575195
45,88,48.0843544006348
46,88,47.7655563354492
47,88,47.422664642334
48,88,47.0562705993652
49,88,46.6668357849121
50,88,46.2557563781738
51,88,45.8232727050781
52,88,45.6005058288574
53,88,45.4991455078125
54,88,45.3832130432129
55,88,45.2519989013672
56,88,45.1067123413086
57,88,44.9470825195313
58,88,44.7730560302734
59,88,44.5848617553711
60,88,44.3829765319824
61,88,44.167121887207
62,88,43.9375915527344
63,88,43.6949157714844
64,88,43.7163352966309
65,88,43.8456878662109
66,88,43.9544486999512
67,88,44.0435829162598
68,88,44.1146240234375
69,88,44.168327331543
70,88,44.2059478759766
71,88,44.2284698486328
72,88,44.2376708984375
73,88,44.2336769104004
74,88,44.2181510925293
75,88,44.1925964355469
76,88,44.3294792175293
77,88,44.5075073242188
78,88,44.6801567077637
79,88,44.8504180908203
80,88,45.0218353271484
81,88,45.1975631713867
82,88,45.3811340332031
83,88,45.5758018493652
84,88,45.7845001220703
85,88,46.0104637145996
86,88,46.2566452026367
87,88,46.5258941650391
88,88,46.6626777648926
89,88,45.4011039733887
90,88,44.1363868713379
91,88,42.8626708984375
92,88,41.581241607666
93,88,40.2886772155762
94,88,38.9840126037598
95,88,37.6654472351074
96,88,36.3315200805664
97,88,34.9817237854004
98,88,33.6130218505859
99,88,32.2256584167481
100,88,30.8177528381348
101,88,29.3893890380859
102,88,28.0881404876709
103,88,27.6296863555908
104,88,27.5374221801758
105,88,27.4405288696289
106,88,27.3377017974854
107,88,27.228536605835
108,88,27.1129264831543
109,88,26.9915084838867
110,88,26.8632698059082
111,88,26.7279319763184
112,88,26.5857429504395
113,88,26.4374237060547
114,88,26.2815628051758
115,88,26.1189231872559
116,88,25.9499397277832
117,88,25.7749671936035
118,88,25.5930442810059
119,88,25.4051666259766
120,88,25.2120723724365
121,88,24.8729476928711
122,88,24.601692199707
123,88,24.4935836791992
124,88,24.3862247467041
125,88,24.2796592712402
126,88,24.1739673614502
127,88,24.0691814422607
128,88,23.9653549194336
129,88,23.8625087738037
130,88,23.7606754302979
131,88,23.6599521636963
132,88,23.5603828430176
133,88,23.4620056152344
134,88,23.410572052002
135,88,23.4598598480225
136,88,23.5081348419189
137,88,23.5559158325195
138,88,23.6033954620361
139,88,23.651029586792
140,88,23.6991844177246
141,88,23.7481307983398
142,88,23.7984619140625
143,88,23.8504791259766
144,88,23.9046096801758
145,88,23.9613494873047
146,88,24.3511371612549
147,88,25.0616264343262
148,88,25.7787666320801
149,88,26.5031127929688
150,88,27.2357788085938
151,88,27.9785938262939
152,88,28.7313461303711
153,88,29.4950332641602
154,88,30.2716293334961
155,88,31.060733795166
156,88,31.8644866943359
157,88,32.5122222900391
158,88,33.0238876342773
159,88,33.5196037292481
160,88,33.9945907592773
161,88,34.4436187744141
162,88,34.8622131347656
163,88,35.2461090087891
164,88,35.5906066894531
165,88,35.8912925720215
166,88,36.1435623168945
167,88,36.3430023193359
168,88,35.5757713317871
169,88,34.7482948303223
170,88,33.8769340515137
171,88,32.9601097106934
172,88,31.9959373474121
173,88,30.980037689209
174,88,29.9137001037598
175,88,28.7912902832031
176,88,27.6127510070801
177,88,26.3751754760742
178,88,25.4318580627441
179,88,25.1265182495117
180,88,24.8887310028076
181,88,24.6321563720703
182,88,24.3563785552979
183,88,24.0607604980469
184,88,23.7457466125488
185,88,23.4106693267822
186,88,23.0558242797852
187,88,22.680477142334
188,88,22.2850952148438
189,88,21.7784328460693
190,88,21.0980567932129
191,88,20.4109764099121
192,88,19.7171649932861
193,88,19.0176334381104
194,88,18.3114242553711
195,88,17.6000480651855
196,88,16.8824367523193
197,88,16.159984588623
198,88,15.4328393936157
199,88,15.2661743164063
200,88,15.2370290756226
201,88,15.3297357559204
202,88,15.5695419311523
203,88,15.8219861984253
204,88,16.0867328643799
205,88,16.3641338348389
206,88,16.6540451049805
207,88,16.9562301635742
208,88,17.2706127166748
209,88,17.5969371795654
210,88,17.9350318908691
211,88,18.2848815917969
212,88,18.6461639404297
213,88,18.9838008880615
214,88,19.1362438201904
215,88,19.1851959228516
216,88,19.1658096313477
217,88,19.1593284606934
218,88,19.1655178070068
219,88,19.184154510498
220,88,19.2149677276611
221,88,19.2576923370361
222,88,19.3119888305664
223,88,19.3776264190674
224,88,19.4541645050049
225,88,19.5413417816162
226,88,19.5069675445557
227,88,19.1306343078613
228,88,18.7280445098877
229,88,18.2997493743897
230,88,17.8469161987305
231,88,17.3709449768066
232,88,16.8728733062744
233,88,16.3538341522217
234,88,15.8424081802368
235,88,15.4455833435059
236,88,15.048243522644
237,88,14.6504211425781
238,88,14.3327789306641
239,88,14.3823804855347
240,88,14.4130554199219
241,88,14.425986289978
242,88,14.4223022460938
243,88,14.4032402038574
244,88,14.3700389862061
245,88,14.3239488601685
246,88,14.2662601470947
247,88,14.198224067688
248,88,14.1211099624634
249,88,14.0362567901611
250,88,14.0123844146729
251,88,14.2125692367554
252,88,14.4069557189941
253,88,14.596978187561
254,88,14.7842493057251
255,88,14.970251083374
256,88,15.1564044952393
257,88,15.344259262085
258,88,15.5350713729858
259,88,15.7306241989136
260,88,15.9320068359375
261,88,16.1410293579102
262,88,16.3585414886475
263,88,16.4161891937256
264,88,16.4555320739746
265,88,16.4922962188721
266,88,16.5245399475098
267,88,16.55078125
268,88,16.5690956115723
269,88,16.5777244567871
270,88,16.5750865936279
271,88,16.5596370697022
272,88,16.5296459197998
273,88,16.4837608337402
274,88,16.4205207824707
275,88,16.3384704589844
276,88,16.4012870788574
277,88,16.6367015838623
278,88,16.8827857971191
279,88,17.1404705047607
280,88,17.4104290008545
281,88,17.6930828094482
282,88,18.0388641357422
283,88,18.3786449432373
284,88,18.71067237854
285,88,19.0346069335938
286,88,19.3501071929932
287,88,19.6570854187012
288,88,19.9550170898438
289,88,20.2439098358154
290,88,20.5235118865967
291,88,20.7935180664063
292,88,21.0552864074707
293,88,21.3165187835693
294,88,21.577995300293
295,88,21.8395290374756
296,88,22.1010494232178
297,88,22.3625526428223
298,88,22.6239070892334
299,88,22.884895324707
300,88,23.1456661224365
301,88,23.6918106079102
302,88,24.3231792449951
303,88,24.9817123413086
304,88,25.6657466888428
305,88,26.3752498626709
306,88,27.1085453033447
307,88,27.8657379150391
308,88,28.6455135345459
309,88,29.4467010498047
310,88,30.2676734924316
311,88,31.1082305908203
312,88,31.9666805267334
313,88,32.8419227600098
314,88,33.6802520751953
315,88,34.2385673522949
316,88,34.7869911193848
317,88,35.3254928588867
318,88,35.8541145324707
319,88,36.2951049804688
320,88,36.6837692260742
321,88,37.0840225219727
322,88,37.4952507019043
323,88,37.9154434204102
324,88,38.3439903259277
325,88,38.7793235778809
326,88,38.7679405212402
327,88,38.1750221252441
328,88,37.5741577148438
329,88,36.9652671813965
330,88,36.3505096435547
331,88,35.728645324707
332,88,35.1017875671387
333,88,34.4698638916016
334,88,33.8338623046875
335,88,33.1937294006348
336,88,32.5508918762207
337,88,31.9689254760742
338,88,31.4112148284912
339,88,30.8400840759277
340,88,30.2529640197754
341,88,29.6483879089356
342,88,29.0241203308106
343,88,28.3780822753906
344,88,27.7256088256836
345,88,27.1121921539307
346,88,26.5114650726318
347,88,26.0266208648682
348,88,25.859992980957
349,88,25.7015724182129
350,88,25.5522556304932
351,88,25.4126834869385
352,88,25.2838973999023
353,88,25.1663398742676
354,88,25.0609893798828
355,88,24.9684944152832
356,88,24.8895149230957
357,88,24.8247699737549
358,88,25.2640399932861
359,88,25.7909984588623
1,89,24.7250022888184
2,89,24.818172454834
3,89,24.9086227416992
4,89,24.9963779449463
5,89,25.0813655853272
6,89,25.1632995605469
7,89,25.2422370910645
8,89,25.528491973877
9,89,25.8575267791748
10,89,26.1769790649414
11,89,26.4863433837891
12,89,26.7851657867432
13,89,27.0740375518799
14,89,27.3517150878906
15,89,27.6186599731445
16,89,27.9070491790772
17,89,28.2584648132324
18,89,28.6039390563965
19,89,28.9437561035156
20,89,29.2777118682861
21,89,29.6052417755127
22,89,29.9263572692871
23,89,30.2411289215088
24,89,30.5499362945557
25,89,30.8518352508545
26,89,31.1472187042236
27,89,31.4357891082764
28,89,31.7178630828857
29,89,31.992618560791
30,89,32.2609558105469
31,89,32.5221138000488
32,89,32.7765998840332
33,89,33.1974220275879
34,89,33.6284255981445
35,89,34.051025390625
36,89,34.465446472168
37,89,34.8715476989746
38,89,35.2679748535156
39,89,35.6562995910645
40,89,36.0366020202637
41,89,36.407283782959
42,89,36.7693557739258
43,89,37.1228713989258
44,89,37.2436485290527
45,89,37.2302703857422
46,89,37.2157096862793
47,89,37.1990661621094
48,89,37.1806373596191
49,89,37.1603012084961
50,89,37.1370620727539
51,89,37.1107940673828
52,89,37.0818061828613
53,89,37.0495071411133
54,89,37.0129508972168
55,89,36.972354888916
56,89,36.9275703430176
57,89,36.8779220581055
58,89,36.8234405517578
59,89,36.7626686096191
60,89,36.6970062255859
61,89,36.625057220459
62,89,36.5460510253906
63,89,36.4606018066406
64,89,36.3675003051758
65,89,36.2673416137695
66,89,36.1591339111328
67,89,36.0423240661621
68,89,36.0005035400391
69,89,35.9619789123535
70,89,35.9104461669922
71,89,35.8455429077148
72,89,35.7687339782715
73,89,35.680419921875
74,89,35.5805282592773
75,89,35.4692344665527
76,89,35.3476295471191
77,89,35.2165756225586
78,89,35.0752830505371
79,89,34.9250640869141
80,89,34.766902923584
81,89,34.5996742248535
82,89,34.4254264831543
83,89,34.2434539794922
84,89,34.0545997619629
85,89,33.8602027893066
86,89,33.6589851379395
87,89,33.452693939209
88,89,33.2411575317383
89,89,33.0249252319336
90,89,32.8041496276856
91,89,32.5801658630371
92,89,32.3520317077637
93,89,32.2234001159668
94,89,32.1538925170898
95,89,32.0852165222168
96,89,32.0165748596191
97,89,31.9490699768066
98,89,31.8840560913086
99,89,31.8198127746582
100,89,31.7590427398682
101,89,31.7013874053955
102,89,31.6465396881104
103,89,31.5957851409912
104,89,31.5485572814941
105,89,31.5064945220947
106,89,31.468677520752
107,89,31.4360466003418
108,89,31.4085941314697
109,89,31.3865699768066
110,89,31.3696556091309
111,89,31.3585090637207
112,89,31.3531188964844
113,89,31.3534507751465
114,89,31.3597946166992
115,89,31.3719024658203
116,89,31.3898010253906
117,89,31.4128189086914
118,89,31.4420185089111
119,89,31.4759654998779
120,89,31.5157012939453
121,89,31.5604400634766
122,89,31.7329139709473
123,89,31.9437084197998
124,89,32.1507339477539
125,89,32.3535652160645
126,89,32.5525512695313
127,89,32.7474784851074
128,89,32.937858581543
129,89,33.1241760253906
130,89,33.3064422607422
131,89,33.4841003417969
132,89,33.5691947937012
133,89,33.6469573974609
134,89,33.7195358276367
135,89,33.7874031066895
136,89,33.8506240844727
137,89,33.909839630127
138,89,33.9654579162598
139,89,34.0178413391113
140,89,34.0675659179688
141,89,34.1148338317871
142,89,34.1602287292481
143,89,34.2043151855469
144,89,34.2475891113281
145,89,34.2905616760254
146,89,34.3336410522461
147,89,34.1830139160156
148,89,33.921443939209
149,89,33.6601867675781
150,89,33.3994522094727
151,89,33.1396865844727
152,89,32.880558013916
153,89,32.6221542358398
154,89,32.3644561767578
155,89,32.1078186035156
156,89,31.8517837524414
157,89,31.5967693328857
158,89,31.3424110412598
159,89,31.0890502929688
160,89,30.836763381958
161,89,30.5854759216309
162,89,30.3350505828857
163,89,30.0858211517334
164,89,29.8376502990723
165,89,29.5907516479492
166,89,29.3447017669678
167,89,29.0999031066895
168,89,28.8194999694824
169,89,28.4275493621826
170,89,28.0201854705811
171,89,27.5719470977783
172,89,27.1270561218262
173,89,26.6866588592529
174,89,26.2516117095947
175,89,25.8210754394531
176,89,25.3971557617188
177,89,24.9781970977783
178,89,24.5664596557617
179,89,24.1621227264404
180,89,23.7644348144531
181,89,23.3746147155762
182,89,22.9925746917725
183,89,22.619514465332
184,89,22.2547340393066
185,89,21.8992557525635
186,89,21.5535850524902
187,89,21.2172794342041
188,89,20.8910140991211
189,89,20.5754547119141
190,89,20.393684387207
191,89,20.2688236236572
192,89,20.1439018249512
193,89,20.0187797546387
194,89,19.8935222625732
195,89,19.7682495117188
196,89,19.6427268981934
197,89,19.517183303833
198,89,19.391321182251
199,89,19.265552520752
200,89,19.1397247314453
201,89,19.0139141082764
202,89,18.8881797790527
203,89,18.7622852325439
204,89,18.6366195678711
205,89,18.5110168457031
206,89,18.3856163024902
207,89,18.2602825164795
208,89,18.1351642608643
209,89,18.0044841766357
210,89,17.8707427978516
211,89,17.7435321807861
212,89,17.623197555542
213,89,17.5093059539795
214,89,17.4019680023193
215,89,17.3013706207275
216,89,17.297737121582
217,89,17.3194789886475
218,89,17.3368663787842
219,89,17.3500118255615
220,89,17.3590087890625
221,89,17.3639469146729
222,89,17.3649158477783
223,89,17.3620262145996
224,89,17.3553810119629
225,89,17.3451194763184
226,89,17.3313522338867
227,89,17.3142242431641
228,89,17.2938442230225
229,89,17.2703304290772
230,89,17.2439079284668
231,89,17.2146892547607
232,89,17.1828136444092
233,89,17.1484146118164
234,89,17.1146659851074
235,89,17.1762523651123
236,89,17.2339096069336
237,89,17.2879829406738
238,89,17.3386669158936
239,89,17.3862228393555
240,89,17.4311103820801
241,89,17.4734630584717
242,89,17.5137462615967
243,89,17.552152633667
244,89,17.5890502929688
245,89,17.6247520446777
246,89,17.6596736907959
247,89,17.6939315795898
248,89,17.7280006408691
249,89,17.7622604370117
250,89,17.796875
251,89,17.832311630249
252,89,17.8687114715576
253,89,17.9065456390381
254,89,17.9462814331055
255,89,17.9878902435303
256,89,18.032075881958
257,89,18.0789012908936
258,89,18.1302852630615
259,89,18.2328777313232
260,89,18.3382377624512
261,89,18.4470520019531
262,89,18.5589294433594
263,89,18.6742210388184
264,89,18.7929573059082
265,89,18.9149742126465
266,89,19.0406475067139
267,89,19.1701030731201
268,89,19.3030757904053
269,89,19.4397735595703
270,89,19.5802993774414
271,89,19.7249393463135
272,89,19.8732318878174
273,89,20.0254707336426
274,89,20.1819972991943
275,89,20.3423900604248
276,89,20.5070056915283
277,89,20.6756420135498
278,89,20.8483924865723
279,89,21.0254154205322
280,89,21.2066078186035
281,89,21.3919830322266
282,89,21.5814361572266
283,89,21.7753124237061
284,89,21.9733142852783
285,89,22.1755065917969
286,89,22.3913650512695
287,89,22.6726188659668
288,89,22.9629096984863
289,89,23.2623672485352
290,89,23.570915222168
291,89,23.888744354248
292,89,24.2154846191406
293,89,24.5513687133789
294,89,24.8963890075684
295,89,25.2502727508545
296,89,25.6128616333008
297,89,25.9841117858887
298,89,26.364107131958
299,89,26.7428665161133
300,89,26.8625564575195
301,89,26.9687232971191
302,89,27.0610084533691
303,89,27.1397705078125
304,89,27.2050094604492
305,89,27.2569770812988
306,89,27.2960739135742
307,89,27.3223247528076
308,89,27.335865020752
309,89,27.337495803833
310,89,27.3271331787109
311,89,27.305103302002
312,89,27.2717628479004
313,89,27.2277584075928
314,89,27.1731071472168
315,89,27.1086921691895
316,89,27.0344047546387
317,89,26.9514350891113
318,89,26.8595561981201
319,89,26.7595539093018
320,89,26.6522693634033
321,89,26.5378952026367
322,89,26.4169082641602
323,89,26.2901916503906
324,89,26.1582450866699
325,89,26.0224571228027
326,89,25.8854103088379
327,89,25.7459087371826
328,89,25.6040191650391
329,89,25.4599151611328
330,89,25.3146171569824
331,89,25.168083190918
332,89,25.0210113525391
333,89,24.8736438751221
334,89,24.726505279541
335,89,24.5799808502197
336,89,24.4346027374268
337,89,24.2905044555664
338,89,24.1487464904785
339,89,24.0090847015381
340,89,23.872444152832
341,89,23.7390804290772
342,89,23.6092891693115
343,89,23.4836330413818
344,89,23.3627738952637
345,89,23.2468452453613
346,89,23.1363220214844
347,89,23.2434062957764
348,89,23.3550529479981
349,89,23.466438293457
350,89,23.5774803161621
351,89,23.6880111694336
352,89,23.7978591918945
353,89,23.9068393707275
354,89,24.0146331787109
355,89,24.1212730407715
356,89,24.2264823913574
357,89,24.3300876617432
358,89,24.4319114685059
359,89,24.5318260192871
